Location,Vendor,MarkStyle,Region,Class,PID,Color,Color Desc,Size,Units,Retail,Cost,Markup (Retail - Cost)/Retail - Computed Cost - % with 1 decimal place
55,568,50004,West,25,100002,219,Blue,XS,25,1249.75,391.75,
54,560,50025,Mid-West,25,100037,181,Red,S,50,2499.5,783.5,
62,527,50011,Atlantic,42,100005,19,Green,S,31,1549.69,485.77,
60,556,50029,East,41,100020,43,Green,M,34,1699.66,532.78,
60,537,50041,North-West,34,100021,326,Green,M,44,2199.56,689.48,
63,540,50029,South,49,100023,445,Yellow,M,12,599.88,188.04,
67,580,50045,West,42,100004,372,Yellow,M,39,1949.61,611.13,
61,527,50011,Mid-West,15,100025,20,Purple,L,23,1149.77,360.41,
53,594,50025,Atlantic,12,100002,89,Purple,L,41,2049.59,642.47,
62,575,50042,East,29,100017,105,Purple,XL,12,599.88,188.04,
59,514,50025,North-West,6,100031,386,Blue,XS,30,1499.7,470.1,
54,593,50049,South,22,100033,191,Red,S,44,2199.56,689.48,
63,585,50023,West,13,100036,316,Green,S,45,2249.55,705.15,
65,538,50012,Mid-West,10,100044,495,Green,M,17,849.83,266.39,
64,547,50002,Atlantic,46,100044,135,Green,M,13,649.87,203.71,
56,563,50050,East,36,100041,408,Yellow,M,12,599.88,188.04,
51,511,50033,North-West,27,100029,383,Yellow,M,13,649.87,203.71,
57,593,50033,South,42,100008,292,Purple,L,27,1349.73,423.09,
56,587,50049,West,4,100041,237,Purple,L,43,2149.57,673.81,
62,511,50021,Mid-West,31,100005,240,Purple,XL,22,1099.78,344.74,
67,547,50014,Atlantic,3,100028,179,Blue,XS,36,1799.64,564.12,
62,564,50047,East,39,100046,186,Blue,XS,27,1349.73,423.09,
60,500,50017,North-West,8,100027,388,Red,S,37,1849.63,579.79,
65,583,50019,South,29,100026,162,Green,S,28,1399.72,438.76,
50,509,50029,West,12,100046,22,Green,M,31,1549.69,485.77,
60,565,50038,Mid-West,36,100027,42,Green,M,29,1449.71,454.43,
69,500,50049,Atlantic,20,100037,322,Yellow,M,33,1649.67,517.11,
70,547,50024,East,4,100020,492,Yellow,M,39,1949.61,611.13,
55,571,50030,North-West,35,100027,359,Purple,L,20,999.8,313.4,
58,587,50012,South,1,100038,478,Purple,L,40,1999.6,626.8,
69,544,50022,West,32,100034,359,Purple,XL,13,649.87,203.71,
55,511,50030,Mid-West,36,100018,120,Blue,XS,40,1999.6,626.8,
56,592,50002,Atlantic,42,100016,360,Red,S,25,1249.75,391.75,
65,564,50022,East,1,100021,386,Green,S,40,1999.6,626.8,
68,555,50049,North-West,8,100019,128,Green,M,43,2149.57,673.81,
63,598,50018,South,14,100007,430,Green,M,25,1249.75,391.75,
55,585,50025,West,10,100000,190,Yellow,M,17,849.83,266.39,
68,548,50050,Mid-West,39,100024,309,Yellow,M,31,1549.69,485.77,
60,519,50045,Atlantic,2,100018,67,Purple,L,10,499.9,156.7,
68,521,50044,East,22,100028,126,Purple,L,49,2449.51,767.83,
62,579,50038,North-West,30,100049,81,Purple,XL,33,1649.67,517.11,
55,561,50026,South,21,100049,170,Blue,XS,11,549.89,172.37,
57,540,50025,West,28,100029,76,Blue,XS,17,849.83,266.39,
69,554,50046,Mid-West,3,100017,41,Red,S,26,1299.74,407.42,
70,566,50002,Atlantic,38,100027,492,Green,S,16,799.84,250.72,
66,596,50037,East,6,100039,19,Green,M,50,2499.5,783.5,
67,540,50004,North-West,39,100005,470,Green,M,30,1499.7,470.1,
65,582,50005,South,7,100026,144,Yellow,M,49,2449.51,767.83,
67,548,50043,West,7,100044,416,Yellow,M,47,2349.53,736.49,
54,550,50024,Mid-West,12,100021,397,Purple,L,20,999.8,313.4,
63,552,50050,Atlantic,7,100004,440,Purple,L,49,2449.51,767.83,
50,507,50041,East,7,100038,273,Purple,XL,50,2499.5,783.5,
63,559,50026,North-West,16,100015,243,Blue,XS,49,2449.51,767.83,
50,529,50001,South,44,100026,217,Red,S,43,2149.57,673.81,
53,598,50035,West,8,100001,342,Green,S,46,2299.54,720.82,
51,578,50016,Mid-West,39,100031,313,Green,M,24,1199.76,376.08,
69,562,50045,Atlantic,3,100014,478,Green,M,29,1449.71,454.43,
56,527,50039,East,9,100020,37,Yellow,M,49,2449.51,767.83,
50,541,50023,North-West,29,100008,457,Yellow,M,15,749.85,235.05,
57,500,50027,South,46,100039,437,Purple,L,26,1299.74,407.42,
54,582,50040,West,48,100040,133,Purple,L,21,1049.79,329.07,
70,521,50027,Mid-West,33,100005,320,Purple,XL,37,1849.63,579.79,
51,561,50046,Atlantic,22,100003,406,Blue,XS,46,2299.54,720.82,
67,520,50007,East,8,100038,240,Blue,XS,27,1349.73,423.09,
65,524,50050,North-West,13,100029,218,Red,S,47,2349.53,736.49,
60,593,50002,South,23,100041,219,Green,S,40,1999.6,626.8,
59,600,50039,West,47,100024,45,Green,M,15,749.85,235.05,
63,579,50036,Mid-West,14,100038,148,Green,M,22,1099.78,344.74,
52,592,50014,Atlantic,25,100020,104,Yellow,M,38,1899.62,595.46,
51,589,50022,East,27,100017,444,Yellow,M,49,2449.51,767.83,
64,506,50037,North-West,23,100015,152,Purple,L,41,2049.59,642.47,
57,592,50007,South,21,100036,12,Purple,L,44,2199.56,689.48,
70,524,50007,West,10,100022,297,Purple,XL,22,1099.78,344.74,
70,552,50012,Mid-West,31,100047,365,Blue,XS,33,1649.67,517.11,
55,500,50003,Atlantic,37,100011,31,Red,S,40,1999.6,626.8,
62,572,50042,East,29,100038,279,Green,S,42,2099.58,658.14,
57,557,50015,North-West,39,100016,154,Green,M,26,1299.74,407.42,
53,572,50001,South,44,100022,181,Green,M,30,1499.7,470.1,
56,597,50006,West,9,100007,287,Yellow,M,16,799.84,250.72,
63,509,50033,Mid-West,33,100006,165,Yellow,M,30,1499.7,470.1,
67,596,50036,Atlantic,16,100038,174,Purple,L,36,1799.64,564.12,
56,544,50031,East,8,100007,269,Purple,L,43,2149.57,673.81,
59,551,50006,North-West,10,100013,45,Purple,XL,23,1149.77,360.41,
53,578,50039,South,5,100025,27,Blue,XS,44,2199.56,689.48,
67,597,50018,West,10,100022,349,Blue,XS,17,849.83,266.39,
53,513,50009,Mid-West,50,100040,281,Red,S,48,2399.52,752.16,
64,569,50021,Atlantic,11,100030,64,Green,S,30,1499.7,470.1,
62,537,50033,East,41,100045,96,Green,M,35,1749.65,548.45,
70,554,50005,North-West,29,100045,455,Green,M,24,1199.76,376.08,
55,510,50033,South,29,100015,2,Yellow,M,20,999.8,313.4,
50,519,50034,West,25,100030,195,Yellow,M,47,2349.53,736.49,
51,531,50009,Mid-West,33,100027,338,Purple,L,38,1899.62,595.46,
56,582,50032,Atlantic,25,100021,104,Purple,L,25,1249.75,391.75,
64,504,50009,East,27,100006,67,Purple,XL,10,499.9,156.7,
52,559,50047,North-West,18,100038,45,Blue,XS,17,849.83,266.39,
54,600,50043,South,26,100003,373,Red,S,13,649.87,203.71,
68,519,50046,West,37,100032,73,Green,S,28,1399.72,438.76,
64,544,50008,Mid-West,30,100038,329,Green,M,19,949.81,297.73,
54,582,50040,Atlantic,44,100003,275,Green,M,18,899.82,282.06,
66,520,50015,East,33,100010,208,Yellow,M,48,2399.52,752.16,
56,570,50039,North-West,37,100017,267,Yellow,M,20,999.8,313.4,
70,545,50009,South,35,100035,401,Purple,L,33,1649.67,517.11,
55,546,50045,West,37,100008,5,Purple,L,46,2299.54,720.82,
64,586,50039,Mid-West,18,100001,71,Purple,XL,49,2449.51,767.83,
51,521,50011,Atlantic,21,100046,107,Blue,XS,12,599.88,188.04,
66,572,50050,East,28,100016,45,Blue,XS,12,599.88,188.04,
64,531,50025,North-West,46,100002,494,Red,S,41,2049.59,642.47,
55,572,50022,South,16,100018,451,Green,S,32,1599.68,501.44,
67,593,50032,West,34,100011,438,Green,M,45,2249.55,705.15,
68,563,50011,Mid-West,11,100039,373,Green,M,39,1949.61,611.13,
54,572,50035,Atlantic,49,100005,221,Yellow,M,48,2399.52,752.16,
70,589,50047,East,50,100044,279,Yellow,M,44,2199.56,689.48,
65,565,50047,North-West,16,100047,23,Purple,L,27,1349.73,423.09,
56,590,50014,South,45,100039,463,Purple,L,42,2099.58,658.14,
58,509,50004,West,33,100031,497,Purple,XL,40,1999.6,626.8,
52,550,50043,Mid-West,29,100036,32,Blue,XS,12,599.88,188.04,
65,546,50006,Atlantic,31,100046,246,Red,S,47,2349.53,736.49,
66,578,50027,East,42,100047,2,Green,S,21,1049.79,329.07,
59,574,50014,North-West,6,100045,113,Green,M,17,849.83,266.39,
59,528,50006,South,11,100037,447,Green,M,16,799.84,250.72,
70,584,50009,West,36,100008,495,Yellow,M,49,2449.51,767.83,
63,522,50038,Mid-West,27,100047,63,Yellow,M,15,749.85,235.05,
62,578,50026,Atlantic,28,100024,96,Purple,L,17,849.83,266.39,
66,507,50018,East,42,100011,328,Purple,L,10,499.9,156.7,
59,531,50048,North-West,10,100007,437,Purple,XL,48,2399.52,752.16,
56,573,50016,South,2,100028,304,Blue,XS,49,2449.51,767.83,
63,593,50035,West,12,100000,5,Blue,XS,43,2149.57,673.81,
59,528,50039,Mid-West,41,100033,205,Red,S,42,2099.58,658.14,
62,566,50040,Atlantic,3,100047,291,Green,S,31,1549.69,485.77,
68,592,50044,East,5,100006,478,Green,M,41,2049.59,642.47,
58,582,50041,North-West,45,100031,167,Green,M,18,899.82,282.06,
70,520,50010,South,41,100017,103,Yellow,M,24,1199.76,376.08,
60,525,50027,West,2,100034,221,Yellow,M,44,2199.56,689.48,
61,599,50011,Mid-West,36,100005,119,Purple,L,10,499.9,156.7,
62,577,50004,Atlantic,42,100043,162,Purple,L,21,1049.79,329.07,
61,519,50033,East,17,100043,243,Purple,XL,18,899.82,282.06,
54,589,50033,North-West,24,100016,371,Blue,XS,13,649.87,203.71,
50,528,50010,South,29,100046,431,Red,S,22,1099.78,344.74,
64,505,50044,West,10,100045,41,Green,S,32,1599.68,501.44,
64,540,50013,Mid-West,36,100036,94,Green,M,33,1649.67,517.11,
68,574,50021,Atlantic,22,100005,285,Green,M,44,2199.56,689.48,
58,517,50036,East,46,100018,434,Yellow,M,40,1999.6,626.8,
57,524,50021,North-West,26,100021,405,Yellow,M,33,1649.67,517.11,
58,513,50041,South,44,100015,456,Purple,L,29,1449.71,454.43,
53,569,50029,West,16,100001,71,Purple,L,26,1299.74,407.42,
66,515,50016,Mid-West,20,100004,406,Purple,XL,15,749.85,235.05,
60,588,50020,Atlantic,45,100011,321,Blue,XS,11,549.89,172.37,
69,592,50029,East,4,100028,270,Blue,XS,50,2499.5,783.5,
62,592,50043,North-West,44,100044,32,Red,S,33,1649.67,517.11,
63,503,50045,South,40,100044,78,Green,S,44,2199.56,689.48,
60,505,50010,West,40,100045,350,Green,M,40,1999.6,626.8,
51,551,50008,Mid-West,35,100045,464,Green,M,10,499.9,156.7,
58,519,50014,Atlantic,34,100012,96,Yellow,M,50,2499.5,783.5,
56,536,50013,East,8,100013,220,Yellow,M,31,1549.69,485.77,
50,570,50023,North-West,37,100033,157,Purple,L,35,1749.65,548.45,
62,580,50044,South,39,100023,7,Purple,L,45,2249.55,705.15,
57,560,50029,West,39,100043,259,Purple,XL,25,1249.75,391.75,
59,545,50027,Mid-West,18,100020,112,Blue,XS,35,1749.65,548.45,
60,522,50044,Atlantic,2,100002,198,Red,S,24,1199.76,376.08,
60,560,50006,East,19,100006,475,Green,S,35,1749.65,548.45,
63,526,50004,North-West,31,100016,186,Green,M,38,1899.62,595.46,
62,559,50031,South,13,100011,262,Green,M,47,2349.53,736.49,
62,571,50048,West,12,100025,210,Yellow,M,10,499.9,156.7,
59,577,50040,Mid-West,45,100028,60,Yellow,M,36,1799.64,564.12,
65,549,50045,Atlantic,50,100010,313,Purple,L,42,2099.58,658.14,
50,562,50043,East,19,100024,480,Purple,L,34,1699.66,532.78,
66,579,50025,North-West,47,100018,226,Purple,XL,10,499.9,156.7,
63,536,50009,South,33,100044,60,Blue,XS,25,1249.75,391.75,
65,585,50024,West,1,100023,463,Blue,XS,29,1449.71,454.43,
63,571,50029,Mid-West,38,100027,70,Red,S,15,749.85,235.05,
57,534,50028,Atlantic,48,100033,102,Green,S,42,2099.58,658.14,
61,589,50011,East,10,100042,319,Green,M,34,1699.66,532.78,
56,592,50008,North-West,47,100024,187,Green,M,42,2099.58,658.14,
57,513,50000,South,38,100042,412,Yellow,M,24,1199.76,376.08,
52,538,50021,West,45,100042,127,Yellow,M,46,2299.54,720.82,
55,536,50033,Mid-West,28,100018,273,Purple,L,28,1399.72,438.76,
54,507,50017,Atlantic,41,100036,429,Purple,L,33,1649.67,517.11,
60,571,50005,East,20,100005,237,Purple,XL,25,1249.75,391.75,
57,525,50044,North-West,8,100017,352,Blue,XS,35,1749.65,548.45,
54,537,50027,South,42,100035,101,Red,S,29,1449.71,454.43,
68,548,50045,West,49,100049,325,Green,S,22,1099.78,344.74,
52,550,50021,Mid-West,29,100043,215,Green,M,12,599.88,188.04,
67,538,50028,Atlantic,21,100005,233,Green,M,44,2199.56,689.48,
50,547,50009,East,49,100049,303,Yellow,M,34,1699.66,532.78,
64,592,50011,North-West,17,100030,312,Yellow,M,37,1849.63,579.79,
69,511,50028,South,42,100017,343,Purple,L,47,2349.53,736.49,
52,597,50021,West,44,100021,112,Purple,L,35,1749.65,548.45,
62,510,50049,Mid-West,46,100012,208,Purple,XL,15,749.85,235.05,
57,502,50032,Atlantic,43,100026,437,Blue,XS,32,1599.68,501.44,
69,507,50019,East,46,100025,370,Blue,XS,12,599.88,188.04,
62,531,50021,North-West,38,100002,15,Red,S,36,1799.64,564.12,
70,561,50022,South,34,100015,100,Green,S,11,549.89,172.37,
55,561,50040,West,26,100035,132,Green,M,44,2199.56,689.48,
53,514,50047,Mid-West,16,100042,469,Green,M,32,1599.68,501.44,
64,520,50032,Atlantic,37,100016,252,Yellow,M,40,1999.6,626.8,
60,504,50022,East,27,100002,38,Yellow,M,16,799.84,250.72,
57,514,50042,North-West,34,100048,445,Purple,L,31,1549.69,485.77,
62,585,50001,South,39,100000,11,Purple,L,16,799.84,250.72,
65,564,50034,West,32,100012,337,Purple,XL,50,2499.5,783.5,
64,551,50033,Mid-West,31,100034,351,Blue,XS,20,999.8,313.4,
51,505,50009,Atlantic,10,100017,143,Red,S,44,2199.56,689.48,
54,527,50018,East,38,100003,426,Green,S,37,1849.63,579.79,
65,553,50045,North-West,42,100030,261,Green,M,33,1649.67,517.11,
56,519,50038,South,40,100026,130,Green,M,49,2449.51,767.83,
59,560,50009,West,13,100043,17,Yellow,M,34,1699.66,532.78,
61,506,50038,Mid-West,25,100050,15,Yellow,M,25,1249.75,391.75,
50,518,50033,Atlantic,42,100040,131,Purple,L,40,1999.6,626.8,
61,562,50016,East,22,100027,453,Purple,L,34,1699.66,532.78,
50,507,50049,North-West,13,100045,396,Purple,XL,39,1949.61,611.13,
58,556,50029,South,1,100034,97,Blue,XS,30,1499.7,470.1,
62,513,50001,West,6,100024,30,Blue,XS,26,1299.74,407.42,
52,508,50045,Mid-West,9,100049,481,Red,S,10,499.9,156.7,
51,558,50026,Atlantic,13,100038,53,Green,S,49,2449.51,767.83,
58,550,50048,East,31,100010,32,Green,M,15,749.85,235.05,
60,586,50044,North-West,5,100014,268,Green,M,18,899.82,282.06,
62,538,50026,South,27,100010,210,Yellow,M,13,649.87,203.71,
56,549,50025,West,11,100048,399,Yellow,M,24,1199.76,376.08,
66,566,50042,Mid-West,31,100011,344,Purple,L,44,2199.56,689.48,
69,516,50005,Atlantic,15,100050,73,Purple,L,23,1149.77,360.41,
64,584,50049,East,46,100002,88,Purple,XL,26,1299.74,407.42,
57,553,50030,North-West,19,100049,149,Blue,XS,35,1749.65,548.45,
63,552,50042,South,12,100043,169,Red,S,10,499.9,156.7,
65,555,50011,West,36,100021,402,Green,S,21,1049.79,329.07,
63,551,50046,Mid-West,8,100026,395,Green,M,32,1599.68,501.44,
70,552,50003,Atlantic,45,100041,398,Green,M,21,1049.79,329.07,
61,569,50005,East,46,100047,475,Yellow,M,29,1449.71,454.43,
57,546,50045,North-West,32,100000,2,Yellow,M,20,999.8,313.4,
61,516,50045,South,15,100028,296,Purple,L,45,2249.55,705.15,
52,563,50030,West,49,100026,269,Purple,L,19,949.81,297.73,
60,576,50016,Mid-West,1,100003,372,Purple,XL,12,599.88,188.04,
53,541,50047,Atlantic,10,100001,320,Blue,XS,25,1249.75,391.75,
63,589,50031,East,3,100029,498,Blue,XS,12,599.88,188.04,
66,558,50021,North-West,13,100009,116,Red,S,28,1399.72,438.76,
67,560,50010,South,28,100015,285,Green,S,46,2299.54,720.82,
60,511,50017,West,26,100013,371,Green,M,13,649.87,203.71,
50,535,50044,Mid-West,10,100008,71,Green,M,11,549.89,172.37,
68,558,50036,Atlantic,30,100011,326,Yellow,M,34,1699.66,532.78,
50,507,50017,East,16,100048,488,Yellow,M,41,2049.59,642.47,
64,591,50050,North-West,18,100044,229,Purple,L,39,1949.61,611.13,
68,557,50031,South,8,100044,61,Purple,L,33,1649.67,517.11,
65,528,50002,West,48,100039,110,Purple,XL,26,1299.74,407.42,
63,581,50039,Mid-West,45,100026,114,Blue,XS,47,2349.53,736.49,
63,584,50000,Atlantic,30,100035,13,Red,S,13,649.87,203.71,
61,595,50029,East,29,100047,478,Green,S,34,1699.66,532.78,
50,596,50043,North-West,21,100046,54,Green,M,11,549.89,172.37,
58,510,50014,South,2,100022,7,Green,M,16,799.84,250.72,
58,598,50026,West,31,100018,125,Yellow,M,34,1699.66,532.78,
52,562,50039,Mid-West,19,100003,344,Yellow,M,27,1349.73,423.09,
67,593,50018,Atlantic,42,100036,45,Purple,L,44,2199.56,689.48,
63,577,50048,East,11,100018,40,Purple,L,26,1299.74,407.42,
63,546,50046,North-West,31,100040,451,Purple,XL,33,1649.67,517.11,
62,509,50003,South,29,100025,101,Blue,XS,21,1049.79,329.07,
59,565,50031,West,34,100040,324,Blue,XS,45,2249.55,705.15,
61,560,50007,Mid-West,49,100047,348,Red,S,43,2149.57,673.81,
61,565,50022,Atlantic,4,100047,61,Green,S,39,1949.61,611.13,
55,557,50021,East,50,100040,214,Green,M,33,1649.67,517.11,
70,554,50006,North-West,48,100020,252,Green,M,13,649.87,203.71,
64,518,50023,South,40,100008,24,Yellow,M,48,2399.52,752.16,
52,590,50030,West,44,100027,186,Yellow,M,20,999.8,313.4,
56,522,50041,Mid-West,37,100050,407,Purple,L,19,949.81,297.73,
68,523,50031,Atlantic,49,100028,46,Purple,L,45,2249.55,705.15,
63,561,50001,East,27,100023,123,Purple,XL,35,1749.65,548.45,
60,573,50024,North-West,37,100009,384,Blue,XS,34,1699.66,532.78,
64,568,50044,South,2,100005,234,Red,S,22,1099.78,344.74,
66,548,50033,West,41,100050,312,Green,S,15,749.85,235.05,
58,529,50003,Mid-West,10,100031,260,Green,M,13,649.87,203.71,
66,517,50020,Atlantic,46,100024,271,Green,M,36,1799.64,564.12,
58,593,50021,East,8,100048,493,Yellow,M,10,499.9,156.7,
61,512,50034,North-West,41,100018,408,Yellow,M,44,2199.56,689.48,
55,513,50034,South,34,100025,436,Purple,L,35,1749.65,548.45,
61,545,50024,West,44,100033,345,Purple,L,47,2349.53,736.49,
65,514,50044,Mid-West,34,100042,340,Purple,XL,16,799.84,250.72,
70,576,50017,Atlantic,46,100012,231,Blue,XS,28,1399.72,438.76,
64,535,50008,East,31,100022,143,Blue,XS,31,1549.69,485.77,
60,581,50004,North-West,30,100010,230,Red,S,44,2199.56,689.48,
62,597,50022,South,39,100007,244,Green,S,36,1799.64,564.12,
65,544,50024,West,37,100031,373,Green,M,26,1299.74,407.42,
66,579,50042,Mid-West,1,100016,208,Green,M,18,899.82,282.06,
64,519,50046,Atlantic,45,100038,183,Yellow,M,35,1749.65,548.45,
57,504,50004,East,17,100003,99,Yellow,M,48,2399.52,752.16,
53,520,50016,North-West,31,100019,110,Purple,L,41,2049.59,642.47,
52,593,50019,South,24,100040,210,Purple,L,29,1449.71,454.43,
61,557,50045,West,19,100017,182,Purple,XL,45,2249.55,705.15,
58,563,50050,Mid-West,37,100027,38,Blue,XS,17,849.83,266.39,
52,520,50039,Atlantic,40,100003,333,Red,S,45,2249.55,705.15,
51,566,50020,East,20,100045,202,Green,S,39,1949.61,611.13,
67,520,50040,North-West,1,100021,38,Green,M,32,1599.68,501.44,
55,594,50005,South,44,100007,382,Green,M,29,1449.71,454.43,
53,502,50034,West,16,100013,385,Yellow,M,45,2249.55,705.15,
54,571,50024,Mid-West,48,100014,29,Yellow,M,21,1049.79,329.07,
62,519,50026,Atlantic,49,100038,230,Purple,L,10,499.9,156.7,
67,517,50003,East,18,100014,137,Purple,L,37,1849.63,579.79,
58,591,50031,North-West,44,100041,281,Purple,XL,29,1449.71,454.43,
69,589,50001,South,32,100003,231,Blue,XS,32,1599.68,501.44,
57,554,50014,West,20,100012,461,Blue,XS,37,1849.63,579.79,
59,520,50008,Mid-West,36,100001,154,Red,S,46,2299.54,720.82,
51,545,50048,Atlantic,50,100005,473,Green,S,14,699.86,219.38,
61,537,50009,East,39,100047,109,Green,M,21,1049.79,329.07,
50,585,50014,North-West,5,100015,71,Green,M,41,2049.59,642.47,
56,563,50042,South,1,100019,154,Yellow,M,21,1049.79,329.07,
61,582,50027,West,37,100037,359,Yellow,M,46,2299.54,720.82,
68,545,50017,Mid-West,11,100004,265,Purple,L,50,2499.5,783.5,
54,507,50005,Atlantic,14,100022,409,Purple,L,36,1799.64,564.12,
57,575,50019,East,50,100039,33,Purple,XL,21,1049.79,329.07,
70,511,50016,North-West,4,100029,76,Blue,XS,35,1749.65,548.45,
62,509,50040,South,13,100017,148,Red,S,16,799.84,250.72,
66,510,50008,West,24,100011,133,Green,S,35,1749.65,548.45,
56,579,50013,Mid-West,41,100040,173,Green,M,40,1999.6,626.8,
56,556,50034,Atlantic,42,100040,53,Green,M,19,949.81,297.73,
62,576,50008,East,31,100019,475,Yellow,M,36,1799.64,564.12,
62,564,50025,North-West,16,100015,204,Yellow,M,32,1599.68,501.44,
56,591,50044,South,37,100023,465,Purple,L,32,1599.68,501.44,
67,593,50000,West,5,100045,289,Purple,L,38,1899.62,595.46,
67,554,50038,Mid-West,46,100038,159,Purple,XL,31,1549.69,485.77,
70,594,50021,Atlantic,3,100038,283,Blue,XS,41,2049.59,642.47,
62,514,50019,East,14,100026,105,Blue,XS,41,2049.59,642.47,
67,524,50042,North-West,40,100022,433,Red,S,33,1649.67,517.11,
66,599,50020,South,28,100034,279,Green,S,26,1299.74,407.42,
70,585,50047,West,20,100002,426,Green,M,14,699.86,219.38,
54,500,50026,Mid-West,18,100036,78,Green,M,50,2499.5,783.5,
59,562,50024,Atlantic,2,100033,364,Yellow,M,45,2249.55,705.15,
53,590,50035,East,22,100031,248,Yellow,M,41,2049.59,642.47,
51,552,50045,North-West,47,100024,80,Purple,L,14,699.86,219.38,
55,560,50044,South,10,100040,398,Purple,L,26,1299.74,407.42,
50,568,50048,West,9,100011,474,Purple,XL,27,1349.73,423.09,
68,510,50032,Mid-West,44,100005,476,Blue,XS,13,649.87,203.71,
50,592,50037,Atlantic,33,100042,434,Red,S,11,549.89,172.37,
59,555,50003,East,22,100033,319,Green,S,39,1949.61,611.13,
61,592,50049,North-West,47,100040,474,Green,M,20,999.8,313.4,
67,591,50044,South,29,100028,398,Green,M,23,1149.77,360.41,
55,503,50034,West,5,100000,297,Yellow,M,12,599.88,188.04,
51,588,50002,Mid-West,46,100037,63,Yellow,M,13,649.87,203.71,
56,552,50028,Atlantic,45,100029,296,Purple,L,41,2049.59,642.47,
69,588,50025,East,17,100005,433,Purple,L,42,2099.58,658.14,
68,592,50028,North-West,50,100026,281,Purple,XL,41,2049.59,642.47,
70,526,50039,South,36,100019,485,Blue,XS,21,1049.79,329.07,
53,533,50017,West,5,100029,50,Blue,XS,28,1399.72,438.76,
59,577,50014,Mid-West,8,100035,449,Red,S,17,849.83,266.39,
70,539,50001,Atlantic,6,100041,333,Green,S,33,1649.67,517.11,
50,552,50000,East,23,100010,226,Green,M,15,749.85,235.05,
53,517,50006,North-West,6,100029,213,Green,M,24,1199.76,376.08,
51,560,50023,South,47,100027,344,Yellow,M,22,1099.78,344.74,
54,568,50012,West,14,100019,114,Yellow,M,28,1399.72,438.76,
63,582,50042,Mid-West,27,100013,483,Purple,L,20,999.8,313.4,
58,582,50035,Atlantic,5,100012,149,Purple,L,29,1449.71,454.43,
63,527,50001,East,45,100016,193,Purple,XL,36,1799.64,564.12,
58,568,50028,North-West,32,100010,420,Blue,XS,46,2299.54,720.82,
54,575,50000,South,9,100019,158,Red,S,41,2049.59,642.47,
54,549,50021,West,44,100039,193,Green,S,44,2199.56,689.48,
70,567,50032,Mid-West,39,100025,359,Green,M,36,1799.64,564.12,
55,598,50028,Atlantic,10,100036,499,Green,M,30,1499.7,470.1,
62,564,50042,East,47,100035,430,Yellow,M,44,2199.56,689.48,
57,517,50033,North-West,11,100009,468,Yellow,M,45,2249.55,705.15,
54,562,50036,South,49,100020,22,Purple,L,10,499.9,156.7,
52,582,50011,West,49,100015,318,Purple,L,26,1299.74,407.42,
64,578,50036,Mid-West,4,100015,446,Purple,XL,50,2499.5,783.5,
52,596,50003,Atlantic,32,100011,14,Blue,XS,31,1549.69,485.77,
64,500,50049,East,19,100047,354,Blue,XS,41,2049.59,642.47,
70,561,50050,North-West,40,100040,415,Red,S,41,2049.59,642.47,
66,527,50046,South,14,100034,44,Green,S,31,1549.69,485.77,
60,583,50019,West,37,100030,341,Green,M,14,699.86,219.38,
51,521,50018,Mid-West,26,100044,82,Green,M,10,499.9,156.7,
63,572,50006,Atlantic,27,100047,91,Yellow,M,33,1649.67,517.11,
70,591,50041,East,12,100027,59,Yellow,M,46,2299.54,720.82,
69,520,50004,North-West,33,100017,435,Purple,L,23,1149.77,360.41,
52,569,50029,South,44,100005,262,Purple,L,19,949.81,297.73,
64,556,50010,West,1,100020,292,Purple,XL,39,1949.61,611.13,
59,559,50041,Mid-West,14,100003,356,Blue,XS,43,2149.57,673.81,
56,569,50036,Atlantic,2,100042,111,Red,S,46,2299.54,720.82,
70,516,50025,East,48,100000,366,Green,S,40,1999.6,626.8,
53,571,50002,North-West,42,100028,78,Green,M,24,1199.76,376.08,
57,560,50012,South,46,100001,122,Green,M,40,1999.6,626.8,
62,547,50045,West,34,100008,185,Yellow,M,37,1849.63,579.79,
69,548,50017,Mid-West,21,100014,29,Yellow,M,19,949.81,297.73,
55,543,50044,Atlantic,41,100042,235,Purple,L,30,1499.7,470.1,
51,522,50033,East,35,100040,271,Purple,L,10,499.9,156.7,
70,542,50023,North-West,26,100006,217,Purple,XL,12,599.88,188.04,
58,509,50021,South,48,100043,321,Blue,XS,45,2249.55,705.15,
53,538,50027,West,39,100035,472,Blue,XS,36,1799.64,564.12,
68,583,50038,Mid-West,13,100018,196,Red,S,41,2049.59,642.47,
63,529,50030,Atlantic,2,100018,336,Green,S,20,999.8,313.4,
57,579,50003,East,37,100034,228,Green,M,30,1499.7,470.1,
59,535,50015,North-West,31,100015,100,Green,M,14,699.86,219.38,
59,554,50001,South,5,100007,310,Yellow,M,16,799.84,250.72,
50,543,50001,West,23,100004,369,Yellow,M,10,499.9,156.7,
51,600,50021,Mid-West,46,100000,201,Purple,L,42,2099.58,658.14,
57,515,50008,Atlantic,49,100043,83,Purple,L,49,2449.51,767.83,
65,508,50027,East,22,100036,181,Purple,XL,31,1549.69,485.77,
60,525,50033,North-West,41,100000,54,Blue,XS,29,1449.71,454.43,
54,532,50035,South,39,100044,441,Red,S,44,2199.56,689.48,
68,525,50017,West,40,100012,28,Green,S,16,799.84,250.72,
66,566,50021,Mid-West,42,100027,355,Green,M,40,1999.6,626.8,
65,592,50037,Atlantic,24,100013,309,Green,M,33,1649.67,517.11,
63,518,50050,East,8,100049,327,Yellow,M,34,1699.66,532.78,
61,526,50040,North-West,43,100000,155,Yellow,M,10,499.9,156.7,
55,576,50042,South,27,100050,103,Purple,L,44,2199.56,689.48,
51,557,50010,West,4,100011,159,Purple,L,38,1899.62,595.46,
62,560,50041,Mid-West,11,100019,493,Purple,XL,43,2149.57,673.81,
55,515,50019,Atlantic,13,100022,38,Blue,XS,26,1299.74,407.42,
67,525,50046,East,9,100029,148,Blue,XS,17,849.83,266.39,
54,556,50014,North-West,33,100009,30,Red,S,29,1449.71,454.43,
65,566,50010,South,47,100031,167,Green,S,32,1599.68,501.44,
66,503,50026,West,27,100014,289,Green,M,47,2349.53,736.49,
69,517,50010,Mid-West,43,100038,264,Green,M,33,1649.67,517.11,
65,517,50020,Atlantic,1,100041,177,Yellow,M,39,1949.61,611.13,
50,579,50013,East,18,100012,101,Yellow,M,16,799.84,250.72,
70,576,50006,North-West,35,100006,489,Purple,L,42,2099.58,658.14,
56,557,50033,South,13,100034,383,Purple,L,41,2049.59,642.47,
60,544,50042,West,32,100003,161,Purple,XL,25,1249.75,391.75,
65,561,50042,Mid-West,29,100022,320,Blue,XS,31,1549.69,485.77,
59,553,50032,Atlantic,29,100027,117,Red,S,18,899.82,282.06,
62,531,50000,East,37,100022,274,Green,S,36,1799.64,564.12,
66,580,50002,North-West,49,100023,26,Green,M,29,1449.71,454.43,
52,551,50029,South,30,100012,453,Green,M,30,1499.7,470.1,
55,591,50026,West,36,100016,99,Yellow,M,40,1999.6,626.8,
64,518,50014,Mid-West,39,100001,228,Yellow,M,17,849.83,266.39,
67,575,50002,Atlantic,48,100045,362,Purple,L,47,2349.53,736.49,
51,500,50016,East,30,100030,238,Purple,L,28,1399.72,438.76,
56,530,50043,North-West,3,100031,227,Purple,XL,43,2149.57,673.81,
54,584,50004,South,35,100031,104,Blue,XS,13,649.87,203.71,
60,591,50046,West,5,100011,187,Blue,XS,25,1249.75,391.75,
58,594,50045,Mid-West,34,100022,257,Red,S,28,1399.72,438.76,
70,510,50001,Atlantic,14,100023,201,Green,S,19,949.81,297.73,
70,511,50032,East,11,100004,55,Green,M,13,649.87,203.71,
63,501,50048,North-West,2,100012,371,Green,M,38,1899.62,595.46,
64,556,50044,South,16,100004,377,Yellow,M,46,2299.54,720.82,
60,539,50034,West,23,100032,492,Yellow,M,20,999.8,313.4,
55,585,50026,Mid-West,3,100002,364,Purple,L,39,1949.61,611.13,
64,568,50024,Atlantic,9,100020,90,Purple,L,29,1449.71,454.43,
54,597,50015,East,26,100045,216,Purple,XL,27,1349.73,423.09,
64,574,50019,North-West,21,100007,321,Blue,XS,20,999.8,313.4,
53,583,50000,South,18,100026,400,Red,S,35,1749.65,548.45,
54,505,50020,West,8,100036,155,Green,S,11,549.89,172.37,
70,600,50020,Mid-West,17,100029,358,Green,M,31,1549.69,485.77,
69,507,50044,Atlantic,29,100042,130,Green,M,27,1349.73,423.09,
51,541,50030,East,24,100030,242,Yellow,M,23,1149.77,360.41,
50,546,50037,North-West,12,100030,499,Yellow,M,43,2149.57,673.81,
65,546,50007,South,23,100033,498,Purple,L,45,2249.55,705.15,
68,564,50020,West,15,100019,11,Purple,L,47,2349.53,736.49,
61,521,50036,Mid-West,4,100033,357,Purple,XL,27,1349.73,423.09,
62,501,50031,Atlantic,14,100004,419,Blue,XS,42,2099.58,658.14,
69,520,50008,East,45,100046,225,Blue,XS,36,1799.64,564.12,
70,540,50036,North-West,14,100000,222,Red,S,31,1549.69,485.77,
58,600,50030,South,1,100042,320,Green,S,24,1199.76,376.08,
52,553,50029,West,47,100017,175,Green,M,30,1499.7,470.1,
62,571,50016,Mid-West,38,100050,200,Green,M,38,1899.62,595.46,
63,575,50019,Atlantic,24,100012,7,Yellow,M,36,1799.64,564.12,
53,557,50002,East,41,100013,244,Yellow,M,22,1099.78,344.74,
66,575,50032,North-West,13,100047,162,Purple,L,47,2349.53,736.49,
62,577,50038,South,16,100012,33,Purple,L,36,1799.64,564.12,
70,552,50000,West,15,100047,451,Purple,XL,20,999.8,313.4,
61,577,50016,Mid-West,13,100024,393,Blue,XS,38,1899.62,595.46,
52,553,50048,Atlantic,17,100048,150,Red,S,18,899.82,282.06,
61,579,50007,East,40,100001,390,Green,S,37,1849.63,579.79,
65,516,50028,North-West,41,100044,199,Green,M,26,1299.74,407.42,
57,528,50004,South,33,100006,166,Green,M,16,799.84,250.72,
53,574,50023,West,21,100039,236,Yellow,M,12,599.88,188.04,
67,589,50035,Mid-West,13,100004,136,Yellow,M,47,2349.53,736.49,
70,577,50015,Atlantic,24,100025,108,Purple,L,49,2449.51,767.83,
70,510,50012,East,40,100040,394,Purple,L,37,1849.63,579.79,
60,552,50025,North-West,9,100047,54,Purple,XL,35,1749.65,548.45,
70,560,50045,South,41,100024,308,Blue,XS,26,1299.74,407.42,
54,568,50031,West,13,100013,468,Blue,XS,42,2099.58,658.14,
55,534,50011,Mid-West,49,100045,402,Red,S,49,2449.51,767.83,
65,591,50029,Atlantic,24,100047,230,Green,S,27,1349.73,423.09,
70,586,50029,East,44,100035,366,Green,M,11,549.89,172.37,
63,561,50030,North-West,12,100048,211,Green,M,13,649.87,203.71,
67,561,50022,South,39,100005,318,Yellow,M,25,1249.75,391.75,
63,545,50026,West,42,100032,241,Yellow,M,38,1899.62,595.46,
54,527,50017,Mid-West,43,100016,189,Purple,L,12,599.88,188.04,
57,536,50030,Atlantic,29,100014,261,Purple,L,25,1249.75,391.75,
64,582,50048,East,2,100040,488,Purple,XL,42,2099.58,658.14,
62,517,50031,North-West,43,100011,51,Blue,XS,31,1549.69,485.77,
58,531,50024,South,21,100032,227,Red,S,35,1749.65,548.45,
59,584,50023,West,4,100022,219,Green,S,16,799.84,250.72,
60,568,50022,Mid-West,18,100004,122,Green,M,16,799.84,250.72,
61,555,50011,Atlantic,27,100003,229,Green,M,37,1849.63,579.79,
61,558,50050,East,9,100049,351,Yellow,M,48,2399.52,752.16,
63,591,50041,North-West,26,100023,69,Yellow,M,43,2149.57,673.81,
50,552,50039,South,1,100005,289,Purple,L,49,2449.51,767.83,
51,599,50013,West,46,100011,18,Purple,L,30,1499.7,470.1,
50,557,50013,Mid-West,9,100047,452,Purple,XL,26,1299.74,407.42,
70,530,50031,Atlantic,12,100000,247,Blue,XS,25,1249.75,391.75,
58,589,50024,East,50,100032,43,Blue,XS,33,1649.67,517.11,
66,514,50042,North-West,25,100005,368,Red,S,38,1899.62,595.46,
52,597,50047,South,46,100001,475,Green,S,45,2249.55,705.15,
52,549,50016,West,4,100016,249,Green,M,19,949.81,297.73,
69,547,50034,Mid-West,46,100006,116,Green,M,21,1049.79,329.07,
60,590,50031,Atlantic,40,100036,32,Yellow,M,33,1649.67,517.11,
52,519,50033,East,48,100031,465,Yellow,M,15,749.85,235.05,
53,542,50040,North-West,12,100037,367,Purple,L,50,2499.5,783.5,
66,534,50043,South,1,100017,167,Purple,L,39,1949.61,611.13,
60,564,50028,West,5,100041,79,Purple,XL,44,2199.56,689.48,
59,521,50025,Mid-West,10,100033,52,Blue,XS,23,1149.77,360.41,
69,526,50033,Atlantic,22,100050,409,Red,S,19,949.81,297.73,
53,596,50038,East,32,100036,162,Green,S,25,1249.75,391.75,
66,583,50011,North-West,44,100035,438,Green,M,37,1849.63,579.79,
58,549,50025,South,31,100041,107,Green,M,31,1549.69,485.77,
55,505,50020,West,41,100045,147,Yellow,M,23,1149.77,360.41,
53,562,50035,Mid-West,12,100011,43,Yellow,M,15,749.85,235.05,
57,584,50010,Atlantic,13,100040,485,Purple,L,36,1799.64,564.12,
70,502,50022,East,47,100038,468,Purple,L,30,1499.7,470.1,
58,528,50016,North-West,17,100018,242,Purple,XL,42,2099.58,658.14,
63,579,50005,South,14,100011,129,Blue,XS,34,1699.66,532.78,
70,541,50029,West,35,100001,488,Blue,XS,38,1899.62,595.46,
65,536,50016,Mid-West,22,100024,80,Red,S,33,1649.67,517.11,
61,588,50017,Atlantic,10,100027,201,Green,S,15,749.85,235.05,
68,542,50046,East,2,100025,108,Green,M,36,1799.64,564.12,
65,502,50044,North-West,50,100050,101,Green,M,39,1949.61,611.13,
56,512,50010,South,22,100049,350,Yellow,M,50,2499.5,783.5,
56,571,50049,West,34,100001,13,Yellow,M,31,1549.69,485.77,
69,563,50015,Mid-West,46,100025,47,Purple,L,35,1749.65,548.45,
60,588,50023,Atlantic,4,100043,478,Purple,L,16,799.84,250.72,
58,524,50049,East,33,100030,415,Purple,XL,27,1349.73,423.09,
67,510,50015,North-West,32,100031,75,Blue,XS,47,2349.53,736.49,
60,557,50021,South,50,100029,286,Red,S,41,2049.59,642.47,
54,577,50006,West,19,100002,444,Green,S,16,799.84,250.72,
61,569,50037,Mid-West,33,100029,189,Green,M,13,649.87,203.71,
57,509,50030,Atlantic,40,100012,487,Green,M,37,1849.63,579.79,
50,513,50005,East,17,100007,386,Yellow,M,21,1049.79,329.07,
58,508,50006,North-West,22,100017,491,Yellow,M,10,499.9,156.7,
50,573,50040,South,26,100044,167,Purple,L,35,1749.65,548.45,
51,564,50003,West,24,100013,43,Purple,L,26,1299.74,407.42,
52,571,50048,Mid-West,32,100005,72,Purple,XL,23,1149.77,360.41,
66,518,50047,Atlantic,34,100049,268,Blue,XS,47,2349.53,736.49,
62,546,50014,East,39,100014,211,Blue,XS,18,899.82,282.06,
55,558,50036,North-West,20,100041,260,Red,S,25,1249.75,391.75,
57,573,50001,South,29,100029,428,Green,S,16,799.84,250.72,
60,557,50018,West,16,100009,19,Green,M,18,899.82,282.06,
69,526,50050,Mid-West,14,100046,325,Green,M,31,1549.69,485.77,
50,571,50020,Atlantic,36,100046,40,Yellow,M,45,2249.55,705.15,
50,591,50023,East,25,100025,105,Yellow,M,10,499.9,156.7,
50,588,50003,North-West,30,100013,148,Purple,L,10,499.9,156.7,
54,536,50006,South,31,100025,300,Purple,L,37,1849.63,579.79,
65,555,50012,West,9,100042,339,Purple,XL,34,1699.66,532.78,
59,547,50001,Mid-West,20,100017,375,Blue,XS,49,2449.51,767.83,
63,582,50011,Atlantic,42,100002,249,Red,S,35,1749.65,548.45,
70,538,50004,East,50,100033,357,Green,S,21,1049.79,329.07,
65,518,50040,North-West,48,100040,440,Green,M,36,1799.64,564.12,
56,564,50022,South,36,100028,238,Green,M,42,2099.58,658.14,
59,528,50040,West,48,100013,230,Yellow,M,30,1499.7,470.1,
50,538,50007,Mid-West,18,100018,55,Yellow,M,39,1949.61,611.13,
68,520,50034,Atlantic,50,100043,403,Purple,L,47,2349.53,736.49,
57,561,50030,East,21,100002,456,Purple,L,44,2199.56,689.48,
55,547,50012,North-West,47,100019,113,Purple,XL,25,1249.75,391.75,
67,537,50033,South,21,100006,358,Blue,XS,12,599.88,188.04,
66,549,50016,West,23,100024,93,Blue,XS,47,2349.53,736.49,
53,596,50001,West,30,100005,114,Blue,XS,17,849.83,266.39,
70,574,50005,Mid-West,12,100038,449,Red,S,34,1699.66,532.78,
59,501,50012,Atlantic,1,100041,489,Green,S,42,2099.58,658.14,
69,584,50021,East,3,100014,289,Green,M,42,2099.58,658.14,
57,513,50040,North-West,41,100039,314,Green,M,27,1349.73,423.09,
66,527,50029,South,29,100046,65,Yellow,M,21,1049.79,329.07,
67,574,50042,West,38,100012,471,Yellow,M,48,2399.52,752.16,
55,517,50014,Mid-West,24,100050,348,Purple,L,32,1599.68,501.44,
65,510,50009,Atlantic,50,100015,38,Purple,L,18,899.82,282.06,
60,591,50028,East,43,100002,410,Purple,XL,31,1549.69,485.77,
61,541,50027,North-West,6,100024,351,Blue,XS,50,2499.5,783.5,
50,577,50044,South,20,100013,425,Red,S,46,2299.54,720.82,
56,528,50021,West,1,100027,17,Green,S,10,499.9,156.7,
69,580,50021,Mid-West,47,100034,41,Green,M,11,549.89,172.37,
66,542,50018,Atlantic,9,100041,221,Green,M,41,2049.59,642.47,
58,520,50030,East,18,100014,269,Yellow,M,38,1899.62,595.46,
52,512,50029,North-West,50,100042,120,Yellow,M,48,2399.52,752.16,
69,597,50037,South,4,100003,137,Purple,L,33,1649.67,517.11,
56,510,50050,West,26,100022,21,Purple,L,18,899.82,282.06,
59,511,50026,Mid-West,37,100009,385,Purple,XL,10,499.9,156.7,
69,522,50028,Atlantic,38,100002,499,Blue,XS,22,1099.78,344.74,
53,506,50044,East,50,100047,382,Blue,XS,24,1199.76,376.08,
51,502,50040,North-West,45,100000,93,Red,S,24,1199.76,376.08,
63,590,50039,South,2,100018,415,Green,S,44,2199.56,689.48,
62,558,50041,West,46,100026,494,Green,M,44,2199.56,689.48,
58,593,50011,Mid-West,21,100046,383,Green,M,14,699.86,219.38,
68,558,50043,Atlantic,50,100050,5,Yellow,M,20,999.8,313.4,
68,502,50044,East,28,100050,8,Yellow,M,36,1799.64,564.12,
58,592,50009,North-West,14,100048,461,Purple,L,36,1799.64,564.12,
52,558,50049,South,50,100028,20,Purple,L,24,1199.76,376.08,
58,539,50007,West,20,100049,461,Purple,XL,45,2249.55,705.15,
63,558,50038,Mid-West,26,100016,17,Blue,XS,48,2399.52,752.16,
62,560,50030,Atlantic,1,100048,64,Red,S,49,2449.51,767.83,
54,588,50032,East,34,100042,224,Green,S,42,2099.58,658.14,
68,582,50049,North-West,31,100014,385,Green,M,46,2299.54,720.82,
50,523,50049,South,12,100047,190,Green,M,28,1399.72,438.76,
63,545,50002,West,41,100014,342,Yellow,M,26,1299.74,407.42,
59,566,50025,Mid-West,14,100012,308,Yellow,M,15,749.85,235.05,
55,518,50039,Atlantic,29,100042,260,Purple,L,38,1899.62,595.46,
53,536,50005,East,26,100034,98,Purple,L,19,949.81,297.73,
54,507,50023,North-West,18,100039,224,Purple,XL,13,649.87,203.71,
55,567,50049,South,35,100008,174,Blue,XS,13,649.87,203.71,
61,532,50036,West,1,100016,256,Blue,XS,16,799.84,250.72,
59,551,50039,Mid-West,16,100009,83,Red,S,40,1999.6,626.8,
61,535,50037,Atlantic,28,100016,198,Green,S,33,1649.67,517.11,
58,541,50039,East,27,100050,166,Green,M,48,2399.52,752.16,
69,569,50012,North-West,40,100004,101,Green,M,25,1249.75,391.75,
66,523,50011,South,28,100001,425,Yellow,M,23,1149.77,360.41,
64,500,50026,West,16,100033,80,Yellow,M,17,849.83,266.39,
54,562,50042,Mid-West,44,100007,326,Purple,L,37,1849.63,579.79,
54,526,50003,Atlantic,21,100044,291,Purple,L,22,1099.78,344.74,
59,600,50005,East,28,100011,269,Purple,XL,48,2399.52,752.16,
69,570,50029,North-West,41,100046,401,Blue,XS,17,849.83,266.39,
63,573,50031,South,46,100010,181,Red,S,27,1349.73,423.09,
69,593,50024,West,15,100030,291,Green,S,13,649.87,203.71,
59,587,50011,Mid-West,33,100044,150,Green,M,39,1949.61,611.13,
54,569,50007,Atlantic,25,100018,494,Green,M,25,1249.75,391.75,
54,579,50024,East,11,100020,482,Yellow,M,40,1999.6,626.8,
53,520,50006,North-West,15,100031,29,Yellow,M,39,1949.61,611.13,
65,532,50033,South,36,100047,492,Purple,L,16,799.84,250.72,
56,552,50015,West,43,100009,231,Purple,L,21,1049.79,329.07,
69,537,50023,Mid-West,19,100046,448,Purple,XL,39,1949.61,611.13,
66,565,50043,Atlantic,1,100027,193,Blue,XS,24,1199.76,376.08,
50,505,50020,East,21,100041,67,Blue,XS,10,499.9,156.7,
69,578,50016,North-West,19,100001,451,Red,S,32,1599.68,501.44,
50,521,50024,South,10,100040,482,Green,S,11,549.89,172.37,
57,587,50016,West,29,100032,317,Green,M,22,1099.78,344.74,
66,536,50025,Mid-West,21,100018,79,Green,M,10,499.9,156.7,
53,569,50048,Atlantic,24,100001,50,Yellow,M,18,899.82,282.06,
51,549,50008,East,25,100037,423,Yellow,M,16,799.84,250.72,
63,597,50008,North-West,4,100007,5,Purple,L,24,1199.76,376.08,
50,502,50008,South,26,100046,260,Purple,L,14,699.86,219.38,
56,575,50018,West,1,100048,300,Purple,XL,45,2249.55,705.15,
60,510,50026,Mid-West,23,100043,197,Blue,XS,30,1499.7,470.1,
54,555,50018,Atlantic,8,100036,295,Red,S,49,2449.51,767.83,
67,580,50047,East,49,100036,497,Green,S,38,1899.62,595.46,
56,600,50029,North-West,23,100034,184,Green,M,49,2449.51,767.83,
57,505,50026,South,39,100020,498,Green,M,35,1749.65,548.45,
57,555,50015,West,10,100000,186,Yellow,M,50,2499.5,783.5,
66,551,50049,Mid-West,8,100012,302,Yellow,M,14,699.86,219.38,
51,514,50044,Atlantic,4,100005,312,Purple,L,45,2249.55,705.15,
64,587,50048,East,29,100037,130,Purple,L,39,1949.61,611.13,
51,523,50007,North-West,34,100024,192,Purple,XL,29,1449.71,454.43,
54,513,50028,South,14,100017,291,Blue,XS,13,649.87,203.71,
60,515,50000,West,12,100042,208,Blue,XS,47,2349.53,736.49,
69,597,50038,Mid-West,42,100005,357,Red,S,48,2399.52,752.16,
65,523,50029,Atlantic,43,100030,488,Green,S,31,1549.69,485.77,
65,563,50018,East,50,100010,224,Green,M,50,2499.5,783.5,
65,596,50006,North-West,27,100037,79,Green,M,46,2299.54,720.82,
63,585,50010,South,46,100008,264,Yellow,M,41,2049.59,642.47,
63,592,50043,West,25,100011,433,Yellow,M,45,2249.55,705.15,
57,554,50016,Mid-West,44,100003,493,Purple,L,23,1149.77,360.41,
69,504,50035,Atlantic,19,100000,121,Purple,L,33,1649.67,517.11,
51,542,50045,East,14,100026,459,Purple,XL,35,1749.65,548.45,
65,573,50026,North-West,39,100031,395,Blue,XS,47,2349.53,736.49,
68,514,50012,South,9,100000,320,Red,S,25,1249.75,391.75,
62,543,50010,West,2,100012,139,Green,S,19,949.81,297.73,
53,561,50030,Mid-West,19,100027,135,Green,M,17,849.83,266.39,
63,514,50006,Atlantic,5,100017,69,Green,M,11,549.89,172.37,
58,562,50047,East,33,100000,108,Yellow,M,39,1949.61,611.13,
50,596,50021,North-West,10,100046,267,Yellow,M,30,1499.7,470.1,
52,549,50010,South,28,100007,80,Purple,L,23,1149.77,360.41,
56,589,50017,West,43,100029,5,Purple,L,41,2049.59,642.47,
69,522,50047,Mid-West,49,100016,487,Purple,XL,17,849.83,266.39,
69,589,50000,Atlantic,9,100050,5,Blue,XS,12,599.88,188.04,
68,544,50019,East,2,100037,421,Blue,XS,35,1749.65,548.45,
68,573,50020,North-West,13,100005,336,Red,S,43,2149.57,673.81,
51,546,50025,South,38,100002,23,Green,S,49,2449.51,767.83,
68,517,50033,West,5,100007,375,Green,M,26,1299.74,407.42,
53,546,50004,Mid-West,27,100022,405,Green,M,27,1349.73,423.09,
64,571,50015,Atlantic,47,100025,116,Yellow,M,46,2299.54,720.82,
65,528,50031,East,22,100015,79,Yellow,M,49,2449.51,767.83,
59,572,50029,North-West,13,100008,287,Purple,L,26,1299.74,407.42,
50,535,50044,South,29,100017,93,Purple,L,11,549.89,172.37,
58,568,50033,West,36,100017,244,Purple,XL,36,1799.64,564.12,
67,560,50018,Mid-West,2,100031,188,Blue,XS,17,849.83,266.39,
60,547,50009,Atlantic,26,100046,50,Red,S,49,2449.51,767.83,
59,580,50003,East,24,100025,374,Green,S,20,999.8,313.4,
66,505,50023,North-West,7,100037,384,Green,M,15,749.85,235.05,
58,536,50007,South,47,100029,58,Green,M,14,699.86,219.38,
68,546,50013,West,36,100016,215,Yellow,M,47,2349.53,736.49,
56,524,50005,Mid-West,18,100034,73,Yellow,M,24,1199.76,376.08,
50,585,50021,Atlantic,15,100041,462,Purple,L,50,2499.5,783.5,
56,590,50044,East,16,100001,195,Purple,L,41,2049.59,642.47,
55,562,50049,North-West,7,100016,110,Purple,XL,29,1449.71,454.43,
57,527,50035,South,48,100039,64,Blue,XS,47,2349.53,736.49,
67,529,50023,West,12,100039,226,Blue,XS,36,1799.64,564.12,
51,559,50042,Mid-West,50,100008,323,Red,S,15,749.85,235.05,
57,503,50006,Atlantic,41,100050,193,Green,S,27,1349.73,423.09,
65,541,50019,East,26,100037,172,Green,M,12,599.88,188.04,
66,561,50050,North-West,25,100034,35,Green,M,26,1299.74,407.42,
55,533,50042,South,42,100046,385,Yellow,M,42,2099.58,658.14,
55,533,50032,West,49,100013,111,Yellow,M,46,2299.54,720.82,
65,596,50008,Mid-West,3,100048,435,Purple,L,38,1899.62,595.46,
52,581,50037,Atlantic,22,100016,91,Purple,L,29,1449.71,454.43,
62,595,50002,East,19,100030,42,Purple,XL,50,2499.5,783.5,
68,537,50026,North-West,21,100019,330,Blue,XS,13,649.87,203.71,
67,571,50031,South,50,100024,107,Red,S,37,1849.63,579.79,
55,572,50046,West,2,100026,472,Green,S,34,1699.66,532.78,
63,502,50004,Mid-West,46,100004,16,Green,M,18,899.82,282.06,
59,592,50006,Atlantic,14,100045,363,Green,M,43,2149.57,673.81,
68,590,50044,East,37,100017,379,Yellow,M,41,2049.59,642.47,
62,546,50034,North-West,43,100015,203,Yellow,M,38,1899.62,595.46,
70,525,50044,South,37,100037,466,Purple,L,31,1549.69,485.77,
55,501,50040,West,31,100015,492,Purple,L,17,849.83,266.39,
63,600,50004,Mid-West,45,100007,132,Purple,XL,49,2449.51,767.83,
55,524,50002,Atlantic,43,100023,47,Blue,XS,35,1749.65,548.45,
65,541,50031,East,42,100015,310,Blue,XS,48,2399.52,752.16,
67,585,50009,North-West,19,100009,166,Red,S,41,2049.59,642.47,
58,565,50015,South,11,100000,398,Green,S,50,2499.5,783.5,
55,507,50020,West,21,100011,460,Green,M,33,1649.67,517.11,
58,514,50019,Mid-West,23,100010,420,Green,M,38,1899.62,595.46,
60,516,50045,Atlantic,17,100033,366,Yellow,M,46,2299.54,720.82,
59,560,50028,East,28,100027,500,Yellow,M,33,1649.67,517.11,
58,600,50036,North-West,31,100002,249,Purple,L,10,499.9,156.7,
61,552,50045,South,14,100013,208,Purple,L,14,699.86,219.38,
68,568,50039,West,43,100014,149,Purple,XL,33,1649.67,517.11,
53,570,50035,Mid-West,22,100034,312,Blue,XS,12,599.88,188.04,
57,560,50020,Atlantic,39,100000,71,Red,S,38,1899.62,595.46,
63,530,50040,East,22,100008,220,Green,S,50,2499.5,783.5,
50,505,50032,North-West,28,100042,49,Green,M,11,549.89,172.37,
60,575,50003,South,9,100008,378,Green,M,23,1149.77,360.41,
58,525,50050,West,38,100012,71,Yellow,M,41,2049.59,642.47,
53,560,50034,Mid-West,23,100049,493,Yellow,M,35,1749.65,548.45,
60,573,50001,Atlantic,34,100001,435,Purple,L,18,899.82,282.06,
58,533,50034,East,32,100026,18,Purple,L,37,1849.63,579.79,
64,554,50017,North-West,43,100024,34,Purple,XL,43,2149.57,673.81,
59,507,50029,South,41,100038,134,Blue,XS,27,1349.73,423.09,
55,501,50024,West,41,100016,391,Blue,XS,14,699.86,219.38,
56,559,50017,Mid-West,26,100032,211,Red,S,17,849.83,266.39,
58,546,50018,Atlantic,19,100027,395,Green,S,24,1199.76,376.08,
66,562,50042,East,42,100003,319,Green,M,17,849.83,266.39,
64,582,50001,North-West,13,100028,164,Green,M,37,1849.63,579.79,
56,587,50006,South,5,100034,203,Yellow,M,46,2299.54,720.82,
58,524,50007,West,18,100044,78,Yellow,M,23,1149.77,360.41,
66,524,50042,Mid-West,29,100024,264,Purple,L,13,649.87,203.71,
62,503,50005,Atlantic,28,100003,315,Purple,L,22,1099.78,344.74,
55,503,50003,East,46,100021,336,Purple,XL,34,1699.66,532.78,
50,559,50029,North-West,16,100049,486,Blue,XS,12,599.88,188.04,
70,560,50005,South,41,100025,261,Red,S,32,1599.68,501.44,
53,579,50019,West,27,100019,407,Green,S,14,699.86,219.38,
65,562,50042,Mid-West,15,100018,140,Green,M,39,1949.61,611.13,
66,553,50013,Atlantic,40,100030,391,Green,M,26,1299.74,407.42,
58,512,50005,East,12,100034,169,Yellow,M,48,2399.52,752.16,
59,501,50012,North-West,36,100009,284,Yellow,M,35,1749.65,548.45,
51,510,50009,South,18,100047,463,Purple,L,23,1149.77,360.41,
57,534,50010,West,25,100027,58,Purple,L,44,2199.56,689.48,
68,560,50018,Mid-West,8,100028,249,Purple,XL,19,949.81,297.73,
60,513,50001,Atlantic,5,100007,6,Blue,XS,35,1749.65,548.45,
58,526,50005,East,40,100028,400,Blue,XS,28,1399.72,438.76,
66,580,50004,North-West,8,100000,450,Red,S,21,1049.79,329.07,
66,523,50001,South,2,100035,33,Green,S,13,649.87,203.71,
61,555,50024,West,8,100007,260,Green,M,14,699.86,219.38,
64,584,50040,Mid-West,1,100009,493,Green,M,49,2449.51,767.83,
58,589,50023,Atlantic,1,100014,15,Yellow,M,40,1999.6,626.8,
64,556,50039,East,4,100009,448,Yellow,M,35,1749.65,548.45,
62,594,50020,North-West,49,100019,273,Purple,L,18,899.82,282.06,
63,563,50024,South,16,100044,86,Purple,L,24,1199.76,376.08,
66,579,50048,West,27,100024,361,Purple,XL,11,549.89,172.37,
68,595,50027,Mid-West,45,100036,157,Blue,XS,50,2499.5,783.5,
68,502,50006,Atlantic,46,100037,239,Red,S,16,799.84,250.72,
60,569,50035,East,22,100049,491,Green,S,32,1599.68,501.44,
62,511,50001,North-West,39,100021,297,Green,M,18,899.82,282.06,
67,600,50027,South,3,100012,434,Green,M,26,1299.74,407.42,
62,578,50047,West,10,100045,88,Yellow,M,14,699.86,219.38,
70,586,50024,Mid-West,20,100042,4,Yellow,M,26,1299.74,407.42,
62,570,50050,Atlantic,18,100028,204,Purple,L,12,599.88,188.04,
54,529,50017,East,31,100016,497,Purple,L,31,1549.69,485.77,
52,582,50049,North-West,40,100012,335,Purple,XL,24,1199.76,376.08,
51,579,50043,South,38,100047,199,Blue,XS,31,1549.69,485.77,
69,577,50042,West,24,100009,175,Blue,XS,48,2399.52,752.16,
60,596,50041,Mid-West,31,100044,98,Red,S,46,2299.54,720.82,
54,509,50021,Atlantic,30,100046,376,Green,S,23,1149.77,360.41,
54,531,50006,East,40,100026,132,Green,M,44,2199.56,689.48,
67,514,50017,North-West,24,100039,31,Green,M,32,1599.68,501.44,
61,541,50034,South,9,100010,329,Yellow,M,40,1999.6,626.8,
62,517,50016,West,42,100038,209,Yellow,M,48,2399.52,752.16,
63,507,50025,Mid-West,41,100031,483,Purple,L,28,1399.72,438.76,
59,598,50042,Atlantic,16,100039,100,Purple,L,10,499.9,156.7,
52,563,50024,East,24,100023,255,Purple,XL,46,2299.54,720.82,
61,508,50037,North-West,39,100041,149,Blue,XS,14,699.86,219.38,
50,549,50016,South,17,100031,79,Red,S,11,549.89,172.37,
65,585,50017,West,7,100041,354,Green,S,33,1649.67,517.11,
56,561,50005,Mid-West,48,100029,496,Green,M,45,2249.55,705.15,
64,519,50035,Atlantic,17,100022,74,Green,M,46,2299.54,720.82,
61,575,50025,East,49,100000,320,Yellow,M,40,1999.6,626.8,
63,559,50038,North-West,49,100050,250,Yellow,M,43,2149.57,673.81,
56,511,50005,South,21,100015,360,Purple,L,21,1049.79,329.07,
67,568,50007,West,25,100039,315,Purple,L,30,1499.7,470.1,
53,574,50045,Mid-West,2,100032,58,Purple,XL,14,699.86,219.38,
62,587,50044,Atlantic,10,100029,313,Blue,XS,25,1249.75,391.75,
54,549,50005,East,50,100002,17,Blue,XS,41,2049.59,642.47,
59,574,50033,North-West,31,100015,29,Red,S,38,1899.62,595.46,
70,577,50006,South,23,100050,447,Green,S,14,699.86,219.38,
68,545,50014,West,7,100001,112,Green,M,48,2399.52,752.16,
52,583,50005,Mid-West,37,100019,79,Green,M,10,499.9,156.7,
52,592,50042,Atlantic,40,100004,178,Yellow,M,49,2449.51,767.83,
70,569,50028,East,48,100019,167,Yellow,M,42,2099.58,658.14,
68,587,50024,North-West,45,100015,210,Purple,L,20,999.8,313.4,
55,596,50028,South,15,100046,494,Purple,L,41,2049.59,642.47,
53,573,50016,West,16,100024,440,Purple,XL,32,1599.68,501.44,
59,555,50031,Mid-West,42,100028,285,Blue,XS,30,1499.7,470.1,
58,564,50038,Atlantic,35,100021,240,Red,S,45,2249.55,705.15,
60,563,50000,East,17,100008,433,Green,S,39,1949.61,611.13,
62,537,50048,North-West,14,100001,106,Green,M,30,1499.7,470.1,
67,530,50011,South,11,100017,196,Green,M,10,499.9,156.7,
60,531,50006,West,19,100028,18,Yellow,M,27,1349.73,423.09,
67,595,50045,Mid-West,36,100016,311,Yellow,M,16,799.84,250.72,
69,519,50015,Atlantic,45,100005,110,Purple,L,17,849.83,266.39,
50,555,50033,East,28,100035,166,Purple,L,33,1649.67,517.11,
58,571,50027,North-West,22,100005,73,Purple,XL,16,799.84,250.72,
67,551,50003,South,37,100043,155,Blue,XS,26,1299.74,407.42,
61,541,50015,West,33,100028,322,Blue,XS,16,799.84,250.72,
60,528,50002,Mid-West,48,100046,445,Red,S,43,2149.57,673.81,
68,595,50043,Atlantic,48,100034,186,Green,S,34,1699.66,532.78,
63,564,50039,East,40,100010,425,Green,M,20,999.8,313.4,
65,593,50003,North-West,12,100029,489,Green,M,37,1849.63,579.79,
52,573,50001,South,9,100014,348,Yellow,M,45,2249.55,705.15,
65,544,50029,West,29,100042,375,Yellow,M,48,2399.52,752.16,
59,514,50013,Mid-West,17,100004,460,Purple,L,23,1149.77,360.41,
68,589,50044,Atlantic,23,100039,86,Purple,L,30,1499.7,470.1,
68,571,50012,East,43,100049,237,Purple,XL,43,2149.57,673.81,
58,514,50049,North-West,50,100027,48,Blue,XS,40,1999.6,626.8,
57,522,50041,South,22,100041,254,Red,S,48,2399.52,752.16,
64,567,50031,West,41,100046,176,Green,S,43,2149.57,673.81,
63,556,50004,Mid-West,7,100042,417,Green,M,49,2449.51,767.83,
57,511,50001,Atlantic,9,100032,168,Green,M,45,2249.55,705.15,
57,518,50010,East,31,100005,407,Yellow,M,43,2149.57,673.81,
58,512,50019,North-West,29,100020,109,Yellow,M,43,2149.57,673.81,
68,558,50050,South,26,100035,452,Purple,L,29,1449.71,454.43,
57,505,50046,West,18,100034,364,Purple,L,22,1099.78,344.74,
68,540,50018,Mid-West,41,100020,136,Purple,XL,43,2149.57,673.81,
60,600,50014,Atlantic,4,100019,274,Blue,XS,24,1199.76,376.08,
70,540,50017,East,34,100043,100,Blue,XS,39,1949.61,611.13,
54,513,50021,North-West,8,100004,246,Red,S,20,999.8,313.4,
50,505,50031,South,40,100009,352,Green,S,17,849.83,266.39,
58,592,50014,West,41,100007,291,Green,M,49,2449.51,767.83,
57,545,50040,Mid-West,46,100024,58,Green,M,11,549.89,172.37,
51,514,50018,Atlantic,2,100008,17,Yellow,M,34,1699.66,532.78,
51,554,50049,East,35,100006,477,Yellow,M,39,1949.61,611.13,
51,506,50032,North-West,32,100034,415,Purple,L,27,1349.73,423.09,
67,551,50042,South,26,100015,432,Purple,L,21,1049.79,329.07,
67,576,50031,West,49,100031,385,Purple,XL,41,2049.59,642.47,
63,553,50036,Mid-West,12,100033,243,Blue,XS,15,749.85,235.05,
66,506,50000,Atlantic,48,100012,341,Red,S,21,1049.79,329.07,
64,577,50029,East,33,100024,201,Green,S,15,749.85,235.05,
63,515,50024,North-West,12,100032,113,Green,M,19,949.81,297.73,
62,529,50038,South,19,100025,278,Green,M,30,1499.7,470.1,
58,525,50048,West,31,100004,215,Yellow,M,13,649.87,203.71,
59,599,50003,Mid-West,4,100042,403,Yellow,M,16,799.84,250.72,
67,526,50028,Atlantic,10,100041,339,Purple,L,14,699.86,219.38,
52,538,50008,East,37,100018,135,Purple,L,49,2449.51,767.83,
67,571,50046,North-West,34,100017,498,Purple,XL,19,949.81,297.73,
62,524,50050,South,41,100024,179,Blue,XS,45,2249.55,705.15,
52,541,50003,West,46,100011,2,Blue,XS,18,899.82,282.06,
50,539,50046,Mid-West,32,100050,435,Red,S,26,1299.74,407.42,
58,512,50015,Atlantic,30,100019,39,Green,S,17,849.83,266.39,
59,538,50009,East,11,100050,55,Green,M,44,2199.56,689.48,
56,548,50037,North-West,5,100007,81,Green,M,22,1099.78,344.74,
69,597,50012,South,40,100027,206,Yellow,M,28,1399.72,438.76,
66,580,50018,West,12,100019,361,Yellow,M,48,2399.52,752.16,
59,567,50025,Mid-West,6,100020,319,Purple,L,31,1549.69,485.77,
52,584,50004,Atlantic,32,100046,363,Purple,L,14,699.86,219.38,
66,553,50023,East,16,100031,476,Purple,XL,40,1999.6,626.8,
65,583,50027,North-West,34,100000,40,Blue,XS,10,499.9,156.7,
52,520,50035,South,6,100008,298,Red,S,29,1449.71,454.43,
58,567,50037,West,19,100049,401,Green,S,15,749.85,235.05,
68,515,50045,Mid-West,9,100037,381,Green,M,41,2049.59,642.47,
66,581,50037,Atlantic,14,100013,116,Green,M,11,549.89,172.37,
65,599,50016,East,10,100050,35,Yellow,M,37,1849.63,579.79,
64,513,50048,North-West,34,100034,117,Yellow,M,45,2249.55,705.15,
58,587,50034,South,6,100020,406,Purple,L,16,799.84,250.72,
64,595,50040,West,25,100038,100,Purple,L,18,899.82,282.06,
63,510,50024,Mid-West,47,100048,305,Purple,XL,45,2249.55,705.15,
52,553,50013,Atlantic,35,100018,274,Blue,XS,22,1099.78,344.74,
60,525,50033,East,38,100023,113,Blue,XS,22,1099.78,344.74,
65,582,50022,North-West,50,100026,111,Red,S,14,699.86,219.38,
69,559,50001,South,47,100050,422,Green,S,21,1049.79,329.07,
53,510,50020,West,8,100005,272,Green,M,27,1349.73,423.09,
57,558,50034,Mid-West,6,100024,355,Green,M,50,2499.5,783.5,
52,575,50043,Atlantic,20,100008,338,Yellow,M,11,549.89,172.37,
70,524,50017,East,40,100005,346,Yellow,M,26,1299.74,407.42,
53,585,50020,North-West,25,100030,250,Purple,L,14,699.86,219.38,
69,568,50039,South,9,100000,177,Purple,L,35,1749.65,548.45,
52,563,50039,West,3,100001,309,Purple,XL,21,1049.79,329.07,
68,562,50010,Mid-West,22,100050,204,Blue,XS,36,1799.64,564.12,
65,538,50007,Atlantic,10,100022,187,Red,S,15,749.85,235.05,
57,580,50029,East,18,100033,226,Green,S,45,2249.55,705.15,
59,559,50010,North-West,31,100012,50,Green,M,47,2349.53,736.49,
70,507,50039,South,35,100028,395,Green,M,37,1849.63,579.79,
66,511,50050,West,41,100043,14,Yellow,M,42,2099.58,658.14,
69,530,50034,Mid-West,39,100014,216,Yellow,M,22,1099.78,344.74,
57,503,50022,Atlantic,2,100040,231,Purple,L,48,2399.52,752.16,
52,519,50014,East,13,100020,335,Purple,L,14,699.86,219.38,
54,525,50040,North-West,20,100006,301,Purple,XL,15,749.85,235.05,
65,559,50030,South,28,100029,187,Blue,XS,14,699.86,219.38,
56,534,50043,West,13,100041,211,Blue,XS,12,599.88,188.04,
66,597,50043,Mid-West,2,100015,241,Red,S,22,1099.78,344.74,
54,506,50005,Atlantic,8,100036,171,Green,S,30,1499.7,470.1,
52,516,50006,East,33,100050,155,Green,M,11,549.89,172.37,
57,516,50029,North-West,4,100028,445,Green,M,41,2049.59,642.47,
59,583,50037,South,11,100000,338,Yellow,M,24,1199.76,376.08,
60,597,50034,West,46,100042,56,Yellow,M,22,1099.78,344.74,
70,507,50005,Mid-West,28,100028,292,Purple,L,21,1049.79,329.07,
59,510,50016,Atlantic,47,100007,1,Purple,L,15,749.85,235.05,
56,590,50043,East,43,100021,92,Purple,XL,40,1999.6,626.8,
54,518,50043,North-West,46,100006,405,Blue,XS,45,2249.55,705.15,
57,579,50019,South,27,100020,365,Red,S,18,899.82,282.06,
57,530,50050,West,1,100036,105,Green,S,17,849.83,266.39,
54,565,50009,Mid-West,12,100044,96,Green,M,39,1949.61,611.13,
62,544,50012,Atlantic,7,100029,359,Green,M,36,1799.64,564.12,
51,500,50027,East,43,100016,500,Yellow,M,25,1249.75,391.75,
52,557,50004,North-West,43,100037,169,Yellow,M,35,1749.65,548.45,
53,504,50033,South,32,100040,155,Purple,L,19,949.81,297.73,
52,541,50010,West,21,100040,137,Purple,L,19,949.81,297.73,
70,526,50001,Mid-West,16,100030,104,Purple,XL,50,2499.5,783.5,
66,534,50029,Atlantic,9,100018,104,Blue,XS,28,1399.72,438.76,
63,538,50045,East,14,100034,403,Blue,XS,36,1799.64,564.12,
53,547,50038,North-West,35,100025,496,Red,S,11,549.89,172.37,
50,592,50017,South,32,100013,139,Green,S,25,1249.75,391.75,
68,587,50040,West,45,100027,200,Green,M,50,2499.5,783.5,
59,505,50017,Mid-West,11,100004,92,Green,M,16,799.84,250.72,
55,550,50001,Atlantic,41,100043,196,Yellow,M,42,2099.58,658.14,
54,574,50045,East,21,100022,117,Yellow,M,48,2399.52,752.16,
53,557,50035,North-West,7,100026,332,Purple,L,24,1199.76,376.08,
68,524,50008,South,28,100008,271,Purple,L,36,1799.64,564.12,
57,537,50043,West,10,100025,351,Purple,XL,37,1849.63,579.79,
54,518,50021,Mid-West,13,100048,220,Blue,XS,16,799.84,250.72,
63,598,50048,Atlantic,45,100003,84,Red,S,25,1249.75,391.75,
58,599,50021,East,35,100001,143,Green,S,41,2049.59,642.47,
59,569,50026,North-West,32,100046,420,Green,M,21,1049.79,329.07,
65,514,50044,South,16,100019,264,Green,M,29,1449.71,454.43,
66,571,50032,West,16,100030,150,Yellow,M,46,2299.54,720.82,
58,512,50016,Mid-West,49,100017,404,Yellow,M,18,899.82,282.06,
63,547,50032,Atlantic,17,100004,455,Purple,L,21,1049.79,329.07,
61,523,50025,East,3,100002,318,Purple,L,50,2499.5,783.5,
55,508,50048,North-West,26,100016,72,Purple,XL,30,1499.7,470.1,
63,514,50000,South,21,100015,198,Blue,XS,28,1399.72,438.76,
68,536,50033,West,9,100039,467,Blue,XS,37,1849.63,579.79,
51,576,50038,Mid-West,6,100034,451,Red,S,19,949.81,297.73,
55,521,50023,Atlantic,32,100013,337,Green,S,19,949.81,297.73,
67,575,50039,East,40,100029,22,Green,M,39,1949.61,611.13,
64,539,50002,North-West,9,100002,379,Green,M,50,2499.5,783.5,
60,570,50036,South,38,100008,172,Yellow,M,27,1349.73,423.09,
55,589,50003,West,34,100019,404,Yellow,M,19,949.81,297.73,
68,541,50042,Mid-West,9,100045,448,Purple,L,22,1099.78,344.74,
57,509,50017,Atlantic,19,100001,431,Purple,L,44,2199.56,689.48,
66,584,50013,East,32,100023,437,Purple,XL,43,2149.57,673.81,
58,560,50036,North-West,3,100040,377,Blue,XS,26,1299.74,407.42,
50,526,50033,South,4,100050,304,Red,S,16,799.84,250.72,
69,598,50009,West,18,100010,249,Green,S,25,1249.75,391.75,
62,539,50030,Mid-West,40,100046,441,Green,M,29,1449.71,454.43,
69,511,50038,Atlantic,44,100017,361,Green,M,13,649.87,203.71,
58,512,50009,East,47,100047,82,Yellow,M,29,1449.71,454.43,
61,595,50047,North-West,35,100025,102,Yellow,M,28,1399.72,438.76,
60,508,50048,South,46,100026,387,Purple,L,30,1499.7,470.1,
59,585,50038,West,30,100041,93,Purple,L,50,2499.5,783.5,
70,512,50029,Mid-West,44,100003,458,Purple,XL,10,499.9,156.7,
53,592,50036,Atlantic,48,100047,236,Blue,XS,38,1899.62,595.46,
63,591,50030,East,7,100006,479,Blue,XS,48,2399.52,752.16,
68,528,50050,North-West,12,100036,475,Red,S,15,749.85,235.05,
54,535,50048,South,37,100041,129,Green,S,12,599.88,188.04,
53,570,50038,West,21,100014,279,Green,M,31,1549.69,485.77,
55,520,50048,Mid-West,10,100039,281,Green,M,11,549.89,172.37,
54,547,50019,Atlantic,23,100048,11,Yellow,M,30,1499.7,470.1,
64,597,50017,East,30,100029,271,Yellow,M,47,2349.53,736.49,
50,579,50003,North-West,23,100006,406,Purple,L,25,1249.75,391.75,
69,565,50014,South,42,100003,1,Purple,L,29,1449.71,454.43,
51,582,50023,West,44,100014,474,Purple,XL,11,549.89,172.37,
64,510,50036,Mid-West,42,100039,318,Blue,XS,25,1249.75,391.75,
70,558,50009,Atlantic,48,100021,385,Red,S,32,1599.68,501.44,
65,573,50039,East,19,100003,417,Green,S,44,2199.56,689.48,
66,577,50037,North-West,28,100011,161,Green,M,49,2449.51,767.83,
64,587,50010,South,34,100032,75,Green,M,49,2449.51,767.83,
65,584,50003,West,17,100021,424,Yellow,M,50,2499.5,783.5,
63,561,50014,Mid-West,48,100050,65,Yellow,M,21,1049.79,329.07,
68,514,50037,Atlantic,46,100002,467,Purple,L,44,2199.56,689.48,
65,593,50019,East,46,100044,237,Purple,L,31,1549.69,485.77,
53,549,50023,North-West,34,100010,223,Purple,XL,49,2449.51,767.83,
64,598,50025,South,32,100042,41,Blue,XS,10,499.9,156.7,
63,579,50033,West,6,100007,211,Blue,XS,11,549.89,172.37,
58,575,50038,Mid-West,21,100021,242,Red,S,45,2249.55,705.15,
52,561,50023,Atlantic,10,100028,12,Green,S,43,2149.57,673.81,
56,518,50017,East,46,100004,29,Green,M,44,2199.56,689.48,
65,542,50017,North-West,36,100015,256,Green,M,13,649.87,203.71,
67,578,50019,South,26,100045,217,Yellow,M,48,2399.52,752.16,
63,530,50002,West,49,100039,217,Yellow,M,12,599.88,188.04,
66,541,50001,Mid-West,45,100047,481,Purple,L,30,1499.7,470.1,
65,532,50022,Atlantic,17,100046,360,Purple,L,28,1399.72,438.76,
61,581,50016,East,49,100048,354,Purple,XL,33,1649.67,517.11,
59,548,50002,North-West,7,100018,127,Blue,XS,20,999.8,313.4,
59,581,50009,South,36,100016,375,Red,S,31,1549.69,485.77,
57,590,50049,West,19,100011,197,Green,S,45,2249.55,705.15,
50,567,50036,Mid-West,30,100044,370,Green,M,14,699.86,219.38,
52,554,50050,Atlantic,30,100035,156,Green,M,35,1749.65,548.45,
61,597,50028,East,8,100008,68,Yellow,M,45,2249.55,705.15,
70,513,50044,North-West,22,100008,111,Yellow,M,48,2399.52,752.16,
56,567,50012,South,42,100008,315,Purple,L,30,1499.7,470.1,
52,588,50018,West,42,100022,458,Purple,L,41,2049.59,642.47,
70,558,50025,Mid-West,38,100023,356,Purple,XL,24,1199.76,376.08,
52,544,50025,Atlantic,10,100000,80,Blue,XS,40,1999.6,626.8,
65,541,50000,East,17,100040,292,Blue,XS,45,2249.55,705.15,
63,509,50004,North-West,8,100044,20,Red,S,40,1999.6,626.8,
70,571,50004,South,26,100004,417,Green,S,44,2199.56,689.48,
63,537,50036,West,44,100033,161,Green,M,31,1549.69,485.77,
57,541,50003,Mid-West,24,100030,111,Green,M,31,1549.69,485.77,
66,556,50009,Atlantic,8,100043,28,Yellow,M,39,1949.61,611.13,
50,547,50031,East,29,100034,352,Yellow,M,47,2349.53,736.49,
70,583,50035,North-West,19,100001,426,Purple,L,24,1199.76,376.08,
50,535,50014,South,9,100009,331,Purple,L,18,899.82,282.06,
67,588,50007,West,33,100015,379,Purple,XL,47,2349.53,736.49,
