,Predicted_Adjusted,AuditLowriskProbability,AuditHighriskProbability
1,0,0.99999999999653,3.46968026661311e-12
2,0,0.999999855571249,1.44428750665783e-07
3,0,0.999998639856823,1.36014317681816e-06
4,0,0.538191072812591,0.461808927187409
5,1,0.268463934188943,0.731536065811057
6,0,0.999999999880295,1.19705421012273e-10
7,1,0.0102928203398217,0.989707179660178
8,0,0.999999998015351,1.98464882735907e-09
9,0,0.999981015000592,1.89849994076593e-05
10,0,0.999999604711991,3.95288009113966e-07
11,0,1,2.22044604925031e-16
12,0,1,2.22044604925031e-16
13,0,1,2.22044604925031e-16
14,0,1,2.22044604925031e-16
15,1,0.0134373891484686,0.986562610851531
16,0,0.999998015111506,1.98488849379682e-06
17,0,0.999999999594084,4.05915887899514e-10
18,0,0.999999999971711,2.82885663857739e-11
19,1,0.375842152456125,0.624157847543875
20,0,0.564427976242295,0.435572023757705
21,0,0.999641106178639,0.000358893821361312
22,0,0.998892911038883,0.0011070889611169
23,0,1,2.22044604925031e-16
24,0,0.999528109216098,0.000471890783902178
25,0,0.999999999995462,4.53816654805139e-12
26,0,0.999633887685491,0.000366112314508507
27,0,0.999910331733298,8.96682667017217e-05
28,0,0.993182977329166,0.0068170226708335
29,0,0.618671320210998,0.381328679789002
30,0,0.999835547301425,0.000164452698575065
31,0,0.999999999986711,1.32892341781888e-11
32,1,0.418853557195005,0.581146442804995
33,0,1,2.22044604925031e-16
34,0,1,2.22044604925031e-16
35,0,0.999996441039958,3.55896004195603e-06
36,0,1,2.22044604925031e-16
37,0,0.895484544125659,0.104515455874341
38,0,0.999992429463198,7.57053680182697e-06
39,0,0.993863807390456,0.00613619260954377
40,0,0.998897464444853,0.00110253555514668
41,1,0.00388522666207358,0.996114773337926
42,0,0.99999999991444,8.55599113735225e-11
43,0,0.840227203204061,0.15977279679594
44,0,1,2.22044604925031e-16
45,0,0.986528275829862,0.0134717241701383
46,1,0.349006960005066,0.650993039994934
47,0,1,2.22044604925031e-16
48,1,0.097387918509,0.902612081491
49,0,1,2.22044604925031e-16
50,1,0.259505149789651,0.740494850210349
51,0,0.999959037456084,4.09625439158333e-05
52,1,4.26333336156492e-06,0.999995736666638
53,0,0.929185256594894,0.0708147434051057
54,0,1,2.22044604925031e-16
55,0,0.999999999971217,2.87832871914137e-11
56,0,0.999264075428595,0.000735924571405211
57,0,0.999990002367952,9.99763204840279e-06
58,0,0.999913210266735,8.6789733264656e-05
59,0,0.999998694784051,1.30521594853968e-06
60,0,0.83090605898641,0.16909394101359
61,0,0.998893858689075,0.00110614131092536
62,0,0.999999999569498,4.30502268209073e-10
63,0,0.999988842748777,1.11572512234619e-05
64,0,0.861637707404825,0.138362292595175
65,0,0.984665067759628,0.0153349322403715
66,0,0.999989506621744,1.04933782562542e-05
67,1,0.0116965853998049,0.988303414600195
68,0,0.999886767738178,0.000113232261822093
69,0,1,2.22044604925031e-16
70,0,1,2.22044604925031e-16
71,0,0.998618331150095,0.00138166884990492
72,0,0.99999999997945,2.05496857182115e-11
73,0,1,2.22044604925031e-16
74,0,0.999999998395752,1.60424796248986e-09
75,1,0.120514259294023,0.879485740705977
76,0,1,2.22044604925031e-16
77,0,1,2.22044604925031e-16
78,1,0.0012936001695929,0.998706399830407
79,0,0.99484479041454,0.0051552095854603
80,0,0.999999985949721,1.40502793097609e-08
81,0,0.999989045204412,1.09547955881686e-05
82,0,0.997563449728658,0.0024365502713416
83,0,0.99999925482834,7.45171659623759e-07
84,1,0.0428803774837735,0.957119622516227
85,0,0.999999261900217,7.38099783021112e-07
86,0,0.970540281170714,0.029459718829286
87,0,1,2.22044604925031e-16
88,0,0.990696295945654,0.00930370405434563
89,0,0.99999977794729,2.22052709822845e-07
90,0,0.999999999985347,1.46530561630921e-11
91,1,0.00281321207709606,0.997186787922904
92,0,0.992397014183293,0.0076029858167071
93,0,0.999999987452957,1.25470425305649e-08
94,1,0.000103847607688334,0.999896152392312
95,1,0.0188616888861067,0.981138311113893
96,0,0.671216693907179,0.328783306092821
97,0,0.993670686010679,0.00632931398932119
98,0,0.870690152111064,0.129309847888936
99,0,0.94074338109596,0.0592566189040397
100,0,0.999999964202288,3.57977121876529e-08
101,0,0.997720430003402,0.00227956999659787
102,0,0.999673363424425,0.000326636575574876
103,1,0.0411750996076403,0.95882490039236
104,0,0.999999154790755,8.45209245168214e-07
105,0,0.734859377163078,0.265140622836922
106,0,0.999993129495307,6.87050469325138e-06
107,0,0.999997847682954,2.15231704614686e-06
108,0,0.963724075274871,0.0362759247251286
109,0,1,2.22044604925031e-16
110,0,0.999999999187977,8.12023062504158e-10
111,0,1,2.22044604925031e-16
112,0,0.999977731311913,2.22686880871537e-05
113,1,0.0398254609710755,0.960174539028924
114,0,0.999998636269472,1.36373052800975e-06
115,0,0.999998948974456,1.05102554452563e-06
116,0,0.717364298502861,0.282635701497139
117,0,0.998944761210554,0.00105523878944567
118,0,1,2.22044604925031e-16
119,1,0.0211294747435443,0.978870525256456
120,0,0.999999999942662,5.73378194206958e-11
121,0,0.999999970346288,2.96537119218414e-08
122,0,1,2.22044604925031e-16
123,0,0.999999999920626,7.93742080678123e-11
124,0,0.999999751299368,2.48700631787446e-07
125,1,0.0320147889750177,0.967985211024982
126,0,0.99999779797016,2.20202983980293e-06
127,0,0.999999902642457,9.73575427044911e-08
128,1,0.00107085863905165,0.998929141360948
129,0,0.968418656235712,0.0315813437642877
130,0,1,2.22044604925031e-16
131,0,0.99999972661967,2.73380330215391e-07
132,0,0.999999999999682,3.17665241056295e-13
133,1,0.0214167477021581,0.978583252297842
134,0,0.945746569092149,0.0542534309078507
135,0,0.978473024350701,0.0215269756492987
136,0,0.999999978403789,2.15962105860868e-08
137,0,1,2.22044604925031e-16
138,0,1,2.22044604925031e-16
139,0,1,2.22044604925031e-16
140,0,0.999999991975204,8.02479631232316e-09
141,0,0.999999999983862,1.61381081326209e-11
142,0,1,2.22044604925031e-16
143,0,0.999999999493282,5.06717997984877e-10
145,0,0.999617513404252,0.000382486595748245
146,0,0.999873761621615,0.000126238378385287
147,1,0.190195395049825,0.809804604950175
148,0,0.999538476203287,0.000461523796712711
149,0,0.999999999996889,3.11137322520737e-12
150,1,0.0388511663251752,0.961148833674825
151,0,0.99003128384337,0.00996871615663002
152,1,0.0805266385598515,0.919473361440148
153,0,0.828827263722767,0.171172736277233
154,0,0.999996635360748,3.36463925221657e-06
155,0,0.999963040277343,3.6959722656752e-05
156,1,0.0400998324889803,0.95990016751102
157,0,0.997023923857879,0.00297607614212126
158,0,0.945504510978249,0.0544954890217515
159,1,0.489531078012803,0.510468921987197
160,0,0.991796697467465,0.00820330253253462
161,0,0.763303493290311,0.236696506709689
162,0,0.930387672496937,0.0696123275030633
163,0,0.948531400625594,0.0514685993744057
164,0,0.657194686205345,0.342805313794655
165,0,0.999999744589562,2.55410437970005e-07
166,1,0.00761114452118383,0.992388855478816
167,0,1,2.22044604925031e-16
168,0,0.998038282829853,0.00196171717014734
169,1,0.226208220009524,0.773791779990476
170,0,0.999999999907548,9.24519888225142e-11
171,0,0.99999999852887,1.47112991127766e-09
172,0,1,2.22044604925031e-16
173,0,0.999995815443179,4.18455682071567e-06
174,0,1,2.22044604925031e-16
175,0,1,2.22044604925031e-16
176,0,0.857381664263257,0.142618335736743
177,0,0.999982800147158,1.71998528421575e-05
178,0,0.999999999980553,1.94468364868996e-11
179,1,8.13854138148606e-06,0.999991861458619
180,1,0.0626521155175821,0.937347884482418
181,0,0.986896486932421,0.0131035130675789
182,0,0.999999991256905,8.74309486191631e-09
183,0,0.999974896219529,2.51037804713721e-05
184,0,0.999518426706816,0.000481573293183536
185,0,0.955976247339627,0.0440237526603734
186,0,0.999999947247695,5.27523049118225e-08
187,0,0.999999999966718,3.3282091548417e-11
188,0,1,2.22044604925031e-16
189,1,0.00144579695962188,0.998554203040378
190,0,0.983242735089538,0.0167572649104623
191,0,0.999862613344066,0.000137386655933696
192,0,0.998682153209191,0.00131784679080934
193,0,1,2.22044604925031e-16
194,0,1,2.22044604925031e-16
195,0,0.99999999997432,2.56795517570833e-11
196,0,0.989418055042354,0.0105819449576462
197,0,0.999982476951738,1.75230482619375e-05
198,0,0.683003445564244,0.316996554435756
199,0,1,2.22044604925031e-16
200,0,0.999999920742579,7.9257420950776e-08
201,0,0.999511409265056,0.000488590734943887
202,0,0.999691643747479,0.000308356252521371
203,0,0.999999999649799,3.50200632162448e-10
204,0,1,2.22044604925031e-16
205,0,0.994113282535266,0.00588671746473434
206,0,0.99999945130986,5.48690140316087e-07
207,1,0.00741473567074946,0.992585264329251
208,0,0.997052744475751,0.0029472555242493
209,0,1,2.22044604925031e-16
210,1,0.0012061584684957,0.998793841531504
211,0,1,2.22044604925031e-16
212,0,0.999999978127633,2.1872367040763e-08
213,0,0.999970966810095,2.90331899050046e-05
214,0,0.999973274618454,2.67253815458777e-05
215,1,0.118450117930367,0.881549882069633
216,0,0.999999997573267,2.42673279814025e-09
217,0,0.999999999999835,1.64843060189963e-13
218,0,1,2.22044604925031e-16
219,0,1,2.22044604925031e-16
220,1,0.413662902877125,0.586337097122875
221,0,0.998407299600652,0.00159270039934795
222,0,0.999999999839891,1.60109312907092e-10
223,0,0.999999999971737,2.82632457442785e-11
224,0,0.999999385352296,6.14647704067074e-07
225,0,0.999999999805644,1.94355983127161e-10
226,0,1,2.22044604925031e-16
227,0,0.997841887315203,0.00215811268479719
228,0,0.999964029972404,3.59700275960244e-05
229,0,0.99993155692021,6.84430797900369e-05
230,0,0.998656539100836,0.00134346089916424
231,0,0.984146826870715,0.0158531731292851
232,0,0.994566963249027,0.00543303675097312
233,0,0.99999700909799,2.99090200992195e-06
234,0,0.999796732413653,0.000203267586347037
235,0,0.999999237420602,7.62579397774764e-07
236,0,0.99995104664925,4.89533507497519e-05
237,1,0.42424095100669,0.57575904899331
238,1,0.00146181803712475,0.998538181962875
239,0,1,2.22044604925031e-16
240,0,1,2.22044604925031e-16
241,1,2.30873320362646e-05,0.999976912667964
242,0,0.994122924511566,0.00587707548843398
243,0,0.999999999980799,1.92011972910067e-11
244,0,0.896543320226595,0.103456679773405
245,0,0.504571053647771,0.495428946352229
246,1,0.0715031276637493,0.928496872336251
247,0,0.998198944605653,0.00180105539434751
248,0,0.999974868305623,2.513169437713e-05
249,1,6.98988111114129e-06,0.999993010118889
250,0,0.99796728107369,0.00203271892631016
251,0,0.903566288667494,0.0964337113325064
252,0,1,2.22044604925031e-16
253,0,0.971558771990393,0.0284412280096074
254,0,0.99999983495885,1.65041149815988e-07
255,0,0.999999995003004,4.99699648714295e-09
256,1,0.482523465088128,0.517476534911872
257,0,0.999949649967199,5.03500328004972e-05
258,0,0.999246459896271,0.000753540103729415
259,0,0.997711625754007,0.00228837424599343
260,0,0.977806904915678,0.0221930950843222
261,1,0.39889481771861,0.60110518228139
262,0,0.999975209178554,2.47908214461507e-05
263,0,0.999999999998929,1.07115891344497e-12
264,0,0.999991392473135,8.60752686495783e-06
265,0,0.999999156454616,8.43545383752275e-07
266,0,0.999999999830604,1.69396041302889e-10
267,0,0.65409171710855,0.34590828289145
268,0,0.834847283009797,0.165152716990203
269,0,1,2.22044604925031e-16
270,0,1,2.22044604925031e-16
271,1,0.153072229532617,0.846927770467383
272,0,0.999999999596926,4.03073766777135e-10
273,0,0.999999988479304,1.1520695670476e-08
274,0,0.987435624311386,0.0125643756886144
275,0,0.999999999998289,1.71133728883814e-12
277,1,0.106416294874527,0.893583705125473
278,1,0.00644523604898706,0.993554763951013
279,0,0.995181281845155,0.00481871815484518
280,1,0.0106706962752331,0.989329303724767
281,0,0.998999611673656,0.00100038832634427
282,1,0.117279151021697,0.882720848978303
283,1,0.0767542996966034,0.923245700303397
284,0,0.976096480081443,0.023903519918557
285,0,0.999999963613906,3.63860938826761e-08
286,0,1,2.22044604925031e-16
287,0,1,2.22044604925031e-16
288,0,0.999685625953528,0.00031437404647226
289,0,1,2.22044604925031e-16
290,0,0.999999973736301,2.62636985955813e-08
291,0,0.999982891639688,1.71083603122605e-05
292,0,0.999999962793044,3.72069559525785e-08
293,1,0.000613454776601907,0.999386545223398
294,0,0.999992056026913,7.94397308750533e-06
295,0,0.999999999995963,4.03685473549256e-12
296,0,0.999999854717203,1.45282797280914e-07
297,0,0.999999886600431,1.1339956891702e-07
298,0,0.999158810634242,0.000841189365757572
299,1,0.00814395964193981,0.99185604035806
300,0,0.999999999995917,4.08299948965673e-12
301,0,0.999999854157531,1.4584246866968e-07
302,0,0.997681218327725,0.00231878167227482
303,1,0.274163185858118,0.725836814141882
304,0,0.999991021806957,8.97819304290562e-06
305,0,0.999999999999667,3.32870581844413e-13
306,1,0.0163686459216902,0.98363135407831
307,0,1,2.22044604925031e-16
308,0,1,2.22044604925031e-16
309,0,0.99997428884117,2.57111588295467e-05
310,0,0.997296864185928,0.00270313581407215
311,0,0.999999963629191,3.63708090610784e-08
312,0,0.999954671419974,4.53285800259007e-05
313,1,0.0187235370091957,0.981276462990804
314,0,0.999999999998275,1.72527519937321e-12
315,0,1,2.22044604925031e-16
316,0,1,2.22044604925031e-16
317,0,1,2.22044604925031e-16
318,0,0.994645390318451,0.00535460968154854
319,0,0.999999964966735,3.50332650311851e-08
320,0,0.968202091049324,0.0317979089506765
321,0,0.999999843738265,1.56261734885399e-07
322,1,0.00377032412956313,0.996229675870437
323,0,0.999866900385743,0.000133099614257328
324,0,0.998141321542517,0.00185867845748344
325,0,0.999999993405306,6.5946936525818e-09
326,1,0.0348686866416111,0.965131313358389
327,0,0.999981470105145,1.85298948546531e-05
328,0,0.999999970939829,2.90601707868522e-08
329,0,0.98772681467111,0.0122731853288902
330,0,0.990071797226345,0.0099282027736547
331,0,0.994109379576031,0.00589062042396882
332,1,0.0506497555559856,0.949350244444014
333,0,0.999999999942031,5.79685522545318e-11
334,0,0.999997257194949,2.74280505142629e-06
335,0,0.999769429472667,0.000230570527333169
336,0,0.867987078054916,0.132012921945084
337,0,0.998433397262578,0.00156660273742165
338,0,1,2.22044604925031e-16
339,0,1,2.22044604925031e-16
340,0,0.99151495182822,0.00848504817177958
341,1,0.0227338089099584,0.977266191090042
342,0,0.999999861036531,1.3896346907318e-07
343,1,0.0381374976134741,0.961862502386526
344,0,0.999999919014404,8.09855958614457e-08
345,0,0.999973953376779,2.60466232211837e-05
346,0,0.999994772809502,5.22719049753644e-06
347,0,0.998930261926857,0.00106973807314286
348,0,1,2.22044604925031e-16
349,0,0.999999947459146,5.25408537960327e-08
350,0,0.999020574852189,0.000979425147811303
351,0,0.999999999475987,5.24013199288649e-10
352,0,0.870369466405524,0.129630533594476
353,0,0.99999999916508,8.34920282601224e-10
354,0,1,2.22044604925031e-16
355,0,0.99999837033266,1.62966734009442e-06
356,0,0.999344594338295,0.000655405661704597
357,0,0.999236012299802,0.000763987700198075
358,0,0.999998288101887,1.71189811304262e-06
359,0,1,2.22044604925031e-16
360,0,0.99999999999903,9.70459722988403e-13
361,0,0.999950321261789,4.96787382108617e-05
362,0,0.996732216660447,0.00326778333955327
363,0,0.999999544854724,4.55145276065712e-07
364,0,0.999999237719712,7.62280288432988e-07
365,0,0.999927072667685,7.29273323151873e-05
366,0,1,2.22044604925031e-16
367,0,0.923532407771762,0.0764675922282377
368,0,0.881222836083404,0.118777163916596
369,1,0.237399027224715,0.762600972775285
370,0,0.999999995947189,4.05281061430487e-09
371,0,1,2.22044604925031e-16
373,1,0.0258120026067045,0.974187997393296
374,0,0.999999997419495,2.58050463588255e-09
375,0,0.96874590614814,0.0312540938518601
376,0,0.999881065251602,0.000118934748397959
377,0,0.999998020773385,1.9792266149954e-06
378,0,0.997740002270584,0.002259997729416
379,0,1,2.22044604925031e-16
380,0,0.999999999999736,2.6364314225103e-13
381,0,0.995341268822072,0.00465873117792853
382,0,0.999983121875583,1.68781244170608e-05
383,0,0.99999997024706,2.97529395892223e-08
384,0,0.999999999633417,3.66582631537728e-10
385,0,0.999999999434985,5.65014583526281e-10
386,1,0.120016150683069,0.879983849316931
387,0,0.99999999374973,6.25026982815538e-09
388,0,0.999999987898396,1.2101603699594e-08
389,0,0.999999999969625,3.03752622381419e-11
390,0,0.999979839739177,2.0160260822696e-05
391,0,1,2.22044604925031e-16
392,0,0.960198108904447,0.039801891095553
393,0,1,2.22044604925031e-16
395,0,0.999999999999254,7.4611302534495e-13
396,1,0.0382700651364924,0.961729934863508
397,0,0.958710996621634,0.0412890033783659
398,0,0.999252448960449,0.000747551039551065
399,0,1,2.22044604925031e-16
400,0,1,2.22044604925031e-16
401,0,0.999999231058147,7.68941852834345e-07
402,0,0.756650171376638,0.243349828623362
403,0,0.999999999745221,2.5477912879104e-10
404,0,0.999998549141429,1.45085857114113e-06
405,0,0.999732533607382,0.000267466392617754
406,0,0.999963802890624,3.61971093757225e-05
407,0,1,2.22044604925031e-16
408,0,0.993211741802029,0.00678825819797079
409,0,0.977858382860634,0.0221416171393662
410,0,0.999999999987176,1.28239839844201e-11
411,0,0.997973347398504,0.00202665260149576
412,1,0.110143863660683,0.889856136339317
413,0,0.999999998424178,1.57582171267866e-09
414,0,0.999349616328777,0.000650383671222975
415,0,0.999996582227445,3.41777255477274e-06
416,0,0.969224659793002,0.0307753402069976
417,0,1,2.22044604925031e-16
418,0,0.999989552781203,1.04472187972968e-05
419,1,0.0287503793530287,0.971249620646971
420,0,0.999916248225201,8.37517747985386e-05
421,0,0.999991750132453,8.24986754670469e-06
422,1,0.0467400148059691,0.953259985194031
423,1,0.0111156481672854,0.988884351832715
424,1,0.26632653554755,0.73367346445245
425,0,0.999350501562773,0.000649498437227075
426,0,0.999998649745421,1.35025457864639e-06
427,0,0.999999999979052,2.09479533264947e-11
428,1,4.66084557682045e-06,0.999995339154423
429,0,0.998899915647444,0.00110008435255635
430,0,0.999860971834872,0.00013902816512766
431,0,0.999906100352787,9.38996472133164e-05
432,0,0.998482294591806,0.00151770540819414
433,0,0.990444244838344,0.00955575516165567
434,0,0.996007007677016,0.00399299232298397
435,1,0.0641595093963233,0.935840490603677
436,0,0.999999937491033,6.25089670027741e-08
437,0,0.999999999692216,3.07783811128521e-10
438,0,1,2.22044604925031e-16
439,0,0.964660183224014,0.0353398167759861
440,0,0.997897448720508,0.00210255127949224
441,0,0.999872753388776,0.000127246611224412
442,0,1,2.22044604925031e-16
443,0,0.998553923465193,0.00144607653480706
444,1,0.221101435680673,0.778898564319327
445,1,0.127409518477423,0.872590481522577
446,0,1,2.22044604925031e-16
447,1,0.195201599134309,0.804798400865691
448,1,0.068261600530713,0.931738399469287
449,0,0.999998251806068,1.74819393242029e-06
450,0,1,2.22044604925031e-16
451,0,0.99999314874038,6.85125961982241e-06
452,0,0.999990852559747,9.14744025293247e-06
453,0,0.998333855438182,0.00166614456181851
454,0,0.999822430343356,0.000177569656643663
455,0,0.999999976046217,2.39537830081774e-08
456,0,0.999982861531877,1.71384681227676e-05
457,0,0.826233161065251,0.173766838934749
458,1,0.0183291869461069,0.981670813053893
459,1,0.0348440029050169,0.965155997094983
460,0,1,2.22044604925031e-16
461,1,0.126644170899453,0.873355829100547
462,0,0.999571620652211,0.000428379347789313
463,0,0.658581039014383,0.341418960985617
464,0,0.999999999920915,7.9084558793605e-11
465,0,0.999997115452167,2.88454783280942e-06
466,0,0.999812313972191,0.00018768602780872
467,0,0.999998442949377,1.55705062332786e-06
468,0,0.999981810561976,1.81894380238714e-05
469,0,0.999995355216439,4.64478356112628e-06
470,1,0.0320619928262991,0.967938007173701
471,0,0.999986030220867,1.39697791332017e-05
472,0,0.93440315418939,0.0655968458106097
473,0,0.999767995759579,0.000232004240420715
474,0,0.999999972563991,2.74360091712629e-08
475,0,0.999999999974726,2.52739385472233e-11
476,1,0.000566156772952353,0.999433843227048
477,0,0.862092423460717,0.137907576539283
478,1,0.0136769586461136,0.986323041353886
479,0,0.997225655861176,0.00277434413882366
480,0,1,2.22044604925031e-16
481,0,0.999551295512183,0.000448704487816811
482,0,1,2.22044604925031e-16
483,0,0.860107371051906,0.139892628948094
484,0,0.999514194997253,0.000485805002747153
485,1,0.00429586541808735,0.995704134581913
486,1,0.201725703545226,0.798274296454774
487,0,0.999998720339846,1.27966015395262e-06
488,0,0.944744732775101,0.0552552672248989
489,0,0.999366054943532,0.000633945056468056
490,0,0.999985692982376,1.43070176244258e-05
491,0,0.763552012247244,0.236447987752756
492,0,0.999633430709351,0.000366569290648854
493,0,0.999999901911936,9.80880642989167e-08
494,1,0.300263604469488,0.699736395530512
495,0,0.959539992792912,0.0404600072070883
496,0,0.898614726447605,0.101385273552395
497,1,0.00691639186221904,0.993083608137781
498,0,1,2.22044604925031e-16
499,0,1,2.22044604925031e-16
500,0,0.997380820317315,0.00261917968268512
501,0,0.999999999971375,2.86252733725536e-11
502,0,0.776505539697548,0.223494460302452
503,0,0.999982970773905,1.70292260950788e-05
504,0,0.999755450410222,0.0002445495897781
505,0,0.999998724383363,1.27561663714069e-06
506,0,0.883153390225816,0.116846609774184
507,0,0.999995818210047,4.18178995256806e-06
509,0,0.99999866858355,1.33141644972409e-06
510,1,0.0398376010311368,0.960162398968863
511,0,0.664246332936685,0.335753667063315
512,0,0.999998380387663,1.61961233747631e-06
513,0,0.999992335018789,7.66498121065751e-06
514,1,0.498461692283911,0.501538307716089
515,0,1,2.22044604925031e-16
516,0,1,2.22044604925031e-16
517,0,0.999707627274522,0.000292372725478096
518,0,1,2.22044604925031e-16
519,0,0.975470933222632,0.0245290667773676
520,1,0.00840260772921064,0.991597392270789
521,1,0.0220629976221054,0.977937002377895
522,0,0.999144701143005,0.000855298856995274
523,0,0.999281246733243,0.000718753266757158
524,0,0.999999999563751,4.36248913795632e-10
525,0,0.999999992078178,7.92182168663737e-09
526,0,0.99934659070126,0.000653409298739679
527,0,0.99999999960558,3.9442000254055e-10
528,0,0.980951850103984,0.0190481498960157
529,0,0.999999999249086,7.50914114222386e-10
530,0,0.989627762763014,0.0103722372369858
531,0,0.999984888214728,1.51117852721254e-05
532,0,0.99998655177642,1.34482235804516e-05
533,1,0.000976454812906424,0.999023545187094
534,0,1,2.22044604925031e-16
535,0,0.999983586645489,1.641335451059e-05
536,0,0.945681728814622,0.0543182711853776
537,0,1,2.22044604925031e-16
538,0,0.981354544262979,0.0186454557370214
539,0,1,2.22044604925031e-16
540,0,0.999996056330114,3.94366988598165e-06
541,0,0.999832003075653,0.000167996924346588
542,0,0.999999992558531,7.44146860718142e-09
543,1,0.109602373156883,0.890397626843117
544,0,0.999999999894377,1.05623331734419e-10
545,1,0.103910965430992,0.896089034569008
546,0,0.999999999999643,3.57085613620493e-13
547,0,1,2.22044604925031e-16
548,1,0.0132845570924109,0.986715442907589
549,0,0.999951399061235,4.86009387652195e-05
550,0,0.776506467965292,0.223493532034708
551,1,0.419116548268023,0.580883451731977
552,0,0.994336749124507,0.00566325087549291
553,0,0.999999999998046,1.95351550587165e-12
554,0,1,2.22044604925031e-16
555,0,0.999999999644317,3.55683123116889e-10
556,0,0.999999999905422,9.45777311786862e-11
557,1,0.288493888574159,0.711506111425841
558,0,0.963958984052886,0.0360410159471143
559,0,1,2.22044604925031e-16
560,1,0.0107259068754753,0.989274093124525
561,0,1,2.22044604925031e-16
562,0,0.999350360216741,0.000649639783258961
563,1,0.2095310543838,0.7904689456162
564,1,0.013554919586094,0.986445080413906
565,0,0.827752832850312,0.172247167149688
566,0,0.997604315252027,0.00239568474797344
567,1,0.00444660753272308,0.995553392467277
568,0,1,2.22044604925031e-16
569,0,0.999937017575108,6.29824248922936e-05
570,0,0.996434181020805,0.00356581897919537
571,0,0.999577894333784,0.000422105666215575
572,0,0.995797446308461,0.00420255369153872
573,0,1,2.22044604925031e-16
574,0,0.999828211919144,0.000171788080856539
575,0,1,2.22044604925031e-16
576,1,0.0301601002894099,0.96983989971059
577,0,1,2.22044604925031e-16
579,0,0.999999976567639,2.34323606313507e-08
580,0,0.941678503212208,0.0583214967877918
581,0,0.999999948872687,5.11273131420587e-08
582,0,1,2.22044604925031e-16
583,0,1,2.22044604925031e-16
584,0,0.856432792719243,0.143567207280757
585,0,0.999999999953761,4.62391220638376e-11
586,0,1,2.22044604925031e-16
587,0,0.997001852418836,0.00299814758116445
588,0,0.999943301260593,5.66987394067378e-05
589,0,0.999466416011051,0.000533583988949386
590,0,0.999999999996382,3.61787691319427e-12
591,0,0.999999275195491,7.24804509424601e-07
592,1,0.0108321145762743,0.989167885423726
594,0,0.978301341583818,0.021698658416182
595,0,1,2.22044604925031e-16
596,0,1,2.22044604925031e-16
597,1,0.246357081475047,0.753642918524953
598,0,0.625965852216389,0.374034147783611
599,0,0.991019100668053,0.00898089933194692
600,1,0.00126936473414674,0.998730635265853
601,0,1,2.22044604925031e-16
602,0,1,2.22044604925031e-16
603,0,0.999979177598686,2.08224013140525e-05
604,1,0.452746906512529,0.547253093487471
605,0,0.999999138658509,8.61341491410415e-07
606,0,1,2.22044604925031e-16
607,0,0.996745946522064,0.00325405347793627
608,0,0.999999999999637,3.63252053449561e-13
609,0,0.998431789878194,0.00156821012180628
610,0,0.999838120050474,0.000161879949525618
611,0,1,2.22044604925031e-16
612,1,0.0175220965095446,0.982477903490455
613,0,0.999999999957796,4.22036150850311e-11
614,0,0.998893990481799,0.00110600951820112
615,0,0.999510987858895,0.000489012141104858
617,0,0.99999934385599,6.56144009628482e-07
618,0,0.999999860694974,1.39305025717223e-07
619,1,0.30777967367756,0.69222032632244
620,0,1,2.22044604925031e-16
621,0,0.999584293386193,0.000415706613807293
622,0,1,2.22044604925031e-16
623,0,0.999927157658458,7.28423415417664e-05
624,0,0.999822314409116,0.000177685590884421
625,1,0.00636563310001315,0.993634366899987
626,0,0.999999320557694,6.79442305956106e-07
627,0,0.999999915524095,8.44759051394592e-08
628,0,0.999999559541245,4.40458754908225e-07
629,0,0.99999556930388,4.43069611980252e-06
630,0,0.973768945723682,0.0262310542763176
631,0,0.968441456244299,0.0315585437557005
632,0,0.999999999999786,2.14301311688305e-13
633,0,0.999950784393524,4.92156064759204e-05
634,0,0.992899279817124,0.00710072018287606
635,0,0.999942283257106,5.77167428936389e-05
636,0,0.959503077626425,0.0404969223735752
637,0,0.999807561186743,0.000192438813257341
638,0,0.99828100084387,0.00171899915613053
639,0,0.999999937688178,6.23118220389453e-08
640,0,0.999826229853684,0.000173770146315683
641,0,0.992157216072146,0.00784278392785426
642,1,8.31356669839245e-07,0.99999916864333
643,0,0.999999987445161,1.25548386719262e-08
644,0,1,2.22044604925031e-16
645,0,0.999402915113773,0.000597084886226838
646,0,0.999998725689166,1.27431083429317e-06
647,0,1,2.22044604925031e-16
648,0,0.999996460339738,3.53966026180192e-06
649,0,0.801737292580037,0.198262707419963
650,1,1.84258915592039e-06,0.999998157410844
651,0,0.999997283529168,2.71647083171997e-06
652,0,1,2.22044604925031e-16
653,0,0.999330077327911,0.0006699226720885
654,1,5.30944315180193e-08,0.999999946905568
655,0,0.999997156679557,2.84332044346263e-06
656,0,0.999997972871751,2.02712824893428e-06
657,1,0.0236629738486041,0.976337026151396
658,1,0.000118698808706075,0.999881301191294
659,0,0.999722858394289,0.000277141605711366
660,0,0.999383278263921,0.000616721736079358
661,0,0.999999999596353,4.03646643097652e-10
662,0,0.999907444626089,9.25553739112113e-05
663,0,0.999999288650124,7.11349875991087e-07
664,0,0.999999999989243,1.07565235204384e-11
665,0,0.999868892875823,0.000131107124177166
666,0,0.999997787765731,2.21223426856857e-06
667,1,0.0802725241898966,0.919727475810103
668,0,1,2.22044604925031e-16
669,1,0.00641772855557909,0.993582271444421
670,0,1,2.22044604925031e-16
671,0,0.999995719706282,4.28029371808493e-06
672,0,0.996837400763984,0.00316259923601595
673,1,0.446071810027156,0.553928189972844
674,0,1,2.22044604925031e-16
675,0,0.999999947905018,5.20949817627731e-08
676,0,1,2.22044604925031e-16
677,0,0.992303819388682,0.00769618061131848
678,1,0.00167870746795873,0.998321292532041
679,0,0.999999965935399,3.40646010156789e-08
680,0,0.999999915783159,8.42168408912943e-08
681,0,0.999999774870081,2.25129918632763e-07
682,1,0.197062898655306,0.802937101344694
683,0,0.999999986496384,1.35036165007046e-08
684,0,0.999999999885269,1.14731104180893e-10
685,0,0.999999999743884,2.56116074058551e-10
686,0,0.982225237702334,0.0177747622976658
687,0,1,2.22044604925031e-16
688,0,1,2.22044604925031e-16
689,0,0.872905724541826,0.127094275458174
690,0,0.999999999975845,2.4155076561477e-11
691,0,0.743126622858279,0.256873377141721
692,0,0.999999999987637,1.2363316603366e-11
693,0,1,2.22044604925031e-16
694,0,1,2.22044604925031e-16
695,0,1,2.22044604925031e-16
696,0,0.539136661057542,0.460863338942458
697,0,0.99887120128727,0.00112879871272975
698,0,0.994834743521543,0.00516525647845697
699,0,0.999967848878757,3.21511212434915e-05
700,0,0.968965985229179,0.0310340147708214
701,1,0.000155302936582946,0.999844697063417
702,0,0.878675456647202,0.121324543352798
703,0,0.991221643063282,0.00877835693671766
704,0,0.659070645026543,0.340929354973457
705,0,0.99885072708224,0.00114927291776037
706,0,0.999966306552594,3.36934474061119e-05
707,0,0.999358219878561,0.000641780121438823
708,0,0.994909500917563,0.00509049908243682
709,1,0.0191440067616733,0.980855993238327
710,1,0.0534381525754507,0.946561847424549
711,0,0.999642050559481,0.000357949440519137
712,0,0.998651767882338,0.0013482321176619
713,0,0.999999849199084,1.50800916232602e-07
714,1,0.197902728846409,0.802097271153591
715,1,0.000331025621900016,0.9996689743781
716,1,0.00234041931626028,0.99765958068374
717,0,0.999999086397055,9.13602944602509e-07
718,0,1,2.22044604925031e-16
719,0,1,2.22044604925031e-16
720,0,0.999979986156216,2.00138437838571e-05
721,0,0.915589992791203,0.0844100072087968
722,0,0.996662358109179,0.00333764189082093
723,0,0.999999999210952,7.89048333719584e-10
724,0,1,2.22044604925031e-16
725,0,0.999993679080872,6.32091912770495e-06
726,1,0.147335460128671,0.852664539871329
727,1,0.272870405527061,0.727129594472939
728,0,1,2.22044604925031e-16
729,1,0.068570055518577,0.931429944481423
730,0,0.999993236006555,6.76399344547275e-06
731,0,0.997632446284769,0.00236755371523117
732,0,0.921429367987156,0.0785706320128437
733,0,0.999999997118613,2.88138751610397e-09
734,0,0.999999998964206,1.035794032644e-09
735,0,0.999990033586616,9.96641338378547e-06
736,0,0.7802595509255,0.2197404490745
737,0,0.99999999947864,5.21359669441215e-10
738,1,0.0043954351940757,0.995604564805924
739,0,0.74520819448279,0.25479180551721
740,1,0.0100487943823866,0.989951205617613
741,0,0.999999834194868,1.65805131729951e-07
742,0,1,2.22044604925031e-16
743,1,0.118770261561034,0.881229738438966
744,1,0.0022215590194371,0.997778440980563
745,0,0.999999985214814,1.47851855073246e-08
746,0,0.999983806779542,1.6193220458203e-05
747,0,0.999999999999885,1.14676944182053e-13
748,0,1,2.22044604925031e-16
749,0,0.999999999994162,5.83752443380565e-12
751,0,1,2.22044604925031e-16
752,0,1,2.22044604925031e-16
753,0,1,2.22044604925031e-16
755,0,0.755078718059735,0.244921281940265
756,0,0.988272505560313,0.0117274944396871
757,1,0.0251474459628021,0.974852554037198
758,0,0.553988153194109,0.446011846805891
759,0,1,2.22044604925031e-16
760,0,0.983407653801632,0.016592346198368
761,0,0.940092599997074,0.0599074000029257
763,0,0.999997642864033,2.35713596675695e-06
764,0,1,2.22044604925031e-16
765,0,0.999986871928996,1.3128071004433e-05
766,0,1,2.22044604925031e-16
767,1,0.465940486448051,0.534059513551949
768,1,0.00397487355337833,0.996025126446622
769,1,0.00213090942340688,0.997869090576593
770,0,0.999992404466227,7.59553377304965e-06
771,0,0.51511529134907,0.48488470865093
772,0,0.913217589412624,0.0867824105873761
773,0,0.90873767347925,0.0912623265207502
774,0,0.999082988787247,0.000917011212753375
775,0,0.999904091129078,9.5908870921791e-05
776,1,0.040579959887143,0.959420040112857
777,1,0.0156491078778266,0.984350892122173
778,0,0.999990673926866,9.32607313443566e-06
779,0,0.9999963236984,3.67630159976919e-06
780,0,0.999812273013686,0.000187726986314108
781,0,1,2.22044604925031e-16
782,0,0.999999457614042,5.42385957708226e-07
783,0,0.999999787749941,2.12250059366687e-07
784,0,0.999999944626325,5.53736746118801e-08
785,0,0.516384005435166,0.483615994564834
786,0,1,2.22044604925031e-16
787,0,0.996938787607939,0.00306121239206126
788,1,0.335565367132462,0.664434632867538
789,0,1,2.22044604925031e-16
790,0,0.999999760602065,2.39397935505603e-07
791,0,0.999993715865679,6.28413432097835e-06
792,1,0.000219880715693566,0.999780119284306
793,1,0.0487918091641699,0.95120819083583
794,0,0.999989309991157,1.06900088431278e-05
795,0,0.999998844512671,1.15548732920627e-06
796,0,0.999999960717248,3.92827519701527e-08
797,0,0.999716094328416,0.00028390567158432
798,0,0.999454364101183,0.000545635898816712
800,0,0.999693611022288,0.000306388977712362
801,0,0.848473643374206,0.151526356625794
802,0,1,2.22044604925031e-16
803,1,0.0156987287127007,0.984301271287299
804,0,0.99999998095481,1.90451900211952e-08
805,0,0.999231565676524,0.000768434323475936
806,0,0.997174097726758,0.00282590227324211
807,0,0.999268583185712,0.000731416814287953
808,0,0.999986451837123,1.35481628770188e-05
809,0,0.63122877009963,0.36877122990037
810,0,0.999400282893665,0.000599717106334898
811,0,0.99997199021313,2.80097868703026e-05
812,0,0.989470795978675,0.0105292040213251
813,0,0.659627738171075,0.340372261828925
815,1,0.100685251624336,0.899314748375664
816,0,0.999999983548433,1.64515673932457e-08
817,0,0.999999998792112,1.20788806705327e-09
818,0,0.999999999641436,3.58564213559024e-10
819,0,0.999866032163958,0.00013396783604207
820,0,1,2.22044604925031e-16
821,0,0.999521830403702,0.000478169596297685
822,0,1,2.22044604925031e-16
823,0,0.999999999957381,4.26190980196449e-11
824,0,0.998108161763176,0.00189183823682449
825,0,0.999999933324125,6.66758754395418e-08
826,0,0.993392236255292,0.00660776374470755
827,0,0.556266253173331,0.443733746826669
828,0,1,2.22044604925031e-16
829,0,0.878051770907784,0.121948229092216
830,0,1,2.22044604925031e-16
831,0,0.99999380038808,6.1996119197805e-06
832,0,0.999999991036536,8.96346414330753e-09
834,0,0.611742343397902,0.388257656602098
835,0,0.999999970168061,2.98319388991118e-08
836,0,0.985422237382098,0.0145777626179016
837,0,1,2.22044604925031e-16
838,0,0.999990424768206,9.57523179445166e-06
839,0,0.513165261308692,0.486834738691308
840,0,0.999999826836018,1.73163982463096e-07
841,0,1,2.22044604925031e-16
842,1,6.43442461512045e-06,0.999993565575385
843,0,0.999994996518556,5.00348144432695e-06
844,0,0.999999999961014,3.89856033065286e-11
845,0,1,2.22044604925031e-16
846,0,0.999999978364614,2.16353864689844e-08
847,1,0.0250124526956854,0.974987547304315
848,0,0.994452147990837,0.00554785200916255
849,1,5.11630143489317e-05,0.999948836985651
850,1,0.00363782233121124,0.996362177668789
851,0,0.997626828900183,0.00237317109981676
852,0,0.999993999383508,6.00061649218457e-06
853,1,0.269162427698196,0.730837572301804
854,0,0.999999771626111,2.28373888827004e-07
855,0,0.99999999998772,1.22796451239211e-11
856,0,0.999999999079509,9.20491057457105e-10
857,1,0.205378825738243,0.794621174261757
858,0,0.673980944038716,0.326019055961284
859,0,0.999998824961337,1.17503866349473e-06
860,1,0.0338691480141465,0.966130851985853
861,0,0.923264937310599,0.0767350626894015
862,1,0.157864055359996,0.842135944640004
863,1,0.00182337169164293,0.998176628308357
864,1,0.0342328967447623,0.965767103255238
865,0,0.99999768260535,2.31739465015222e-06
866,0,0.999673886500187,0.000326113499813386
867,1,0.0414283178886043,0.958571682111396
868,0,0.999999998161192,1.83880784749851e-09
869,0,0.939757295105379,0.0602427048946206
870,1,0.0265440549857325,0.973455945014267
871,0,0.999992779020955,7.22097904485069e-06
872,0,0.999999998049485,1.95051451746466e-09
873,0,1,2.22044604925031e-16
874,0,0.999999999437114,5.62885896644301e-10
875,0,0.999974204161936,2.57958380637917e-05
876,0,0.888034334538989,0.111965665461011
877,0,0.999714052844973,0.000285947155027065
878,0,0.999958067519027,4.19324809728661e-05
879,0,0.999999999711107,2.88893021010414e-10
880,0,0.999820377853712,0.000179622146288181
881,0,0.999979666001589,2.03339984114243e-05
882,0,0.999979927169032,2.00728309685253e-05
883,0,0.999993711395734,6.28860426622657e-06
884,0,0.999802779155113,0.000197220844886654
885,0,0.73745621518829,0.26254378481171
886,0,0.999999807936948,1.92063052056852e-07
887,0,0.999999999812109,1.87891026637973e-10
888,0,0.99999999889003,1.10997024839534e-09
889,0,0.999999999981082,1.89175562540018e-11
890,0,0.999971392998551,2.8607001448858e-05
891,1,0.000350941966248519,0.999649058033751
892,1,0.0524359267931678,0.947564073206832
893,0,1,2.22044604925031e-16
894,1,0.136726514452738,0.863273485547262
895,0,0.99999717331254,2.82668745961999e-06
897,1,0.00977569351301666,0.990224306486983
898,0,0.999999979927389,2.00726110455673e-08
899,0,1,2.22044604925031e-16
900,0,0.999786276470051,0.000213723529949373
901,0,0.999997179632519,2.82036748063645e-06
902,0,0.999999888120513,1.11879486666288e-07
903,1,0.0673102034719687,0.932689796528031
904,0,1,2.22044604925031e-16
905,0,0.930844925279618,0.0691550747203823
906,0,0.997894460656343,0.00210553934365726
907,1,0.000139262568897514,0.999860737431102
908,0,0.984823989856728,0.0151760101432722
909,0,0.997773440746036,0.00222655925396445
910,0,0.999999899038527,1.00961473226375e-07
911,0,1,2.22044604925031e-16
912,0,0.99999950308963,4.96910369949893e-07
913,0,1,2.22044604925031e-16
914,0,0.992045625780396,0.00795437421960437
915,0,0.999986190126394,1.38098736063163e-05
916,1,0.392143240051138,0.607856759948862
917,0,0.991267076287839,0.00873292371216053
918,1,0.00227023753258038,0.99772976246742
919,0,1,2.22044604925031e-16
920,0,0.999999883537678,1.1646232230622e-07
921,0,0.99748591360177,0.00251408639822959
922,0,1,2.22044604925031e-16
923,0,0.999999999965379,3.46210835313364e-11
924,0,0.999768881214569,0.000231118785430591
925,0,1,2.22044604925031e-16
926,1,0.00414754866986233,0.995852451330138
927,1,0.122674108908633,0.877325891091367
928,0,0.999999999635988,3.64012276313621e-10
929,0,1,2.22044604925031e-16
930,1,0.159985114108739,0.840014885891261
931,0,0.85524480207033,0.14475519792967
932,0,0.999999999569498,4.30502268212207e-10
933,0,0.999999994313029,5.68697145402527e-09
934,0,0.955004460243966,0.0449955397560339
935,0,0.985658730651118,0.0143412693488817
936,0,0.999999999949625,5.03752897930045e-11
937,0,1,2.22044604925031e-16
938,0,0.550493770371581,0.449506229628419
939,0,0.999969969924539,3.00300754605885e-05
940,0,1,2.22044604925031e-16
941,0,0.702597989755883,0.297402010244117
942,1,0.0366555778593256,0.963344422140674
943,0,1,2.22044604925031e-16
945,0,0.999999999994528,5.47197701291238e-12
946,0,0.575912081203215,0.424087918796785
947,0,1,2.22044604925031e-16
948,0,1,2.22044604925031e-16
949,1,0.413498538036948,0.586501461963052
950,0,0.999999998429928,1.570071542231e-09
951,1,1.99104460774091e-06,0.999998008955392
952,0,1,2.22044604925031e-16
953,0,0.999981685163244,1.83148367557673e-05
954,1,0.0530917155678677,0.946908284432132
955,0,0.951888183546861,0.0481118164531392
956,1,0.0263230785734132,0.973676921426587
957,0,0.999994535210811,5.46478918861193e-06
958,0,0.999885134198824,0.00011486580117575
959,1,0.00106260843273298,0.998937391567267
960,0,1,2.22044604925031e-16
961,0,0.99999999999747,2.52962717153846e-12
962,0,0.999919969931557,8.00300684432446e-05
963,0,0.524409420646204,0.475590579353796
964,0,0.999523526371572,0.000476473628428359
965,1,0.00754717365333557,0.992452826346664
966,0,0.588525073131308,0.411474926868692
967,0,0.501722650297249,0.498277349702751
968,1,0.0603191748617331,0.939680825138267
969,0,0.999989423758465,1.0576241535481e-05
970,0,0.999524987266061,0.000475012733939229
971,0,1,2.22044604925031e-16
972,0,0.999865023833121,0.000134976166879277
973,0,1,2.22044604925031e-16
974,0,0.999775146425894,0.000224853574105794
975,0,1,2.22044604925031e-16
976,0,0.887057174589792,0.112942825410208
977,0,0.999005514472933,0.000994485527066757
978,0,0.999999959318357,4.06816428119997e-08
979,1,0.00378385285490335,0.996216147145097
980,0,0.999922239860429,7.77601395706507e-05
981,0,0.997104321531866,0.00289567846813372
982,0,0.997980871533941,0.00201912846605948
983,0,0.999652196917888,0.000347803082112138
984,1,0.43218721927385,0.56781278072615
985,0,1,2.22044604925031e-16
986,0,0.999990883062918,9.11693708240287e-06
987,0,0.999996990385758,3.00961424187864e-06
988,1,0.348205562992421,0.651794437007579
989,0,0.999975488972474,2.45110275255963e-05
990,1,0.000796405187945659,0.999203594812054
992,0,0.999994690797537,5.3092024625612e-06
993,1,0.0525392534656463,0.947460746534354
994,1,0.00555656497815205,0.994443435021848
995,0,0.99999964454411,3.55455890059297e-07
996,0,1,2.22044604925031e-16
997,0,0.994119648947249,0.00588035105275137
998,0,0.999999226753011,7.73246989400971e-07
999,1,0.00808559142592491,0.991914408574075
1000,1,0.096555535410904,0.903444464589096
1001,0,0.999999962067578,3.793242239084e-08
1002,0,0.99867871100522,0.00132128899478026
1003,0,0.99999527876333,4.72123666996872e-06
1004,0,0.999985617009711,1.43829902893418e-05
1005,0,0.999999686225592,3.13774408117088e-07
1006,0,0.997732814164744,0.00226718583525596
1007,0,0.999734684500933,0.000265315499067438
1008,0,0.999999520703681,4.79296319456205e-07
1009,0,0.999999999999157,8.43490744191275e-13
1010,0,1,2.22044604925031e-16
1011,0,0.510702777321895,0.489297222678105
1012,0,0.970379035477715,0.0296209645222849
1013,0,0.55789501806206,0.44210498193794
1014,0,0.963009151353476,0.0369908486465238
1015,0,1,2.22044604925031e-16
1016,1,0.00021108523862734,0.999788914761373
1017,0,1,2.22044604925031e-16
1018,0,0.999999999999745,2.54898985907575e-13
1019,1,0.0449170140178748,0.955082985982125
1020,0,0.953992094879906,0.0460079051200942
1021,0,0.999999999999583,4.16575816210121e-13
1022,1,0.0505122569773696,0.94948774302263
1023,0,0.999999999038944,9.61055948149072e-10
1024,0,1,2.22044604925031e-16
1025,1,0.0780326177701007,0.921967382229899
1026,0,1,2.22044604925031e-16
1027,0,1,2.22044604925031e-16
1028,0,0.995461559926561,0.00453844007343914
1029,1,0.226331172478457,0.773668827521543
1030,0,0.964733850547046,0.0352661494529536
1031,0,0.99911723905778,0.000882760942219912
1032,0,0.999801263034543,0.000198736965457261
1033,0,0.999994435747181,5.56425281924688e-06
1034,0,0.999939725916412,6.0274083588178e-05
1035,1,0.47868056567282,0.52131943432718
1036,1,0.242223512436266,0.757776487563734
1037,1,0.000462339349121543,0.999537660650878
1038,0,0.999700148019232,0.000299851980768034
1039,0,0.998287344874438,0.00171265512556219
1040,1,0.0471079890083114,0.952892010991689
1041,0,1,2.22044604925031e-16
1042,0,0.999720666863345,0.000279333136655046
1043,0,0.997348400779426,0.00265159922057405
1044,0,0.999999999988164,1.18363775737197e-11
1045,1,0.102324598609338,0.897675401390662
1046,0,1,2.22044604925031e-16
1047,0,0.999999998865072,1.13492842348572e-09
1048,0,0.915844158052594,0.0841558419474065
1049,0,0.998663635492426,0.00133636450757422
1050,0,1,2.22044604925031e-16
1051,0,0.999941119705536,5.88802944637894e-05
1052,0,0.999974084828332,2.59151716679413e-05
1053,0,1,2.22044604925031e-16
1054,0,0.999999860895998,1.39104002251747e-07
1055,0,1,2.22044604925031e-16
1056,0,0.999999640026759,3.59973241042672e-07
1057,0,0.998806361431985,0.00119363856801536
1058,0,1,2.22044604925031e-16
1059,1,0.115837411025471,0.884162588974529
1060,0,0.620247104087953,0.379752895912047
1061,0,0.999999850977195,1.49022805461602e-07
1062,1,4.19256387385047e-08,0.999999958074361
1063,0,1,2.22044604925031e-16
1064,1,0.393577102013539,0.606422897986461
1065,0,1,2.22044604925031e-16
1066,0,0.999999981129579,1.88704206988148e-08
1067,0,0.999999999999391,6.09122110418916e-13
1068,0,0.999997501343696,2.49865630415839e-06
1069,0,0.985745761911623,0.0142542380883767
1070,0,0.999997652060825,2.34793917494449e-06
1071,0,1,2.22044604925031e-16
1072,0,0.69452776997186,0.30547223002814
1073,0,0.996933004128694,0.00306699587130592
1074,0,0.999999861518957,1.38481042815234e-07
1075,0,1,2.22044604925031e-16
1076,0,0.99880154049325,0.00119845950674971
1077,1,0.0057624275238547,0.994237572476145
1078,1,0.12900389445011,0.87099610554989
1079,0,1,2.22044604925031e-16
1080,1,0.0799671583232879,0.920032841676712
1081,0,0.999998812517692,1.18748230811663e-06
1082,0,1,2.22044604925031e-16
1083,0,1,2.22044604925031e-16
1084,0,0.998856097246908,0.00114390275309185
1085,0,1,2.22044604925031e-16
1086,1,0.0209985540938858,0.979001445906114
1087,0,0.987987801900012,0.0120121980999878
1088,0,0.999490833345574,0.000509166654425844
1089,0,0.999835922118199,0.000164077881800658
1090,0,0.999557744682499,0.000442255317500713
1091,1,0.000948335524739052,0.999051664475261
1092,0,0.999999843278965,1.56721034905424e-07
1093,0,0.999759337844004,0.000240662155996464
1094,0,1,2.22044604925031e-16
1095,0,0.996952584428655,0.00304741557134539
1096,0,1,2.22044604925031e-16
1097,1,0.251137133396951,0.748862866603049
1098,0,1,2.22044604925031e-16
1099,0,0.61190385201717,0.38809614798283
1100,0,0.999999999971101,2.88993746747331e-11
1101,0,0.761087698626135,0.238912301373865
1102,1,0.000201817843251462,0.999798182156749
1103,0,0.999975110155033,2.48898449673978e-05
1104,0,0.999999857321343,1.42678656599625e-07
1105,0,0.995208815596168,0.00479118440383184
1106,0,0.999999908484064,9.15159359635554e-08
1107,0,0.999078024971905,0.000921975028095448
1108,0,0.999922891296712,7.71087032882434e-05
1109,0,1,2.22044604925031e-16
1110,0,0.986826262376825,0.0131737376231749
1111,0,0.993121409579664,0.00687859042033569
1112,0,0.999999934604529,6.53954705590991e-08
1113,0,0.952696693436796,0.0473033065632037
1114,1,0.00625829959784452,0.993741700402155
1115,0,0.999998574015221,1.42598477952094e-06
1116,0,1,2.22044604925031e-16
1117,0,0.981730282541346,0.0182697174586543
1118,0,0.999999850018229,1.49981771487345e-07
1120,0,0.99999987596448,1.24035520285921e-07
1122,0,0.997575786246372,0.00242421375362789
1123,0,1,2.22044604925031e-16
1124,0,0.988169896734451,0.0118301032655485
1125,1,0.0128409931240863,0.987159006875914
1126,1,0.0156120721417845,0.984387927858215
1127,0,0.90611352981951,0.0938864701804897
1128,0,0.99802817938601,0.00197182061399023
1129,0,0.998386950830495,0.00161304916950541
1130,0,0.997841881099008,0.00215811890099168
1131,0,0.999999990924865,9.07513513576134e-09
1132,0,0.999995903743162,4.0962568375205e-06
1133,0,1,2.22044604925031e-16
1134,1,0.00255837562502692,0.997441624374973
1135,0,0.999839960173854,0.000160039826145948
1136,1,0.00262993444180715,0.997370065558193
1137,0,0.99999978940039,2.1059961030071e-07
1138,1,0.0141998814624356,0.985800118537564
1139,0,0.999825205128733,0.00017479487126716
1140,0,1,2.22044604925031e-16
1142,0,0.999992291632938,7.70836706235563e-06
1143,0,0.999999998857143,1.14285711622201e-09
1144,0,0.999999999999196,8.04127987115202e-13
1145,0,0.999941572029354,5.84279706459731e-05
1146,0,0.999998818788817,1.18121118255288e-06
1147,0,0.999209314687393,0.000790685312606691
1148,0,1,2.22044604925031e-16
1149,0,1,2.22044604925031e-16
1150,0,1,2.22044604925031e-16
1151,0,0.999999049659387,9.50340613467618e-07
1152,0,0.999977557833368,2.24421666317551e-05
1153,0,0.998720730345759,0.00127926965424055
1154,0,0.818548667823008,0.181451332176992
1155,0,1,2.22044604925031e-16
1156,0,0.999999996856013,3.14398678857302e-09
1157,0,0.999951115893737,4.88841062629009e-05
1158,0,0.999999989220508,1.07794920298444e-08
1159,0,0.99722191829998,0.00277808170002003
1160,0,0.999999993737987,6.26201345595068e-09
1161,0,0.99951954400775,0.000480455992250163
1162,1,0.240831325573265,0.759168674426735
1163,1,0.00162206059322401,0.998377939406776
1164,0,0.9999633446912,3.66553088001177e-05
1165,0,0.999985475101198,1.45248988018406e-05
1166,0,0.999999999426086,5.73913674298571e-10
1167,0,0.999914797777684,8.52022223158972e-05
1168,0,0.999992243080499,7.75691950076794e-06
1169,0,0.945232949800159,0.0547670501998411
1170,0,1,2.22044604925031e-16
1171,1,0.0735056431278793,0.926494356872121
1172,0,0.999979264107506,2.07358924939767e-05
1173,0,0.98876970284793,0.01123029715207
1174,0,0.99978436745706,0.000215632542940438
1175,0,0.99999997312526,2.68747403238466e-08
1176,0,1,2.22044604925031e-16
1177,0,0.999972111681523,2.78883184772608e-05
1178,1,0.0328344978729491,0.967165502127051
1179,1,0.00903313904180614,0.990966860958194
1180,0,0.70173086959925,0.29826913040075
1181,0,0.999995934047558,4.06595244154218e-06
1182,0,0.870609527297657,0.129390472702343
1183,0,1,2.22044604925031e-16
1184,0,0.99999877095632,1.22904368000893e-06
1185,1,0.0242257990111389,0.975774200988861
1186,0,0.999261686428507,0.000738313571493016
1187,0,0.999999997563681,2.43631929552249e-09
1188,0,1,2.22044604925031e-16
1189,0,0.999999943568003,5.64319972876888e-08
1190,0,0.999999994389384,5.61061647065729e-09
1191,0,0.999981080900303,1.89190996964835e-05
1192,0,1,2.22044604925031e-16
1193,1,0.0079174914601492,0.992082508539851
1194,0,1,2.22044604925031e-16
1195,0,0.999999935029802,6.49701981351782e-08
1196,0,1,2.22044604925031e-16
1197,0,1,2.22044604925031e-16
1198,1,0.0435157897540377,0.956484210245962
1199,0,0.999999938708269,6.12917310705541e-08
1200,0,1,2.22044604925031e-16
1201,0,0.999994839556515,5.1604434853738e-06
1202,0,0.971733418711816,0.0282665812881842
1203,0,0.999842493088271,0.000157506911729459
1204,0,0.999936983865956,6.30161340437091e-05
1205,0,0.999998486789105,1.51321089490173e-06
1206,0,0.997416521634022,0.0025834783659779
1207,0,0.999810037272676,0.000189962727323471
1208,0,0.999994625417372,5.3745826279656e-06
1209,0,1,2.22044604925031e-16
1210,0,0.999999999929643,7.03574849830665e-11
1211,0,0.749279926720907,0.250720073279093
1212,0,0.999999999999904,9.64769501743366e-14
1213,0,0.999999999994857,5.14342598475368e-12
1214,0,0.999998474889159,1.52511084140038e-06
1215,0,1,2.22044604925031e-16
1216,1,0.0117124246200749,0.988287575379925
1217,1,0.245667179398943,0.754332820601057
1218,1,7.91469352534602e-05,0.999920853064747
1220,0,0.998099232225593,0.00190076777440742
1221,1,0.0258841141408122,0.974115885859188
1222,0,0.997049446998342,0.00295055300165811
1223,0,1,2.22044604925031e-16
1225,0,0.999999996113905,3.88609483268446e-09
1226,1,0.226964537044751,0.773035462955249
1227,0,0.999985767173366,1.42328266338842e-05
1228,0,0.999999960274661,3.97253385441646e-08
1229,1,0.343186180104662,0.656813819895338
1230,0,0.999999483231559,5.16768440963008e-07
1231,0,0.942943305117587,0.0570566948824135
1232,0,0.903943524686463,0.0960564753135369
1233,0,0.999970800924883,2.91990751167369e-05
1234,0,0.999993062884053,6.93711594748524e-06
1235,0,1,2.22044604925031e-16
1236,0,0.999999408947295,5.91052704828596e-07
1237,1,0.000262527001700263,0.9997374729983
1238,1,0.135421939717523,0.864578060282477
1239,0,0.999999297665664,7.02334335628022e-07
1240,0,0.999999385719962,6.14280038353818e-07
1241,0,1,2.22044604925031e-16
1242,0,0.999806158954231,0.000193841045769005
1243,1,0.010523973463981,0.989476026536019
1244,0,0.995605312194046,0.00439468780595378
1245,0,0.999144074305773,0.000855925694227424
1246,0,0.999999736651778,2.63348222195409e-07
1247,0,1,2.22044604925031e-16
1248,0,0.862702781126803,0.137297218873197
1249,0,0.992936344440684,0.00706365555931639
1250,0,0.999999999981366,1.86340089529146e-11
1251,1,0.275301121038736,0.724698878961264
1252,0,1,2.22044604925031e-16
1253,0,0.999994731189793,5.26881020700518e-06
1254,1,0.000202135393590264,0.99979786460641
1255,0,0.999999999079932,9.20067830735134e-10
1256,0,0.994510912127923,0.00548908787207702
1257,0,0.998874630208176,0.00112536979182352
1258,0,0.999999999900555,9.94451578597249e-11
1259,0,0.991181244981604,0.00881875501839623
1260,0,0.659643200387329,0.340356799612671
1261,0,0.644439167509693,0.355560832490307
1262,0,0.99999997782618,2.21738200252498e-08
1263,0,0.999201301207685,0.000798698792315255
1264,0,0.988023786626351,0.0119762133736489
1265,0,0.99999997270375,2.72962503678956e-08
1266,1,0.000717488535529109,0.999282511464471
1267,0,0.659568333862431,0.340431666137569
1268,0,1,2.22044604925031e-16
1269,1,0.0386795594969679,0.961320440503032
1270,0,1,2.22044604925031e-16
1271,0,0.99999988578002,1.14219979859835e-07
1272,0,0.999961744352321,3.82556476789665e-05
1273,1,0.0354619908249526,0.964538009175047
1274,0,0.999999999984676,1.53234733069904e-11
1275,1,0.022498707608428,0.977501292391572
1276,0,0.999951277446652,4.87225533483314e-05
1277,0,0.999999949277883,5.07221166560826e-08
1278,0,0.999997392311577,2.60768842343056e-06
1279,0,0.99999999983357,1.66429911011348e-10
1280,0,0.908680146410628,0.0913198535893716
1281,0,0.999999999999675,3.25330749036875e-13
1282,0,0.999999999815078,1.84922312694318e-10
1283,0,0.873719959795533,0.126280040204467
1284,0,0.9999999999733,2.67000162271292e-11
1285,0,0.982307007517965,0.0176929924820349
1286,0,0.999999999880026,1.19973584978249e-10
1287,0,0.706136722462509,0.293863277537491
1288,0,0.999999999959022,4.09780578165452e-11
1289,0,0.684480776878223,0.315519223121777
1290,0,0.733736241273756,0.266263758726244
1291,0,0.999999999999871,1.28969260093584e-13
1292,0,0.999999763226155,2.36773845140227e-07
1293,1,5.33368744626284e-06,0.999994666312554
1294,0,0.999999935629513,6.43704866758163e-08
1295,0,0.99999956372279,4.36277209833534e-07
1296,0,0.999999999970697,2.93025244960782e-11
1297,0,0.999999023571021,9.76428979194276e-07
1298,0,0.999966124883002,3.3875116997607e-05
1299,0,0.999999066649515,9.33350484725859e-07
1300,0,0.99811594657338,0.00188405342662021
1301,0,0.999999999975032,2.49676924745258e-11
1302,0,0.993176229032783,0.00682377096721748
1303,0,0.999995103720923,4.89627907652685e-06
1304,0,0.999999999169661,8.30339018499959e-10
1305,0,0.999999966975435,3.30245651307204e-08
1306,0,1,2.22044604925031e-16
1307,0,1,2.22044604925031e-16
1308,1,0.0094397726218115,0.990560227378188
1309,0,0.911102333404273,0.0888976665957267
1310,0,0.999993507205737,6.49279426341267e-06
1311,0,0.999999999849253,1.50747314371402e-10
1312,0,0.999998385493927,1.61450607274095e-06
1313,0,1,2.22044604925031e-16
1314,0,0.999989028491899,1.09715081005633e-05
1315,0,0.980783722155564,0.019216277844436
1316,0,0.999994129066981,5.87093301900341e-06
1317,0,0.999983965745232,1.6034254768307e-05
1318,0,0.997923130646964,0.00207686935303554
1319,1,0.164528124536375,0.835471875463625
1320,0,0.998177638983822,0.00182236101617831
1321,0,0.9977389519101,0.00226104808989959
1322,0,0.999999523572652,4.76427348312048e-07
1323,0,0.99999984241492,1.57585080366602e-07
1325,0,0.999385610196258,0.000614389803742198
1326,0,1,2.22044604925031e-16
1327,0,0.999999995283887,4.71611350973661e-09
1329,0,0.999396158596127,0.00060384140387271
1330,0,0.998898748763857,0.00110125123614304
1331,0,1,2.22044604925031e-16
1332,0,1,2.22044604925031e-16
1333,0,0.999999999549746,4.50254109424909e-10
1334,0,1,2.22044604925031e-16
1335,0,0.999999402618563,5.97381436512415e-07
1336,0,1,2.22044604925031e-16
1337,1,0.253916025638523,0.746083974361477
1338,0,0.967694503369471,0.0323054966305293
1339,0,1,2.22044604925031e-16
1340,0,0.999993719548076,6.28045192420061e-06
1341,0,0.99999999975688,2.4311975103728e-10
1342,0,1,2.22044604925031e-16
1343,1,0.0122678167365706,0.987732183263429
1344,0,0.999926740821879,7.32591781209904e-05
1345,0,0.998979454376877,0.00102054562312293
1346,0,0.987788102326742,0.0122118976732579
1347,0,0.99999999950201,4.97989851605078e-10
1348,1,1.57397776046064e-06,0.99999842602224
1349,0,0.999999605938091,3.9406190946451e-07
1350,1,0.000998195294695248,0.999001804705305
1351,0,0.999999615263157,3.84736843356362e-07
1353,0,0.999896846334871,0.000103153665129298
1354,0,0.999599852177133,0.000400147822866792
1355,0,0.999853266136068,0.000146733863932469
1356,0,0.999906693589602,9.3306410397917e-05
1357,0,1,2.22044604925031e-16
1358,0,0.975521071421639,0.0244789285783608
1359,0,1,2.22044604925031e-16
1360,0,0.99999996055647,3.94435303002756e-08
1361,0,0.993811933365359,0.00618806663464057
1362,0,0.999999999999659,3.41331953602213e-13
1363,0,0.999999999899134,1.00866257956832e-10
1364,0,0.999999993368861,6.63113863317401e-09
1365,0,0.999999999998518,1.48228598939886e-12
1366,0,0.991872055344273,0.00812794465572677
1367,0,0.999999957159459,4.28405407269593e-08
1368,1,0.0159566125711795,0.98404338742882
1369,0,1,2.22044604925031e-16
1370,1,1.96688353604202e-07,0.999999803311646
1371,0,0.999999937191703,6.28082970516967e-08
1372,0,0.999989984595572,1.00154044280814e-05
1373,0,0.771564326598582,0.228435673401418
1374,0,0.999996141624498,3.85837550247433e-06
1375,1,0.0162055470712853,0.983794452928715
1376,0,0.995976286819203,0.00402371318079678
1377,0,0.999362149985678,0.000637850014322116
1378,0,0.995079886917056,0.00492011308294451
1379,0,0.994662880676462,0.00533711932353754
1380,0,0.999835656927918,0.000164343072082494
1381,0,0.999981966873842,1.80331261583198e-05
1382,0,0.999999999975291,2.47094613329537e-11
1383,0,0.868585589142087,0.131414410857913
1385,0,0.999992792891968,7.2071080320649e-06
1386,0,0.999999972350277,2.76497229597006e-08
1387,0,1,2.22044604925031e-16
1388,0,0.999987094754117,1.29052458827569e-05
1389,0,0.999983443611738,1.65563882621093e-05
1390,0,0.999874870075329,0.000125129924670956
1391,0,0.999169044880109,0.00083095511989121
1392,0,0.999999978856168,2.11438316430209e-08
1393,0,0.999999999999883,1.17505449212659e-13
1394,0,0.999965463207717,3.45367922835091e-05
1395,0,0.91058804809718,0.0894119519028199
1396,0,1,2.22044604925031e-16
1397,0,0.999999449167518,5.50832481738081e-07
1398,0,0.999964686620477,3.53133795227705e-05
1399,1,0.00362696211874247,0.996373037881258
1400,0,0.998571132681087,0.00142886731891297
1401,0,0.995577738375343,0.00442226162465742
1402,1,0.000186140305509896,0.99981385969449
1403,0,0.999971968682497,2.80313175029776e-05
1404,1,0.0344793391458175,0.965520660854183
1405,0,0.999999999995368,4.63186614517154e-12
1406,0,0.972276270838239,0.0277237291617614
1407,0,0.999893795933026,0.000106204066974321
1408,0,0.999999830145478,1.69854521635193e-07
1409,0,0.999134482427689,0.000865517572311279
1410,0,0.999963971950122,3.60280498779004e-05
1411,0,1,2.22044604925031e-16
1412,0,0.99775805638108,0.00224194361892045
1413,0,0.999994554357919,5.44564208062687e-06
1414,0,0.999907302411567,9.26975884326561e-05
1415,1,4.00159210212081e-08,0.999999959984079
1416,0,0.956707050902874,0.0432929490971257
1417,0,1,2.22044604925031e-16
1418,0,1,2.22044604925031e-16
1419,0,0.999838374770799,0.000161625229200607
1420,0,0.999999731878508,2.68121491894465e-07
1421,0,1,2.22044604925031e-16
1422,0,0.999132694309445,0.000867305690555317
1423,0,0.990308325419953,0.0096916745800471
1424,0,0.748141092109076,0.251858907890924
1425,0,0.999999462086206,5.37913793641982e-07
1426,1,0.289082458716392,0.710917541283608
1427,0,0.994828696216431,0.0051713037835692
1428,0,0.814053315111557,0.185946684888443
1429,0,1,2.22044604925031e-16
1430,0,0.999999999928721,7.12791477538683e-11
1431,0,0.999989949551315,1.00504486845754e-05
1432,0,0.999999999999668,3.31666420948853e-13
1433,0,0.999558973793454,0.000441026206545998
1434,1,0.0306724942270534,0.969327505772947
1435,0,0.999331440437396,0.000668559562603882
1436,0,0.999999707983555,2.92016444785574e-07
1437,0,1,2.22044604925031e-16
1438,0,1,2.22044604925031e-16
1439,0,0.999912365751259,8.7634248741471e-05
1440,0,0.999991439776794,8.56022320648855e-06
1441,0,0.875783974479468,0.124216025520532
1442,0,1,2.22044604925031e-16
1443,0,0.999398328531473,0.000601671468527399
1444,0,0.996408722868278,0.00359127713172237
1445,0,0.999973774405248,2.62255947517497e-05
1446,0,0.999990292372877,9.7076271226197e-06
1447,0,0.999999981791918,1.82080817318082e-08
1448,0,0.611142989242459,0.388857010757541
1449,0,1,2.22044604925031e-16
1450,0,0.999999796651548,2.03348451719902e-07
1451,0,0.998547804937723,0.00145219506227731
1452,1,0.0128503314286167,0.987149668571383
1453,0,0.975494919063606,0.0245050809363944
1454,0,0.690093039678415,0.309906960321585
1455,0,0.985228547242786,0.0147714527572136
1456,0,0.999999992587731,7.41226884771505e-09
1457,0,0.993309812094683,0.0066901879053174
1458,0,0.999590835803895,0.000409164196104621
1459,0,0.997934029434071,0.00206597056592877
1460,0,1,2.22044604925031e-16
1461,0,1,2.22044604925031e-16
1462,1,0.110354222483745,0.889645777516255
1463,0,0.999996257424339,3.74257566122929e-06
1464,0,0.999999999987944,1.20555428436832e-11
1465,0,0.999999970448024,2.95519761523866e-08
1466,0,1,2.22044604925031e-16
1467,1,0.049930153904679,0.950069846095321
1468,1,0.0150709336914215,0.984929066308578
1469,1,0.0149387601995231,0.985061239800477
1470,1,0.000693914796552897,0.999306085203447
1471,0,0.612944205491674,0.387055794508326
1472,0,0.999993885358607,6.11464139315164e-06
1473,0,0.999893735908399,0.000106264091600917
1474,0,0.994009120256985,0.00599087974301551
1475,0,1,2.22044604925031e-16
1476,1,0.367275377852674,0.632724622147326
1477,1,9.0910955741208e-07,0.999999090890443
1478,0,0.999999999997747,2.25271058714077e-12
1479,0,0.999999993659785,6.34021511818321e-09
1480,0,0.999999972053213,2.7946787382499e-08
1481,0,0.999954212560215,4.57874397850247e-05
1482,0,0.999996231860009,3.7681399914072e-06
1483,1,0.0683280899149595,0.93167191008504
1484,1,0.00356456073690403,0.996435439263096
1485,0,0.999999999754475,2.45524740883618e-10
1486,0,0.999999261928437,7.38071563356534e-07
1487,0,0.999999750304292,2.49695707769355e-07
1488,1,0.0225426057816571,0.977457394218343
1489,0,0.9884482112142,0.0115517887857996
1490,0,1,2.22044604925031e-16
1491,0,1,2.22044604925031e-16
1492,0,0.999999727661301,2.7233869917228e-07
1493,0,0.999999997291077,2.70892279999316e-09
1494,0,0.999996354558113,3.64544188658549e-06
1495,1,0.396257203716018,0.603742796283982
1496,0,0.91247507409577,0.0875249259042302
1497,1,0.180735321590726,0.819264678409274
1498,0,1,2.22044604925031e-16
1499,0,0.999884530514884,0.0001154694851159
1500,0,0.677460425506299,0.322539574493701
1501,0,0.999999999976219,2.37812860977577e-11
1502,0,0.999997795032534,2.20496746625967e-06
1503,1,0.327423916813667,0.672576083186333
1504,0,0.994731735555784,0.00526826444421648
1505,0,0.763509638683517,0.236490361316483
1506,0,0.975266856963641,0.0247331430363587
1507,1,0.38820505042855,0.61179494957145
1508,0,0.999998258329085,1.74167091526596e-06
1509,0,0.999920323598033,7.96764019674812e-05
1510,0,0.999999982136631,1.78633689851307e-08
1511,0,0.999771119407396,0.000228880592603825
1512,0,0.867039855648785,0.132960144351215
1513,1,0.0700155355562204,0.92998446444378
1514,0,0.940492791491719,0.0595072085082806
1515,0,0.999999999440097,5.59902642688015e-10
1516,0,0.999906253336948,9.37466630518386e-05
1517,0,0.999954295641702,4.57043582977649e-05
1518,0,0.999858984503855,0.00014101549614534
1519,0,0.718409335382895,0.281590664617105
1520,0,1,2.22044604925031e-16
1521,0,1,2.22044604925031e-16
1522,0,1,2.22044604925031e-16
1523,0,0.999999999918986,8.10135524112912e-11
1524,0,0.937499262857386,0.0625007371426142
1525,0,0.999171550343519,0.000828449656481318
1526,0,0.999915201821696,8.47981783038576e-05
1527,0,0.999998677942102,1.32205789825316e-06
1528,0,0.999970498822972,2.95011770279853e-05
1529,1,1.85426764143237e-06,0.999998145732359
1530,0,0.999953672168243,4.63278317569153e-05
1531,0,0.998669758239183,0.00133024176081729
1532,0,1,2.22044604925031e-16
1533,0,0.999874456312058,0.000125543687942194
1534,0,0.998987180519846,0.0010128194801544
1535,0,0.999159119480609,0.000840880519390938
1536,0,0.953196484434574,0.0468035155654256
1537,0,1,2.22044604925031e-16
1538,1,0.00266125075288104,0.997338749247119
1539,0,0.803068967540899,0.196931032459101
1540,0,0.999999260979822,7.39020177675237e-07
1541,0,0.999997584862304,2.41513769567096e-06
1542,0,0.999999998469642,1.53035832822611e-09
1543,0,0.998553988052344,0.00144601194765645
1544,0,0.994470511452088,0.00552948854791202
1545,0,0.999999980345731,1.96542694595464e-08
1546,0,0.999999202275015,7.97724984852372e-07
1547,0,0.999999789133083,2.10866917495475e-07
1548,0,0.999999928246442,7.17535582464274e-08
1549,0,0.999977851274675,2.21487253254843e-05
1550,0,0.572286193663708,0.427713806336292
1551,0,0.999999999942407,5.75931534759162e-11
1552,0,0.99999980304465,1.96955349933715e-07
1553,0,0.997638821237569,0.00236117876243058
1554,1,0.25410113264961,0.74589886735039
1555,0,0.929608751583562,0.0703912484164376
1556,0,1,2.22044604925031e-16
1557,0,0.999609684081776,0.000390315918224426
1558,0,0.999586077367837,0.000413922632163198
1559,0,0.999999704191133,2.9580886680873e-07
1560,0,0.999564929061711,0.000435070938288902
1561,1,0.0443299488737513,0.955670051126249
1562,0,0.999999003176759,9.96823241232252e-07
1563,0,0.999997928652986,2.07134701361532e-06
1564,0,0.995986841347416,0.00401315865258432
1566,1,0.0531949398119168,0.946805060188083
1567,0,1,2.22044604925031e-16
1568,1,0.00506604020107237,0.994933959798928
1569,0,0.986598129850036,0.0134018701499641
1570,0,0.999999999797602,2.0239826434125e-10
1571,0,0.99683806468528,0.00316193531472042
1572,0,1,2.22044604925031e-16
1573,0,0.99948452291732,0.000515477082679714
1574,1,0.0798197790710653,0.920180220928935
1575,0,0.99997535133514,2.46486648596171e-05
1576,0,0.999854126320512,0.000145873679487945
1577,0,0.999126541634329,0.000873458365671184
1578,0,0.999982440708802,1.75592911976935e-05
1579,0,0.997678860317773,0.00232113968222662
1580,0,0.991450511632829,0.00854948836717075
1581,0,0.999957219420501,4.27805794988917e-05
1582,0,0.972425864378996,0.0275741356210043
1583,0,1,2.22044604925031e-16
1584,1,0.0143880056551505,0.985611994344849
1585,0,1,2.22044604925031e-16
1586,0,1,2.22044604925031e-16
1587,0,0.999996132646835,3.86735316489152e-06
1588,0,0.999999793846589,2.06153410809563e-07
1589,0,0.999253938200343,0.000746061799656768
1590,0,0.999999999791268,2.08732340904284e-10
1591,0,1,2.22044604925031e-16
1592,0,0.999999486975434,5.13024566410029e-07
1593,0,1,2.22044604925031e-16
1594,0,1,2.22044604925031e-16
1596,0,1,2.22044604925031e-16
1597,0,0.999999967272939,3.2727060955422e-08
1598,0,0.999999999999697,3.03463763985748e-13
1599,0,0.989768226019423,0.0102317739805765
1600,1,0.033084588289107,0.966915411710893
1601,0,0.873518427195998,0.126481572804002
1602,0,0.999999950721891,4.92781091826406e-08
1603,0,0.999723533737778,0.000276466262222144
1604,0,0.999989868551609,1.01314483906431e-05
1605,0,1,2.22044604925031e-16
1606,0,0.999996408281842,3.59171815752796e-06
1607,1,0.447844001414526,0.552155998585474
1608,0,0.996563252944976,0.00343674705502365
1609,0,1,2.22044604925031e-16
1610,0,0.999515381041041,0.000484618958958983
1611,0,0.999999999534568,4.6543214622508e-10
1612,1,0.407727634213862,0.592272365786138
1613,0,0.999999998680563,1.3194369409009e-09
1614,0,0.999999268115018,7.31884981867614e-07
1615,0,0.999999854658369,1.45341630748925e-07
1616,0,0.948622890199048,0.0513771098009518
1617,0,0.997289324176406,0.00271067582359354
1618,1,0.000610941053369118,0.999389058946631
1619,0,0.995494982174154,0.00450501782584568
1620,0,0.999999999964311,3.56890816997505e-11
1621,1,0.00818987747200028,0.991810122528
1622,0,0.999943799940979,5.62000590207261e-05
1623,0,0.999999932345707,6.76542930615791e-08
1624,0,0.99588862076286,0.00411137923714012
1625,0,0.985990989556432,0.0140090104435678
1626,0,0.999932279692045,6.77203079547654e-05
1627,0,0.999736626502228,0.000263373497772092
1628,0,0.999659556235452,0.000340443764548457
1629,0,1,2.22044604925031e-16
1630,0,0.992198892984651,0.00780110701534927
1631,0,0.999998057796813,1.94220318693163e-06
1632,0,0.999984523080815,1.54769191846779e-05
1633,0,1,2.22044604925031e-16
1634,0,0.99984746372058,0.000152536279419526
1635,0,0.999999999932856,6.71435669099275e-11
1636,0,0.921104390260798,0.0788956097392021
1638,0,0.93866222571185,0.0613377742881503
1639,0,0.999994247262919,5.75273708059061e-06
1640,0,0.968039123207175,0.0319608767928255
1641,0,0.999998934742887,1.06525711326027e-06
1642,0,0.998582362653361,0.0014176373466389
1643,0,0.999760336272202,0.000239663727798158
1644,0,0.992784786150253,0.00721521384974697
1645,0,0.99997936507577,2.06349242295034e-05
1646,0,0.760420972944571,0.239579027055429
1647,1,0.095459892198715,0.904540107801285
1648,0,0.999999999530287,4.69713136287939e-10
1649,1,0.358417522081631,0.641582477918369
1650,0,0.999999999964813,3.51869072490049e-11
1651,0,0.999999999990453,9.54662797632494e-12
1652,0,0.999744531321737,0.000255468678262813
1653,0,0.999999863289882,1.36710118144437e-07
1654,0,0.999999999999577,4.22958509456631e-13
1655,0,0.982878815838376,0.0171211841616242
1656,1,0.039947936215221,0.960052063784779
1657,0,0.999843433147064,0.000156566852935791
1658,0,0.990742539619535,0.00925746038046548
1659,0,0.995301062203968,0.00469893779603241
1660,0,0.998196363136022,0.00180363686397756
1661,0,0.998967001112942,0.00103299888705845
1662,0,0.999998006398109,1.99360189116559e-06
1664,0,0.999999999525266,4.74734137352963e-10
1665,0,0.999999999999144,8.55882231325242e-13
1666,0,0.997913768845658,0.00208623115434164
1667,1,0.0108757271251416,0.989124272874858
1668,1,0.019528847962539,0.980471152037461
1669,0,0.997710818676574,0.00228918132342618
1670,0,0.617472735121923,0.382527264878077
1671,1,0.00411485244681853,0.995885147553181
1672,0,0.984936747621873,0.0150632523781274
1673,0,0.997713581888365,0.00228641811163512
1674,0,0.890771589642331,0.109228410357669
1675,1,9.50515384912087e-06,0.999990494846151
1676,0,0.996323647784208,0.00367635221579239
1677,1,0.307068970843621,0.692931029156379
1678,0,1,2.22044604925031e-16
1679,0,1,2.22044604925031e-16
1682,0,0.999999627201087,3.72798912901285e-07
1683,1,0.40804290883908,0.59195709116092
1684,0,0.999993448785854,6.55121414587257e-06
1685,0,1,2.22044604925031e-16
1686,0,0.999999999999905,9.53444522684243e-14
1687,0,0.996275347139796,0.00372465286020426
1688,0,0.999999999988861,1.11389451156491e-11
1689,0,1,2.22044604925031e-16
1690,0,0.999999999995104,4.89617886936277e-12
1691,0,0.999999886020462,1.13979538500789e-07
1692,1,0.00214785380143989,0.99785214619856
1693,0,0.999999990652009,9.34799079604115e-09
1694,0,0.99999999996015,3.98502531230191e-11
1695,0,0.999993045555555,6.9544444449001e-06
1696,0,0.999978598683355,2.14013166445105e-05
1697,0,0.869697433353022,0.130302566646978
1698,0,0.99999481989807,5.18010193010664e-06
1700,0,0.999925815212652,7.41847873479011e-05
1701,0,0.999684239004432,0.000315760995568025
1702,1,0.0411282335926814,0.958871766407319
1703,0,0.98512659395255,0.0148734060474503
1704,0,0.999934469697831,6.55303021688988e-05
1705,0,0.999998553773768,1.44622623154619e-06
1706,1,0.00362778283263365,0.996372217167366
1707,0,0.999997273713355,2.72628664454943e-06
1708,0,0.999999991020156,8.97984432935636e-09
1709,0,0.999776038402423,0.000223961597576966
1710,0,1,2.22044604925031e-16
1711,0,0.999999999974376,2.56243901297488e-11
1712,0,0.999999998548127,1.4518733900023e-09
1713,0,0.999993646667425,6.35333257476252e-06
1714,0,1,2.22044604925031e-16
1715,0,0.999999999997332,2.66771717875753e-12
1716,0,0.998610488684601,0.00138951131539889
1717,1,0.0128774924025242,0.987122507597476
1718,0,1,2.22044604925031e-16
1719,0,0.98025571773091,0.0197442822690897
1720,0,0.974612282015435,0.0253877179845647
1721,0,0.999934892253895,6.51077461047179e-05
1722,0,0.913553854852803,0.0864461451471967
1723,0,0.999462767080492,0.00053723291950771
1724,0,0.99999970697185,2.93028149795249e-07
1725,0,0.9999999999978,2.19954991726803e-12
1726,1,0.0204190103504712,0.979580989649529
1727,0,0.981411510156087,0.0185884898439134
1728,1,6.18257589979354e-06,0.9999938174241
1729,0,0.999929884130104,7.01158698956469e-05
1731,0,0.99845917557247,0.0015408244275296
1732,0,0.999995217472088,4.78252791234631e-06
1733,1,0.0967898103180792,0.903210189681921
1734,0,0.812975472676473,0.187024527323527
1735,0,0.998961616739057,0.00103838326094265
1736,0,0.991813626735591,0.0081863732644094
1737,0,0.999999992195869,7.80413131775488e-09
1738,1,0.37288701504766,0.62711298495234
1739,0,0.99999864052159,1.35947841033178e-06
1740,0,0.9999999338513,6.61486999854022e-08
1741,0,0.976364681242217,0.0236353187577828
1742,0,1,2.22044604925031e-16
1743,0,0.999999999983196,1.68043254586107e-11
1744,0,0.999833701151728,0.000166298848272019
1745,0,0.9999948828174,5.11718260048841e-06
1746,1,0.00551109375260506,0.994488906247395
1747,1,0.281119719956964,0.718880280043036
1749,1,2.97060476217581e-09,0.999999997029395
1750,0,0.999999999999791,2.09251725030986e-13
1751,0,1,2.22044604925031e-16
1752,0,0.999999999917773,8.22270249677234e-11
1753,0,0.999976695553777,2.33044462228891e-05
1754,1,0.0025796819520687,0.997420318047931
1755,0,1,2.22044604925031e-16
1756,0,0.999999999974996,2.50044122416208e-11
1757,0,1,2.22044604925031e-16
1758,0,0.999999999731117,2.68882662585196e-10
1759,0,1,2.22044604925031e-16
1760,0,0.999999999999858,1.41985844931433e-13
1761,1,0.164471446187312,0.835528553812688
1762,0,0.999999999966371,3.36292764294252e-11
1763,0,1,2.22044604925031e-16
1764,0,0.999988975080037,1.10249199629268e-05
1765,0,0.999985625100619,1.437489938061e-05
1766,0,1,2.22044604925031e-16
1767,0,0.995787628312186,0.00421237168781386
1768,0,0.99990541168219,9.4588317810285e-05
1769,0,0.999999998820832,1.17916826704228e-09
1770,1,0.0223752706034248,0.977624729396575
1771,0,0.99690707012813,0.00309292987187032
1772,0,0.970342943023437,0.0296570569765629
1773,1,0.299124036620486,0.700875963379514
1774,0,0.999999697765032,3.02234967589884e-07
1775,0,0.999999999971525,2.84746526127839e-11
1777,1,0.221528651321602,0.778471348678398
1778,1,6.23856187819127e-05,0.999937614381218
1779,0,0.999999999999831,1.68995469446392e-13
1780,0,0.9999954395213,4.56047870021966e-06
1781,1,0.000216812563960334,0.99978318743604
1782,0,1,2.22044604925031e-16
1783,0,0.999410805719649,0.000589194280350908
1784,0,0.9191281665157,0.0808718334842999
1785,0,0.999919549264342,8.04507356583837e-05
1786,0,1,2.22044604925031e-16
1787,0,0.996876803159317,0.00312319684068285
1788,1,0.101282933675544,0.898717066324456
1789,0,0.657672863795024,0.342327136204976
1790,0,0.967892364204385,0.0321076357956154
1791,0,0.999829080354095,0.000170919645904978
1792,0,0.999941834094928,5.81659050716704e-05
1793,0,0.999999989307845,1.06921550889251e-08
1795,0,1,2.22044604925031e-16
1796,0,0.996863130441316,0.00313686955868364
1797,0,1,2.22044604925031e-16
1798,0,0.972154078198906,0.027845921801094
1799,1,0.00413307069431335,0.995866929305687
1800,0,0.999999230369067,7.69630932542639e-07
1801,0,0.999661535357133,0.000338464642867209
1802,0,0.999999605137552,3.94862448311721e-07
1803,1,0.0373419060104153,0.962658093989585
1804,1,0.0403181891813349,0.959681810818665
1805,0,0.993634249561085,0.00636575043891546
1806,0,0.587522910088268,0.412477089911732
1807,1,0.0271675847582635,0.972832415241736
1808,0,0.999999940502287,5.94977129510074e-08
1809,0,0.999948307796432,5.1692203567894e-05
1810,0,0.998648683015916,0.00135131698408377
1811,0,0.999999993125053,6.87494691603731e-09
1812,1,0.372469432986064,0.627530567013936
1813,0,0.99849014298903,0.0015098570109704
1814,0,1,2.22044604925031e-16
1815,0,1,2.22044604925031e-16
1816,0,0.998609902036718,0.00139009796328238
1818,0,0.982468217597009,0.0175317824029913
1819,0,0.999992430024325,7.56997567509707e-06
1820,0,0.989582463651959,0.0104175363480415
1821,0,0.97294784654658,0.0270521534534205
1822,0,0.999999999998578,1.42157709560722e-12
1823,0,0.999999999526317,4.73683328529968e-10
1824,0,0.801761752700453,0.198238247299547
1825,0,0.999999817321032,1.82678967643103e-07
1826,0,0.997614040284144,0.00238595971585557
1827,1,0.00890844864730578,0.991091551352694
1828,0,0.999999330502413,6.69497587324396e-07
1829,0,0.999999997315085,2.68491471180313e-09
1830,0,0.999564216774943,0.000435783225056499
1831,0,0.997806912457046,0.00219308754295392
1832,0,1,2.22044604925031e-16
1833,0,0.65979887148207,0.34020112851793
1834,1,0.0725193152716005,0.9274806847284
1835,0,0.949070461457464,0.0509295385425362
1836,1,0.478889256669184,0.521110743330816
1837,0,0.863941963761464,0.136058036238536
1838,0,0.985326331819606,0.0146736681803936
1839,0,0.999999999992418,7.5824035682844e-12
1840,0,0.999999289023491,7.10976508753437e-07
1841,0,1,2.22044604925031e-16
1842,0,1,2.22044604925031e-16
1843,0,0.999994035340654,5.96465934565549e-06
1844,0,0.999945942588362,5.40574116383432e-05
1845,0,1,2.22044604925031e-16
1846,0,0.999999999715676,2.84323650400968e-10
1847,0,0.995113729243006,0.00488627075699382
1849,0,0.999909239792609,9.07602073908599e-05
1850,1,0.000315419184186538,0.999684580815813
1851,0,0.837236372324202,0.162763627675798
1852,0,0.994236252471344,0.00576374752865606
1853,0,0.9984272960295,0.00157270397050031
1854,0,0.999999759231191,2.40768809092449e-07
1855,0,0.999999020809182,9.79190817896341e-07
1856,0,0.646683335086252,0.353316664913748
1857,0,0.999963143113645,3.68568863551779e-05
1858,1,0.339396469848997,0.660603530151003
1859,0,0.999999993693845,6.30615523559657e-09
1860,1,0.289257922453291,0.710742077546709
1861,0,0.999999963509853,3.64901472978321e-08
1862,1,0.383726270232251,0.616273729767749
1863,0,0.998996515590613,0.00100348440938697
1864,0,0.999999991492705,8.50729533286023e-09
1865,0,0.9999925511526,7.44884739974396e-06
1866,0,0.999999682374506,3.17625493740035e-07
1867,0,0.999542302886088,0.000457697113911513
1868,0,0.999999997535506,2.4644939126372e-09
1869,0,0.999969536093417,3.04639065832666e-05
1870,0,0.999999999966962,3.30375690067508e-11
1871,0,0.739144860543421,0.260855139456579
1872,0,0.992644929023729,0.00735507097627145
1873,0,0.999999999999702,2.97694112382037e-13
1874,1,0.0476752659884939,0.952324734011506
1876,0,1,2.22044604925031e-16
1877,0,0.999992542307625,7.45769237489843e-06
1878,1,0.0874789721923068,0.912521027807693
1879,0,0.996341031971651,0.00365896802834931
1880,0,1,2.22044604925031e-16
1881,0,0.998788511290763,0.00121148870923719
1882,0,0.998933276609494,0.00106672339050579
1883,0,1,2.22044604925031e-16
1884,1,0.0041675918599553,0.995832408140045
1885,0,1,2.22044604925031e-16
1886,0,0.998453863546533,0.00154613645346741
1887,0,1,2.22044604925031e-16
1888,0,0.99972587624942,0.000274123750580188
1889,0,1,2.22044604925031e-16
1890,0,0.999894784567692,0.000105215432308453
1891,0,0.999935059493583,6.49405064174773e-05
1892,1,3.48843234598828e-06,0.999996511567654
1893,0,1,2.22044604925031e-16
1894,0,0.999026225160835,0.000973774839164832
1895,0,0.991838249424115,0.0081617505758852
1896,0,0.999006808229897,0.000993191770103087
1897,0,0.57814302847948,0.42185697152052
1898,0,0.999961064587301,3.89354126991032e-05
1899,0,0.999996172686546,3.82731345435726e-06
