,Predicted_Survived,PassengerDiedProbability,PassengerSurvivedProbability
1,1,0.207367000648978,0.792632999351022
2,0,0.782786957373237,0.217213042626763
3,1,0.210313312405401,0.789686687594599
4,0,0.820585936568213,0.179414063431787
5,1,0.242647098249627,0.757352901750373
6,0,0.80655471840084,0.19344528159916
7,1,0.313645927214629,0.686354072785371
8,0,0.794801840199945,0.205198159800055
9,1,0.358979954863458,0.641020045136542
10,0,0.834671595641771,0.165328404358229
11,0,0.848893479638441,0.151106520361559
12,1,0.243242413115886,0.756757586884114
13,1,0.20074435001536,0.79925564998464
14,1,0.203378038523069,0.796621961476931
15,0,0.844915016935999,0.155084983064001
17,0,0.769061739022502,0.230938260977498
18,1,0.231251250755817,0.768748749244183
19,1,0.211401850957113,0.788598149042887
20,0,0.790791841322463,0.209208158677536
21,0,0.833387281962632,0.166612718037368
22,1,0.281749226231451,0.718250773768549
23,0,0.777096290493277,0.222903709506723
24,1,0.225179080360204,0.774820919639796
25,1,0.207367000648978,0.792632999351022
26,0,0.775699196965259,0.224300803034741
27,0,0.823517210482296,0.176482789517704
28,1,0.244708705933855,0.755291294066145
29,1,0.215482314689653,0.784517685310347
30,0,0.779875552897415,0.220124447102585
31,0,0.802683510575861,0.197316489424139
32,0,0.796128290364869,0.203871709635131
33,1,0.208706865198685,0.791293134801315
34,1,0.248245781882343,0.751754218117657
35,0,0.798765810716952,0.201234189283048
36,1,0.229409332511817,0.770590667488183
37,1,0.193347010755759,0.806652989244241
39,0,0.797449616861728,0.202550383138272
40,0,0.80655471840084,0.19344528159916
42,1,0.227994321272314,0.772005678727686
43,1,0.369515233936674,0.630484766063326
44,1,0.25121517940478,0.74878482059522
45,1,0.223778877591647,0.776221122408353
46,0,0.802683510575861,0.197316489424139
48,0,0.798765810716952,0.201234189283048
49,1,0.240904921442757,0.759095078557243
50,0,0.78577845503394,0.21422154496606
51,1,0.242797044695188,0.757202955304812
52,0,0.786736077405141,0.213263922594859
53,0,0.779875552897415,0.220124447102585
54,0,0.764345106840311,0.235654893159689
55,0,0.79638501306661,0.20361498693339
56,1,0.22685738786757,0.77314261213243
57,0,0.827836305055553,0.172163694944447
58,1,0.259013564453057,0.740986435546943
59,0,0.807834754182686,0.192165245817314
61,0,0.836525005806377,0.163474994193623
62,1,0.335502544546156,0.664497455453844
63,0,0.847795505423312,0.152204494576688
64,1,0.287623847133229,0.712376152866771
65,0,0.825929725537668,0.174070274462332
66,1,0.265727080776179,0.734272919223821
67,1,0.216852555049847,0.783147444950153
68,1,0.208706865198685,0.791293134801315
69,0,0.802683510575861,0.197316489424139
72,0,0.825929725537668,0.174070274462332
73,1,0.25510467591919,0.74489532408081
74,1,0.198131239418658,0.801868760581342
76,0,0.80526949438167,0.19473050561833
77,1,0.269260259711985,0.730739740288015
78,0,0.833387281962632,0.166612718037368
79,1,0.246168183649876,0.753831816350124
80,1,0.362480271127196,0.637519728872804
82,0,0.869049164048676,0.130950835951324
83,1,0.206823229792547,0.793176770207453
84,1,0.309178444993766,0.690821555006234
85,0,0.83996167534484,0.16003832465516
86,1,0.273449468491647,0.726550531508353
87,0,0.810379233621451,0.189620766378549
88,0,0.778488413347396,0.221511586652604
89,1,0.212756951553211,0.787243048446789
90,0,0.830691523387774,0.169308476612226
91,1,0.245580564538969,0.754419435461031
92,0,0.830691523387774,0.169308476612226
93,1,0.241780882801083,0.758219117198917
94,0,0.851395021983416,0.148604978016584
95,0,0.733998108374561,0.266001891625439
96,1,0.292901188600563,0.707098811399437
97,0,0.852155712204486,0.147844287795514
98,1,0.251062472252325,0.748937527747675
99,1,0.28921996718474,0.71078003281526
100,1,0.28921996718474,0.71078003281526
101,0,0.851073581264782,0.148926418735218
102,0,0.794801840199945,0.205198159800055
103,1,0.194631837458657,0.805368162541343
104,1,0.219608095940055,0.780391904059945
105,1,0.298883012244572,0.701116987755428
106,1,0.216852555049847,0.783147444950153
110,0,0.790791841322463,0.209208158677536
111,0,0.782634832877381,0.217365167122619
112,1,0.359318952507941,0.640681047492059
113,1,0.366333353234054,0.633666646765946
114,1,0.357572628096812,0.642427371903188
115,0,0.886550384448207,0.113449615551793
116,0,0.851275410845742,0.148724589154258
117,1,0.284739384014519,0.715260615985481
118,1,0.208706865198685,0.791293134801315
120,0,0.888165125992367,0.111834874007633
121,0,0.844469872691855,0.155530127308145
123,1,0.188633945823198,0.811366054176802
124,0,0.858848266663875,0.141151733336125
125,1,0.283329763886365,0.716670236113635
127,0,0.837675849400777,0.162324150599223
128,1,0.268802723770212,0.731197276229788
129,0,0.80526949438167,0.19473050561833
130,1,0.215482314689653,0.784517685310347
131,1,0.193347010755759,0.806652989244241
132,1,0.224193570310785,0.775806429689215
133,0,0.774297145656285,0.225702854343715
134,0,0.851073581264782,0.148926418735218
136,0,0.834671595641771,0.165328404358229
137,0,0.812902880415255,0.187097119584745
138,1,0.194250300032075,0.805749699967925
139,0,0.788494488911414,0.211505511088586
140,1,0.242797044695188,0.757202955304812
141,0,0.767636549778693,0.232363450221307
142,1,0.224193570310785,0.775806429689215
143,0,0.803979089297345,0.196020910702655
144,0,0.823517210482296,0.176482789517704
145,1,0.253605525842966,0.746394474157034
146,0,0.849986171034562,0.150013828965438
147,1,0.290820238784703,0.709179761215297
149,0,0.846692246959537,0.153307753040463
150,1,0.268802723770212,0.731197276229788
151,0,0.796128290364869,0.203871709635131
152,0,0.778488413347396,0.221511586652604
154,1,0.20074435001536,0.79925564998464
155,0,0.853550877125475,0.146449122874525
156,1,0.289694072504111,0.710305927495889
157,0,0.798765810716952,0.201234189283048
159,0,0.815405646336613,0.184594353663387
160,1,0.185747247350881,0.814252752649119
161,1,0.222796857225185,0.777203142774815
162,1,0.29403313932675,0.70596686067325
163,0,0.843350755156484,0.156649244843516
164,1,0.268802723770212,0.731197276229788
165,0,0.789444991410297,0.210555008589703
166,0,0.838821406124457,0.161178593875543
168,1,0.268802723770212,0.731197276229788
169,1,0.219608095940055,0.780391904059945
170,1,0.236557734797697,0.763442265202303
171,0,0.807834754182686,0.192165245817314
172,0,0.803979089297345,0.196020910702655
173,0,0.809109594810299,0.190890405189701
174,0,0.786055687035409,0.213944312964591
175,0,0.819120548008296,0.180879451991704
176,0,0.842226349911815,0.157773650088185
178,0,0.843350755156484,0.156649244843516
179,1,0.284444157513795,0.715555842486205
181,1,0.22099337271804,0.77900662728196
182,1,0.235118323208008,0.764881676791992
183,1,0.208706865198685,0.791293134801315
184,0,0.789444991410297,0.210555008589703
186,0,0.798765810716952,0.201234189283048
187,1,0.243827014920819,0.756172985079181
188,1,0.185747247350881,0.814252752649119
189,1,0.23267751421787,0.76732248578213
190,0,0.781257696775767,0.218742303224233
191,1,0.196832421576577,0.803167578423423
192,0,0.782634832877381,0.217365167122619
193,1,0.248245781882343,0.751754218117657
194,1,0.18449887803666,0.81550112196334
195,0,0.782634832877381,0.217365167122619
196,1,0.190416013054774,0.809583986945226
198,0,0.816153537977689,0.183846462022311
199,1,0.243242413115886,0.756757586884114
200,1,0.20074435001536,0.79925564998464
201,0,0.803979089297345,0.196020910702655
202,0,0.81415687634136,0.185843123658639
203,0,0.790791841322463,0.209208158677536
204,0,0.82712808347487,0.17287191652513
206,0,0.827604856038842,0.172395143961158
207,0,0.882736608983318,0.117263391016682
208,1,0.265727080776179,0.734272919223821
209,1,0.271896144337689,0.728103855662311
210,0,0.829508985057611,0.170491014942389
211,0,0.815405646336613,0.184594353663387
212,0,0.80526949438167,0.19473050561833
213,0,0.787139000374656,0.212860999625344
214,1,0.262669380494666,0.737330619505334
215,1,0.25062116571897,0.74937883428103
216,0,0.809863208728394,0.190136791271606
217,1,0.184868518341457,0.815131481658543
218,0,0.826408601119424,0.173591398880576
219,1,0.22099337271804,0.77900662728196
221,1,0.193347010755759,0.806652989244241
222,0,0.823148201779752,0.176851798220248
223,0,0.780567250058267,0.219432749941733
225,0,0.80333194616699,0.19666805383301
226,0,0.772890149722129,0.227109850277871
227,0,0.82832117090779,0.17167882909221
228,1,0.249135991800989,0.750864008199011
229,0,0.814907910947902,0.185092089052098
230,1,0.241780882801083,0.758219117198917
231,1,0.208706865198685,0.791293134801315
232,0,0.811643664207998,0.188356335792002
233,0,0.80526949438167,0.19473050561833
234,1,0.239881673629681,0.760118326370319
235,0,0.7934702755997,0.2065297244003
237,0,0.771478222581464,0.228521777418536
239,1,0.221405115790612,0.778594884209388
240,0,0.784006949359529,0.215993050640471
241,0,0.802683510575861,0.197316489424139
243,1,0.212756951553211,0.787243048446789
244,0,0.803979089297345,0.196020910702655
245,0,0.790791841322463,0.209208158677536
246,1,0.212756951553211,0.787243048446789
247,0,0.85748725859128,0.14251274140872
248,1,0.298883012244572,0.701116987755428
249,0,0.786736077405141,0.213263922594859
250,0,0.84356826421748,0.15643173578252
251,1,0.287933150026348,0.712066849973652
252,1,0.292736348161606,0.707263651838394
253,0,0.852036510952761,0.147963489047239
254,1,0.271724936583141,0.728275063416859
256,1,0.20074435001536,0.79925564998464
258,1,0.268802723770212,0.731197276229788
259,1,0.208706865198685,0.791293134801315
260,0,0.788093066593144,0.211906933406856
261,1,0.222383637445964,0.777616362554036
262,0,0.789444991410297,0.210555008589703
263,0,0.852155712204486,0.147844287795514
264,1,0.275007173268062,0.724992826731938
265,0,0.816649185002795,0.183350814997205
266,0,0.779875552897415,0.220124447102585
267,0,0.816649185002795,0.183350814997205
268,0,0.816649185002795,0.183350814997205
269,0,0.822303060140971,0.177696939859029
271,1,0.243242413115886,0.756757586884114
272,0,0.822303060140971,0.177696939859029
273,1,0.25062116571897,0.74937883428103
274,0,0.737057422732996,0.262942577267004
275,0,0.842560327450266,0.157439672549734
276,1,0.270806072188329,0.729193927811671
277,0,0.859583012299338,0.140416987700662
279,0,0.785374034641649,0.214625965358351
280,0,0.824000288296456,0.175999711703544
281,0,0.856431488278201,0.143568511721799
282,1,0.281281359146341,0.718718640853659
283,1,0.295645719010176,0.704354280989824
285,1,0.254203255125672,0.745796744874328
286,0,0.86974707582111,0.13025292417889
287,1,0.313645927214629,0.686354072785371
288,0,0.822788236974437,0.177211763025563
289,1,0.233683762417908,0.766316237582092
290,1,0.183623828819384,0.816376171180616
291,0,0.85030917745552,0.14969082254448
292,1,0.269260259711985,0.730739740288015
293,0,0.849986171034562,0.150013828965438
295,0,0.847019953420891,0.152980046579109
296,0,0.753556181013356,0.246443818986644
297,1,0.269260259711985,0.730739740288015
299,0,0.784006949359529,0.215993050640471
300,0,0.796128290364869,0.203871709635131
301,0,0.822788236974437,0.177211763025563
302,0,0.80526949438167,0.19473050561833
303,1,0.215482314689653,0.784517685310347
304,0,0.866752788583096,0.133247211416904
305,1,0.308690116202608,0.691309883797392
306,0,0.821570927174819,0.178429072825181
307,0,0.809486630561263,0.190513369438737
308,0,0.764771548284195,0.235228451715805
309,1,0.243827014920819,0.756172985079181
310,1,0.200211004916473,0.799788995083527
311,0,0.85568563589083,0.14431436410917
312,1,0.278600960945054,0.721399039054946
313,0,0.848121644781843,0.151878355218157
314,0,0.768059678458479,0.231940321541521
315,1,0.286503533677538,0.713496466322462
316,1,0.196832421576577,0.803167578423423
317,0,0.805651149569224,0.194348850430776
318,0,0.764771548284195,0.235228451715805
320,1,0.210051818693362,0.789948181306638
322,0,0.824000288296456,0.175999711703544
323,1,0.216852555049847,0.783147444950153
324,0,0.829508985057611,0.170491014942389
325,1,0.258116823827732,0.741883176172268
326,0,0.782634832877381,0.217365167122619
327,0,0.765781479530315,0.234218520469685
328,0,0.775699196965259,0.224300803034741
329,0,0.834207461709402,0.165792538290598
330,1,0.270347222337745,0.729652777662255
331,0,0.817887487192477,0.182112512807523
332,0,0.765781479530315,0.234218520469685
333,0,0.772890149722129,0.227109850277871
334,1,0.216852555049847,0.783147444950153
335,0,0.779875552897415,0.220124447102585
336,0,0.810379233621451,0.189620766378549
337,0,0.831868783603069,0.168131216396931
338,1,0.244708705933855,0.755291294066145
339,0,0.779875552897415,0.220124447102585
340,0,0.834088063243281,0.165911936756719
341,1,0.271737103862421,0.728262896137579
342,1,0.284281577095816,0.715718422904184
343,1,0.201913286156084,0.798086713843916
344,0,0.788093066593144,0.211906933406856
345,1,0.194250300032075,0.805749699967925
346,0,0.772890149722129,0.227109850277871
347,0,0.777096290493277,0.222903709506723
348,0,0.798765810716952,0.201234189283048
349,0,0.778488413347396,0.221511586652604
350,1,0.20074435001536,0.79925564998464
351,1,0.17992119200895,0.82007880799105
352,0,0.858848266663875,0.141151733336125
353,1,0.270806072188329,0.729193927811671
354,1,0.246179744625184,0.753820255374816
355,0,0.823517210482296,0.176482789517704
356,1,0.216852555049847,0.783147444950153
357,0,0.775699196965259,0.224300803034741
358,0,0.798765810716952,0.201234189283048
359,1,0.225179080360204,0.774820919639796
360,0,0.729117542579993,0.270882457420007
361,0,0.820222695416315,0.179777304583685
362,1,0.243676724910577,0.756323275089423
363,1,0.215482314689653,0.784517685310347
365,0,0.767212992051331,0.232787007948669
366,1,0.282860635251308,0.717139364748692
367,0,0.856431488278201,0.143568511721799
368,0,0.811643664207998,0.188356335792002
369,0,0.837675849400777,0.162324150599223
370,1,0.25962978397367,0.74037021602633
371,1,0.248094036268593,0.751905963731407
372,1,0.219045817155341,0.780954182844659
373,0,0.82832117090779,0.17167882909221
374,1,0.258116823827732,0.741883176172268
375,0,0.781257696775767,0.218742303224233
376,0,0.779875552897415,0.220124447102585
377,0,0.774297145656285,0.225702854343715
378,1,0.171465613878537,0.828534386121463
379,0,0.826285630679576,0.173714369320424
380,1,0.257055255701249,0.742944744298751
381,1,0.198131239418658,0.801868760581342
382,1,0.208706865198685,0.791293134801315
384,0,0.770061377915901,0.229938622084099
386,0,0.797314354619679,0.202685645380321
387,0,0.765781479530315,0.234218520469685
388,1,0.223210514179677,0.776789485820323
389,1,0.206032234959629,0.793967765040371
390,0,0.785374034641649,0.214625965358351
391,0,0.764345106840311,0.235654893159689
392,0,0.82832117090779,0.17167882909221
393,1,0.252111016377923,0.747888983622077
394,0,0.775699196965259,0.224300803034741
395,0,0.765781479530315,0.234218520469685
396,1,0.188259659409112,0.811740340590888
397,1,0.209105161244752,0.790894838755248
398,0,0.81415687634136,0.185843123658639
399,0,0.740098647591535,0.259901352408465
400,0,0.839160087873003,0.160839912126997
401,1,0.261598184149655,0.738401815850345
402,1,0.256608448152042,0.743391551847958
403,1,0.261147309358916,0.738852690641084
404,0,0.772890149722129,0.227109850277871
405,0,0.770061377915901,0.229938622084099
406,0,0.765781479530315,0.234218520469685
407,0,0.841096656662842,0.158903343337159
408,1,0.25962978397367,0.74037021602633
409,0,0.765781479530315,0.234218520469685
410,0,0.790791841322463,0.209208158677536
412,1,0.219608095940055,0.780391904059945
413,0,0.789444991410297,0.210555008589703
414,0,0.838821406124457,0.161178593875543
415,0,0.834207461709402,0.165792538290598
416,1,0.214117109783807,0.785882890216193
417,0,0.762903888977472,0.237096111022528
418,0,0.777096290493277,0.222903709506723
419,0,0.80526949438167,0.19473050561833
420,0,0.81862908368336,0.18137091631664
421,0,0.81862908368336,0.18137091631664
422,0,0.774297145656285,0.225702854343715
423,0,0.774297145656285,0.225702854343715
424,0,0.788093066593144,0.211906933406856
425,0,0.782634832877381,0.217365167122619
426,0,0.811643664207998,0.188356335792002
427,0,0.782634832877381,0.217365167122619
428,0,0.78750224871905,0.21249775128095
429,1,0.191170305556561,0.808829694443439
430,0,0.801382765901576,0.198617234098424
431,1,0.173499545241267,0.826500454758733
432,0,0.774713419884414,0.225286580115586
433,0,0.824000288296456,0.175999711703544
434,0,0.782634832877381,0.217365167122619
435,1,0.170278744847545,0.829721255152455
436,0,0.840298789074059,0.159701210925941
437,1,0.278600960945054,0.721399039054946
438,1,0.241187510636381,0.758812489363619
439,1,0.241187510636381,0.758812489363619
440,0,0.842893840001272,0.157106159998728
441,1,0.277497701458782,0.722502298541218
442,1,0.243827014920819,0.756172985079181
443,0,0.86330334482351,0.13669665517649
444,0,0.871325751371048,0.128674248628952
445,0,0.86020859068057,0.13979140931943
446,1,0.237853656512553,0.762146343487447
447,1,0.297096384869388,0.702903615130612
448,0,0.858430281077113,0.141569718922887
449,0,0.790791841322463,0.209208158677536
450,1,0.281107278283726,0.718892721716274
451,0,0.809109594810299,0.190890405189701
452,0,0.845583703042119,0.154416296957881
453,1,0.25962978397367,0.74037021602633
454,0,0.770061377915901,0.229938622084099
455,0,0.798765810716952,0.201234189283048
456,0,0.865744249252677,0.134255750747323
457,1,0.308690116202608,0.691309883797392
458,0,0.786736077405141,0.213263922594859
459,1,0.191688913317717,0.808311086682283
460,0,0.843350755156484,0.156649244843516
461,1,0.303601306198392,0.696398693801608
462,0,0.80526949438167,0.19473050561833
463,0,0.86330334482351,0.13669665517649
464,0,0.861245424224657,0.138754575775343
465,0,0.785374034641649,0.214625965358351
466,1,0.19943521826576,0.80056478173424
467,0,0.834207461709402,0.165792538290598
468,1,0.252111016377923,0.747888983622077
469,1,0.198131239418658,0.801868760581342
471,0,0.789444991410297,0.210555008589703
472,1,0.229409332511817,0.770590667488183
473,0,0.817887487192477,0.182112512807523
475,0,0.784006949359529,0.215993050640471
476,1,0.249575909659694,0.750424090340306
477,0,0.825083566925608,0.174916433074392
479,1,0.208967372885383,0.791032627114617
480,1,0.21166432869029,0.78833567130971
481,0,0.814399531815308,0.185600468184692
482,1,0.238282707779335,0.761717292220665
483,1,0.191688913317717,0.808311086682283
485,1,0.214117109783807,0.785882890216193
486,0,0.790791841322463,0.209208158677536
487,0,0.774297145656285,0.225702854343715
488,0,0.822788236974437,0.177211763025563
489,0,0.852155712204486,0.147844287795514
490,1,0.279706352233919,0.720293647766081
491,1,0.24676813172867,0.75323186827133
493,0,0.729375573239222,0.270624426760778
494,0,0.826285630679576,0.173714369320424
495,1,0.246616869570136,0.753383130429864
497,0,0.782634832877381,0.217365167122619
498,0,0.796128290364869,0.203871709635131
499,0,0.785374034641649,0.214625965358351
500,0,0.782634832877381,0.217365167122619
501,0,0.803979089297345,0.196020910702655
502,1,0.182017839733581,0.817982160266419
503,1,0.218636598052206,0.781363401947794
504,0,0.767212992051331,0.232787007948669
505,0,0.794801840199945,0.205198159800055
506,0,0.80655471840084,0.19344528159916
507,0,0.833507005982843,0.166492994017157
508,0,0.778488413347396,0.221511586652604
509,0,0.81415687634136,0.185843123658639
510,0,0.794801840199945,0.205198159800055
511,0,0.762903888977472,0.237096111022528
512,0,0.824000288296456,0.175999711703544
513,0,0.832455433766155,0.167544566233845
514,1,0.237425029244939,0.762574970755061
515,0,0.78930658871437,0.21069341128563
516,0,0.790653959520746,0.209346040479254
517,0,0.781386079575601,0.218613920424399
518,0,0.777096290493277,0.222903709506723
519,0,0.811514240288558,0.188485759711442
520,0,0.779875552897415,0.220124447102585
521,0,0.768639629670013,0.231360370329987
522,1,0.207367000648978,0.792632999351022
523,0,0.794801840199945,0.205198159800055
524,0,0.771478222581464,0.228521777418536
526,0,0.772890149722129,0.227109850277871
527,0,0.781257696775767,0.218742303224233
528,0,0.779875552897415,0.220124447102585
530,1,0.231251250755817,0.768748749244183
531,0,0.767212992051331,0.232787007948669
533,0,0.797449616861728,0.202550383138272
534,1,0.192067372829242,0.807932627170758
535,1,0.194250300032075,0.805749699967925
536,0,0.795195713544118,0.204804286455882
537,1,0.211401850957113,0.788598149042887
538,0,0.788093066593144,0.211906933406856
539,0,0.782634832877381,0.217365167122619
540,0,0.778488413347396,0.221511586652604
541,1,0.215342084908158,0.784657915091842
542,1,0.223635571106495,0.776364428893505
543,1,0.202840512084966,0.797159487915034
544,0,0.790791841322463,0.209208158677536
545,0,0.834207461709402,0.165792538290598
546,1,0.383002578698708,0.616997421301292
547,1,0.206032234959629,0.793967765040371
548,0,0.772890149722129,0.227109850277871
549,0,0.787728198876563,0.212271801123437
550,0,0.790653959520746,0.209346040479254
551,1,0.291606720287453,0.708393279712547
552,1,0.236557734797697,0.763442265202303
553,0,0.767212992051331,0.232787007948669
554,1,0.196832421576577,0.803167578423423
555,0,0.777096290493277,0.222903709506723
556,0,0.775699196965259,0.224300803034741
557,0,0.778488413347396,0.221511586652604
558,1,0.197217028327451,0.802782971672549
559,1,0.183623828819384,0.816376171180616
560,1,0.195538772584839,0.804461227415161
561,1,0.208706865198685,0.791293134801315
562,0,0.820348362802226,0.179651637197774
563,1,0.208706865198685,0.791293134801315
564,0,0.789444991410297,0.210555008589703
565,1,0.222383637445964,0.777616362554036
566,0,0.775699196965259,0.224300803034741
567,0,0.797449616861728,0.202550383138272
568,0,0.775699196965259,0.224300803034741
569,0,0.766497844238941,0.233502155761059
570,0,0.760006979031367,0.239993020968633
571,1,0.236557734797697,0.763442265202303
572,0,0.772890149722129,0.227109850277871
573,1,0.206032234959629,0.793967765040371
574,1,0.204702577785856,0.795297422214144
575,0,0.82832117090779,0.17167882909221
576,1,0.256608448152042,0.743391551847958
577,0,0.796128290364869,0.203871709635131
578,1,0.210051818693362,0.789948181306638
579,0,0.829508985057611,0.170491014942389
580,0,0.821083652850746,0.178916347149254
581,1,0.210051818693362,0.789948181306638
583,1,0.185376516246739,0.814623483753261
584,1,0.222383637445964,0.777616362554036
585,1,0.212078768376111,0.787921231623889
586,0,0.825929725537668,0.174070274462332
587,1,0.25962978397367,0.74037021602633
588,0,0.78930658871437,0.21069341128563
589,1,0.218086559094566,0.781913440905434
590,1,0.197602089391724,0.802397910608276
591,1,0.208855485514529,0.791144514485471
592,1,0.21438154934407,0.78561845065593
593,0,0.827836305055553,0.172163694944447
594,1,0.254494069293878,0.745505930706122
595,0,0.828795839315896,0.171204160684105
597,0,0.784006949359529,0.215993050640471
599,1,0.203378038523069,0.796621961476931
600,1,0.20074435001536,0.79925564998464
601,0,0.798765810716952,0.201234189283048
602,0,0.747621545997481,0.252378454002519
603,0,0.807703729097325,0.192296270902675
604,1,0.263121599477222,0.736878400522778
605,1,0.190416013054774,0.809583986945226
606,0,0.775699196965259,0.224300803034741
607,0,0.768639629670013,0.231360370329987
608,1,0.192967011250751,0.807032988749249
609,0,0.782634832877381,0.217365167122619
610,0,0.777096290493277,0.222903709506723
611,1,0.276569236882916,0.723430763117084
612,0,0.734820941022208,0.265179058977792
613,1,0.188259659409112,0.811740340590888
614,0,0.777096290493277,0.222903709506723
615,0,0.777096290493277,0.222903709506723
616,0,0.768639629670013,0.231360370329987
617,0,0.774297145656285,0.225702854343715
618,0,0.775699196965259,0.224300803034741
619,0,0.789444991410297,0.210555008589703
620,0,0.765781479530315,0.234218520469685
621,0,0.785374034641649,0.214625965358351
622,1,0.244708705933855,0.755291294066145
623,0,0.904794815257627,0.095205184742373
624,1,0.392302390564347,0.607697609435653
625,1,0.385134663286714,0.614865336713286
626,1,0.412195945030744,0.587804054969256
627,1,0.45076538573366,0.54923461426634
628,1,0.397702415554449,0.602297584445551
629,1,0.401313422981242,0.598686577018758
630,0,0.817990765245776,0.182009234754224
631,0,0.778488413347396,0.221511586652604
632,0,0.777096290493277,0.222903709506723
633,1,0.246891474664632,0.753108525335368
634,0,0.768639629670013,0.231360370329987
635,0,0.777096290493277,0.222903709506723
636,0,0.823517210482296,0.176482789517704
637,1,0.243242413115886,0.756757586884114
638,0,0.774297145656285,0.225702854343715
639,0,0.789444991410297,0.210555008589703
640,0,0.905583788593125,0.0944162114068748
641,0,0.908691490582289,0.091308509417711
642,0,0.904000997737948,0.0959990022620522
643,0,0.911722703359123,0.0882772966408766
644,1,0.390506924872111,0.609493075127889
645,0,0.819223387697085,0.180776612302915
646,0,0.772890149722129,0.227109850277871
647,1,0.245418151276536,0.754581848723464
648,1,0.229409332511817,0.770590667488183
649,0,0.770061377915901,0.229938622084099
650,0,0.772890149722129,0.227109850277871
651,1,0.191688913317717,0.808311086682283
652,0,0.782634832877381,0.217365167122619
653,0,0.772890149722129,0.227109850277871
654,1,0.18662856269127,0.81337143730873
655,0,0.768639629670013,0.231360370329987
656,0,0.831868783603069,0.168131216396931
657,1,0.388366217210618,0.611633782789382
658,1,0.266720791494267,0.733279208505733
659,1,0.266720791494267,0.733279208505733
660,1,0.273289977574518,0.726710022425482
661,1,0.186490088130681,0.813509911869319
662,1,0.192967011250751,0.807032988749249
663,0,0.796128290364869,0.203871709635131
664,0,0.777096290493277,0.222903709506723
665,0,0.768639629670013,0.231360370329987
666,1,0.188259659409112,0.811740340590888
667,1,0.224193570310785,0.775806429689215
668,1,0.204702577785856,0.795297422214144
669,0,0.771478222581464,0.228521777418536
670,0,0.767212992051331,0.232787007948669
671,0,0.777096290493277,0.222903709506723
672,0,0.771478222581464,0.228521777418536
674,0,0.768639629670013,0.231360370329987
675,0,0.785374034641649,0.214625965358351
676,0,0.770061377915901,0.229938622084099
677,0,0.765781479530315,0.234218520469685
678,0,0.777096290493277,0.222903709506723
679,0,0.794665527222973,0.205334472777027
680,1,0.225035265568603,0.774964734431397
684,0,0.836866823096281,0.163133176903719
685,1,0.258564992825352,0.741435007174648
686,0,0.770061377915901,0.229938622084099
687,1,0.198131239418658,0.801868760581342
688,1,0.195538772584839,0.804461227415161
689,0,0.82832117090779,0.17167882909221
690,0,0.819858992614729,0.180141007385271
691,0,0.771478222581464,0.228521777418536
692,0,0.789444991410297,0.210555008589703
693,1,0.193608007221696,0.806391992778304
694,0,0.770061377915901,0.229938622084099
695,0,0.767212992051331,0.232787007948669
696,1,0.192967011250751,0.807032988749249
697,1,0.196832421576577,0.803167578423423
698,1,0.208706865198685,0.791293134801315
699,0,0.765781479530315,0.234218520469685
700,0,0.7934702755997,0.2065297244003
701,0,0.764345106840311,0.235654893159689
702,0,0.764345106840311,0.235654893159689
703,1,0.196832421576577,0.803167578423423
704,0,0.770061377915901,0.229938622084099
705,0,0.770061377915901,0.229938622084099
708,0,0.779875552897415,0.220124447102585
709,0,0.774297145656285,0.225702854343715
710,1,0.190416013054774,0.809583986945226
711,1,0.218227819381606,0.781772180618394
712,0,0.779875552897415,0.220124447102585
713,0,0.774297145656285,0.225702854343715
714,0,0.770061377915901,0.229938622084099
715,0,0.785374034641649,0.214625965358351
716,0,0.781257696775767,0.218742303224233
717,0,0.824726100118149,0.175273899881851
718,0,0.814907910947902,0.185092089052098
719,0,0.768639629670013,0.231360370329987
720,0,0.765781479530315,0.234218520469685
721,0,0.774297145656285,0.225702854343715
722,0,0.790791841322463,0.209208158677536
723,0,0.774297145656285,0.225702854343715
724,0,0.784006949359529,0.215993050640471
725,0,0.784006949359529,0.215993050640471
726,1,0.198131239418658,0.801868760581342
727,1,0.208706865198685,0.791293134801315
728,0,0.834089961240838,0.165910038759162
729,0,0.80007686321573,0.19992313678427
730,0,0.789444991410297,0.210555008589703
731,0,0.778488413347396,0.221511586652604
732,0,0.767212992051331,0.232787007948669
733,0,0.782634832877381,0.217365167122619
734,0,0.798631075218094,0.201368924781906
735,0,0.790653959520746,0.209346040479254
736,1,0.206823229792547,0.793176770207453
737,0,0.820348362802226,0.179651637197774
738,0,0.767212992051331,0.232787007948669
739,1,0.1870008430185,0.8129991569815
740,0,0.796520645311179,0.203479354688821
741,0,0.764345106840311,0.235654893159689
742,0,0.772184801703672,0.227815198296328
743,0,0.802683510575861,0.197316489424139
744,1,0.198131239418658,0.801868760581342
745,0,0.767212992051331,0.232787007948669
746,1,0.208706865198685,0.791293134801315
747,0,0.781257696775767,0.218742303224233
748,0,0.728342869754354,0.271657130245646
749,0,0.829860199962185,0.170139800037815
750,1,0.252553706294743,0.747446293705257
751,0,0.778488413347396,0.221511586652604
752,0,0.775699196965259,0.224300803034741
753,0,0.86330334482351,0.13669665517649
754,0,0.771478222581464,0.228521777418536
755,0,0.86020859068057,0.13979140931943
756,0,0.856008678585273,0.143991321414727
759,0,0.837101088413731,0.162898911586269
760,1,0.270347222337745,0.729652777662255
761,0,0.782634832877381,0.217365167122619
762,0,0.762903888977472,0.237096111022528
763,0,0.782901400187975,0.217098599812025
764,1,0.207849686735247,0.792150313264753
765,0,0.815647287408226,0.184352712591774
766,1,0.254494069293878,0.745505930706122
767,0,0.775699196965259,0.224300803034741
770,0,0.771478222581464,0.228521777418536
771,0,0.790791841322463,0.209208158677536
772,1,0.194250300032075,0.805749699967925
773,0,0.764345106840311,0.235654893159689
774,0,0.798765810716952,0.201234189283048
775,0,0.80007686321573,0.19992313678427
777,0,0.785374034641649,0.214625965358351
778,0,0.767212992051331,0.232787007948669
779,1,0.208706865198685,0.791293134801315
780,1,0.20074435001536,0.79925564998464
781,1,0.19943521826576,0.80056478173424
782,0,0.786736077405141,0.213263922594859
783,0,0.827604856038842,0.172395143961158
784,0,0.774297145656285,0.225702854343715
785,0,0.821083652850746,0.178916347149254
786,1,0.249135991800989,0.750864008199011
787,0,0.765781479530315,0.234218520469685
788,0,0.762903888977472,0.237096111022528
789,0,0.802683510575861,0.197316489424139
791,0,0.784818335668439,0.215181664331561
792,0,0.808979102784097,0.191020897215903
793,0,0.8064231609539,0.1935768390461
794,0,0.80526949438167,0.19473050561833
795,1,0.176758853984565,0.823241146015435
797,0,0.796789594638725,0.203210405361275
798,0,0.796789594638725,0.203210405361275
800,0,0.765781479530315,0.234218520469685
804,0,0.777096290493277,0.222903709506723
807,1,0.292736348161606,0.707263651838394
808,1,0.273751303171068,0.726248696828932
810,0,0.849105861920531,0.150894138079469
811,0,0.798095883067437,0.201904116932563
812,1,0.271724936583141,0.728275063416859
815,0,0.775699196965259,0.224300803034741
818,0,0.771478222581464,0.228521777418536
819,1,0.190416013054774,0.809583986945226
821,0,0.741612427138776,0.258387572861224
822,0,0.828673950026192,0.171326049973808
823,0,0.797449616861728,0.202550383138272
824,1,0.257055255701249,0.742944744298751
825,0,0.7934702755997,0.2065297244003
826,0,0.933689277442999,0.066310722557001
827,0,0.928736523838998,0.0712634761610021
828,0,0.934884815533616,0.0651151844663839
829,1,0.466719120367354,0.533280879632646
830,1,0.477881751715974,0.522118248284026
831,0,0.936646673664094,0.0633533263359055
832,0,0.814632187322409,0.185367812677591
833,1,0.247329275523543,0.752670724476457
834,0,0.810379233621451,0.189620766378549
835,0,0.785374034641649,0.214625965358351
837,0,0.768639629670013,0.231360370329987
838,0,0.876170600493063,0.123829399506937
839,0,0.867356323653814,0.132643676346186
840,0,0.767212992051331,0.232787007948669
841,1,0.20074435001536,0.79925564998464
842,1,0.191688913317717,0.808311086682283
845,0,0.82712808347487,0.17287191652513
846,1,0.252111016377923,0.747888983622077
847,0,0.768639629670013,0.231360370329987
848,0,0.77359426493485,0.22640573506515
849,0,0.879953442432585,0.120046557567415
850,0,0.824726100118149,0.175273899881851
851,0,0.770061377915901,0.229938622084099
852,1,0.284444157513795,0.715555842486205
854,0,0.775699196965259,0.224300803034741
856,0,0.755625665318919,0.244374334681081
858,0,0.778488413347396,0.221511586652604
860,1,0.192967011250751,0.807032988749249
861,1,0.203378038523069,0.796621961476931
862,1,0.19943521826576,0.80056478173424
863,1,0.198131239418658,0.801868760581342
864,0,0.779875552897415,0.220124447102585
865,1,0.206032234959629,0.793967765040371
867,1,0.168747782544716,0.831252217455284
868,1,0.243676724910577,0.756323275089423
869,0,0.80007686321573,0.19992313678427
870,0,0.779875552897415,0.220124447102585
871,1,0.204702577785856,0.795297422214144
874,0,0.798765810716952,0.201234189283048
876,0,0.782634832877381,0.217365167122619
878,1,0.256608448152042,0.743391551847958
879,1,0.253605525842966,0.746394474157034
881,0,0.781257696775767,0.218742303224233
882,0,0.770061377915901,0.229938622084099
884,0,0.768639629670013,0.231360370329987
885,0,0.80655471840084,0.19344528159916
886,0,0.81365705471327,0.18634294528673
889,0,0.788093066593144,0.211906933406856
890,0,0.777096290493277,0.222903709506723
891,0,0.771478222581464,0.228521777418536
892,0,0.786736077405141,0.213263922594859
893,0,0.784006949359529,0.215993050640471
894,0,0.781257696775767,0.218742303224233
895,0,0.791996246190433,0.208003753809567
896,1,0.213977397012595,0.786022602987405
897,0,0.807834754182686,0.192165245817314
898,0,0.786736077405141,0.213263922594859
899,0,0.767212992051331,0.232787007948669
900,1,0.195013830524054,0.804986169475946
905,0,0.772890149722129,0.227109850277871
906,0,0.785374034641649,0.214625965358351
907,0,0.778488413347396,0.221511586652604
908,1,0.246179744625184,0.753820255374816
909,1,0.247655512298471,0.752344487701529
910,0,0.785374034641649,0.214625965358351
911,0,0.764345106840311,0.235654893159689
912,0,0.770061377915901,0.229938622084099
913,0,0.782634832877381,0.217365167122619
914,0,0.770061377915901,0.229938622084099
915,0,0.786736077405141,0.213263922594859
916,0,0.771478222581464,0.228521777418536
917,1,0.171113114974058,0.828886885025942
918,0,0.789844909926342,0.210155090073658
920,0,0.766497844238941,0.233502155761059
925,0,0.78876966271258,0.21123033728742
926,0,0.801382765901576,0.198617234098424
933,1,0.3063907061877,0.6936092938123
934,0,0.865340298842891,0.134659701157109
935,1,0.166749804014314,0.833250195985686
936,0,0.898392765882576,0.101607234117424
937,1,0.249575909659694,0.750424090340306
938,1,0.213977397012595,0.786022602987405
939,0,0.810249275325898,0.189750724674102
940,1,0.206823229792547,0.793176770207453
942,0,0.775699196965259,0.224300803034741
944,1,0.218227819381606,0.781772180618394
948,1,0.198131239418658,0.801868760581342
950,0,0.777096290493277,0.222903709506723
951,0,0.781257696775767,0.218742303224233
952,0,0.781257696775767,0.218742303224233
953,0,0.771478222581464,0.228521777418536
954,0,0.771478222581464,0.228521777418536
960,0,0.785374034641649,0.214625965358351
961,0,0.78876966271258,0.21123033728742
964,0,0.790791841322463,0.209208158677536
965,0,0.794801840199945,0.205198159800055
966,0,0.774297145656285,0.225702854343715
967,1,0.20205862630725,0.79794137369275
968,1,0.229409332511817,0.770590667488183
969,0,0.836525005806377,0.163474994193623
970,1,0.261147309358916,0.738852690641084
971,0,0.817393930555199,0.182606069444801
973,0,0.779875552897415,0.220124447102585
975,0,0.829508985057611,0.170491014942389
976,1,0.25510467591919,0.74489532408081
978,0,0.76935111585869,0.23064888414131
979,0,0.778488413347396,0.221511586652604
980,0,0.810379233621451,0.189620766378549
981,1,0.19943521826576,0.80056478173424
982,0,0.785374034641649,0.214625965358351
986,0,0.774297145656285,0.225702854343715
987,0,0.771478222581464,0.228521777418536
991,0,0.781257696775767,0.218742303224233
993,1,0.209378706457786,0.790621293542214
996,0,0.789444991410297,0.210555008589703
997,0,0.786736077405141,0.213263922594859
1008,1,0.189148317029263,0.810851682970737
1009,1,0.215482314689653,0.784517685310347
1011,0,0.822303060140971,0.177696939859029
1012,1,0.244708705933855,0.755291294066145
1016,0,0.816028069913422,0.183971930086578
1018,0,0.770061377915901,0.229938622084099
1020,0,0.774297145656285,0.225702854343715
1021,0,0.770061377915901,0.229938622084099
1022,0,0.779875552897415,0.220124447102585
1025,0,0.775699196965259,0.224300803034741
1026,0,0.742674573740952,0.257325426259048
1027,1,0.199822885142295,0.800177114857705
1032,0,0.788093066593144,0.211906933406856
1041,1,0.20074435001536,0.79925564998464
1046,0,0.765781479530315,0.234218520469685
1047,0,0.771478222581464,0.228521777418536
1048,1,0.189148317029263,0.810851682970737
1049,1,0.163268402315847,0.836731597684153
1050,0,0.812773991491429,0.187226008508571
1051,1,0.239302230374238,0.760697769625762
1052,0,0.786736077405141,0.213263922594859
1057,0,0.807324536740252,0.192675463259748
1058,1,0.237425029244939,0.762574970755061
1059,1,0.207367000648978,0.792632999351022
1060,0,0.779875552897415,0.220124447102585
1061,1,0.192967011250751,0.807032988749249
1062,1,0.203378038523069,0.796621961476931
1063,0,0.770061377915901,0.229938622084099
1064,0,0.797449616861728,0.202550383138272
1065,0,0.794801840199945,0.205198159800055
1066,0,0.770061377915901,0.229938622084099
1067,0,0.780567250058267,0.219432749941733
1068,1,0.198131239418658,0.801868760581342
1069,0,0.822788236974437,0.177211763025563
1076,0,0.772890149722129,0.227109850277871
1080,1,0.198131239418658,0.801868760581342
1083,0,0.747178608776923,0.252821391223077
1084,0,0.779875552897415,0.220124447102585
1085,0,0.793865664576845,0.206134335423155
1087,1,0.210051818693362,0.789948181306638
1088,0,0.779875552897415,0.220124447102585
1089,0,0.785374034641649,0.214625965358351
1090,0,0.768639629670013,0.231360370329987
1091,1,0.19943521826576,0.80056478173424
1092,1,0.195538772584839,0.804461227415161
1093,0,0.768639629670013,0.231360370329987
1094,0,0.762903888977472,0.237096111022528
1095,1,0.210051818693362,0.789948181306638
1097,0,0.874149082456301,0.125850917543699
1098,0,0.877975319423965,0.122024680576035
1099,1,0.329556331239294,0.670443668760706
1100,1,0.33805971971312,0.66194028028688
1101,1,0.18812043785542,0.81187956214458
1102,0,0.905350334559249,0.0946496654407508
1103,0,0.909991683832625,0.0900083161673749
1104,0,0.906135907618923,0.0938640923810771
1105,0,0.916633453283247,0.0833665467167535
1106,0,0.915190305575759,0.084809694424241
1107,1,0.198759996413015,0.801240003586985
1108,0,0.770061377915901,0.229938622084099
1109,0,0.767212992051331,0.232787007948669
1111,0,0.785374034641649,0.214625965358351
1112,0,0.787615241355334,0.212384758644666
1113,1,0.216711809420788,0.783288190579212
1114,1,0.193727466528529,0.806272533471471
1118,0,0.770061377915901,0.229938622084099
1119,0,0.775699196965259,0.224300803034741
1120,0,0.771478222581464,0.228521777418536
1121,0,0.823517210482296,0.176482789517704
1126,0,0.774297145656285,0.225702854343715
1127,1,0.206032234959629,0.793967765040371
1128,0,0.767212992051331,0.232787007948669
1130,0,0.823517210482296,0.176482789517704
1131,1,0.192967011250751,0.807032988749249
1132,0,0.785374034641649,0.214625965358351
1134,0,0.764345106840311,0.235654893159689
1135,0,0.774297145656285,0.225702854343715
1140,0,0.7934702755997,0.2065297244003
1141,0,0.770061377915901,0.229938622084099
1142,0,0.912247945435028,0.0877520545649721
1143,0,0.907692597571908,0.0923074024280917
1144,0,0.909991683832625,0.0900083161673749
1145,0,0.906135907618923,0.0938640923810771
1146,0,0.910748511645819,0.0892514883541811
1147,1,0.196162541634975,0.803837458365025
1148,1,0.198131239418658,0.801868760581342
1149,0,0.789444991410297,0.210555008589703
1153,0,0.852155712204486,0.147844287795514
1154,1,0.287623847133229,0.712376152866771
1157,1,0.215342084908158,0.784657915091842
1158,0,0.810249275325898,0.189750724674102
1159,1,0.213563012186147,0.786436987813853
1161,0,0.809109594810299,0.190890405189701
1162,0,0.762903888977472,0.237096111022528
1166,0,0.775699196965259,0.224300803034741
1170,0,0.794136696617056,0.205863303382944
1172,0,0.979467248417362,0.0205327515826381
1182,0,0.774297145656285,0.225702854343715
1183,1,0.196832421576577,0.803167578423423
1184,0,0.794801840199945,0.205198159800055
1188,1,0.213977397012595,0.786022602987405
1189,1,0.191170305556561,0.808829694443439
1190,1,0.218086559094566,0.781913440905434
1191,0,0.775699196965259,0.224300803034741
1192,0,0.768639629670013,0.231360370329987
1193,0,0.774998790217317,0.225001209782683
1197,0,0.781257696775767,0.218742303224233
1202,0,0.771478222581464,0.228521777418536
1204,0,0.796128290364869,0.203871709635131
1205,0,0.770061377915901,0.229938622084099
1206,1,0.192967011250751,0.807032988749249
1207,0,0.872494474441863,0.127505525558137
1208,0,0.878255684791067,0.121744315208933
1209,1,0.333451392520392,0.666548607479608
1210,1,0.321636807542737,0.678363192457263
1211,0,0.823742633910019,0.176257366089981
1212,1,0.26143028661554,0.73856971338446
1218,0,0.767212992051331,0.232787007948669
1219,0,0.782634832877381,0.217365167122619
1221,0,0.785374034641649,0.214625965358351
1223,0,0.786736077405141,0.213263922594859
1224,1,0.19943521826576,0.80056478173424
1225,0,0.770061377915901,0.229938622084099
1226,0,0.822180239146069,0.177819760853931
1227,0,0.767212992051331,0.232787007948669
1228,1,0.198131239418658,0.801868760581342
1229,0,0.784006949359529,0.215993050640471
1230,0,0.778488413347396,0.221511586652604
1231,1,0.168747782544716,0.831252217455284
1232,1,0.25404959377492,0.74595040622508
1233,0,0.762903888977472,0.237096111022528
1234,0,0.801382765901576,0.198617234098424
1235,0,0.775699196965259,0.224300803034741
1236,0,0.838133655128232,0.161866344871768
1237,0,0.760006979031367,0.239993020968633
1238,0,0.774297145656285,0.225702854343715
1239,0,0.775699196965259,0.224300803034741
1240,0,0.788093066593144,0.211906933406856
1241,0,0.734182426818657,0.265817573181343
1245,1,0.234970989612657,0.765029010387343
1249,0,0.785374034641649,0.214625965358351
1252,0,0.783321519300816,0.216678480699185
1253,0,0.801382765901576,0.198617234098424
1255,0,0.775699196965259,0.224300803034741
1257,0,0.79599250228793,0.20400749771207
1258,1,0.225035265568603,0.774964734431397
1259,1,0.197602089391724,0.802397910608276
1260,0,0.790791841322463,0.209208158677536
1261,1,0.192967011250751,0.807032988749249
1262,1,0.255704252051508,0.744295747948492
1264,0,0.801900368651556,0.198099631348444
1265,0,0.786862587030834,0.213137412969166
1266,1,0.173855170471308,0.826144829528692
1267,0,0.832216868034149,0.167783131965851
1268,1,0.255550116420911,0.744449883579089
1270,0,0.786736077405141,0.213263922594859
1271,0,0.779875552897415,0.220124447102585
1272,0,0.779875552897415,0.220124447102585
1273,0,0.80526949438167,0.19473050561833
1274,1,0.299858822156818,0.700141177843182
1275,0,0.903046826890736,0.0969531731092638
1276,0,0.854945538992497,0.145054461007503
1277,1,0.262669380494666,0.737330619505334
1278,0,0.771478222581464,0.228521777418536
1279,0,0.768639629670013,0.231360370329987
1280,1,0.187885831554673,0.812114168445327
1281,0,0.771478222581464,0.228521777418536
1282,0,0.771478222581464,0.228521777418536
1286,0,0.786055687035409,0.213944312964591
1287,1,0.219608095940055,0.780391904059945
1288,0,0.810379233621451,0.189620766378549
1289,0,0.814907910947902,0.185092089052098
1290,0,0.81862908368336,0.18137091631664
1291,1,0.287623847133229,0.712376152866771
1295,0,0.780567250058267,0.219432749941733
1296,0,0.770061377915901,0.229938622084099
1297,0,0.778488413347396,0.221511586652604
1299,0,0.790791841322463,0.209208158677536
1300,0,0.825929725537668,0.174070274462332
1301,1,0.238872174890813,0.761127825109187
1302,0,0.80333194616699,0.19666805383301
1305,1,0.238147999735304,0.761852000264696
1307,0,0.777792974050119,0.222207025949881
1308,0,0.778488413347396,0.221511586652604
1309,0,0.781257696775767,0.218742303224233
