Date,Open,High,Low,Close,Volumne
7/16/2010 4:00:00 PM,469.12,470.56,459.52,459.61,7824800
7/16/2010 3:58:00 PM,491.73,494.7,482.68,494.02,4845100
7/16/2010 3:56:00 PM,489.88,493.83,486.46,491.34,3118000
7/16/2010 3:54:00 PM,482.25,492.99,480.28,489.2,3976300
7/16/2010 3:52:00 PM,472.37,479.44,471.08,475.83,3334400
7/16/2010 3:50:00 PM,471.96,473.26,462.78,467.49,4331500
7/16/2010 3:48:00 PM,453.55,457.33,449.66,456.56,2668900
7/16/2010 3:46:00 PM,438.31,451.29,435.38,450.2,3129700
7/16/2010 3:44:00 PM,444,447.67,433.63,436.07,2560100
7/16/2010 3:42:00 PM,441.62,442.28,436,436.55,1936000
7/16/2010 3:40:00 PM,445.29,448.4,433.63,439.49,3513600
7/16/2010 3:38:00 PM,454.96,457.83,444.72,444.95,3603200
7/16/2010 3:36:00 PM,463.44,464.55,451.12,454.26,3502100
7/16/2010 3:34:00 PM,472.59,477.55,469.01,472.08,1762300
7/16/2010 3:32:00 PM,477.06,477.65,470.56,472.68,2245200
7/16/2010 3:30:00 PM,479.66,482.75,473.26,475.1,1893600
7/16/2010 3:28:00 PM,486.89,486.89,478.16,482.05,2029100
7/16/2010 3:26:00 PM,489.9,496.6,485.73,486.25,2219700
7/16/2010 3:24:00 PM,499.9,500.97,484.89,488.56,2983500
7/16/2010 3:22:00 PM,502.51,503.47,498.13,500.03,2872900
7/16/2010 3:20:00 PM,503.45,505.87,496.69,500.08,1977300
7/16/2010 3:18:00 PM,496.17,504,496.11,501.27,2289300
7/16/2010 3:16:00 PM,483.08,500.4,482.18,497.99,4259600
7/16/2010 3:14:00 PM,494.48,494.5,483.19,483.19,2040400
7/16/2010 3:12:00 PM,482.5,488.71,481.62,488.5,1781700
7/16/2010 3:10:00 PM,480.37,488.5,475.84,487.01,2577900
7/16/2010 3:08:00 PM,487.22,488.88,472,474.02,2729000
7/16/2010 3:06:00 PM,487.85,488.84,477.54,484.78,2673400
7/16/2010 3:04:00 PM,499.06,500.91,483.15,485.52,3632700
7/16/2010 3:02:00 PM,499.72,509.25,496.7,498.72,3920300
7/16/2010 3:00:00 PM,495.11,508,494.7,505.6,3650700
7/16/2010 2:58:00 PM,486.68,493.87,481.46,493.37,2517900
7/16/2010 2:56:00 PM,480.43,491.06,480.12,482.37,2666800
7/16/2010 2:54:00 PM,492.74,493.45,483,485.63,2894800
7/16/2010 2:52:00 PM,484.95,492.31,481.05,490.46,2809100
7/16/2010 2:50:00 PM,482.07,489.76,475,475.47,3475600
7/16/2010 2:48:00 PM,468.15,477.45,464.01,477.07,3017400
7/16/2010 2:46:00 PM,480.73,489.79,476.8,477.16,4345600
7/16/2010 2:44:00 PM,469.06,485,464.4,472.05,9690800
7/16/2010 2:42:00 PM,485.07,485.58,473.8,475.01,4913300
7/16/2010 2:40:00 PM,496.26,499.44,487.74,494.43,3445700
7/16/2010 2:38:00 PM,510,510.97,497.07,498.37,2825500
7/16/2010 2:36:00 PM,506.78,508.36,498.35,507.97,2793800
7/16/2010 2:34:00 PM,509.77,510.99,496.25,507.53,4116000
7/16/2010 2:32:00 PM,516.5,522,510.37,510.88,3325800
7/16/2010 2:30:00 PM,512.04,512.04,502,505.39,3851800
7/16/2010 2:28:00 PM,515.67,519.88,508.22,509.05,3322600
7/16/2010 2:26:00 PM,513.97,522.82,512.6,521.65,4128000
7/16/2010 2:24:00 PM,499.97,505.32,481.33,493.14,5089000
7/16/2010 2:22:00 PM,508.75,517.52,460,498.67,4986600
7/16/2010 2:20:00 PM,500.98,515.72,500.47,509.76,4566900
7/16/2010 2:18:00 PM,526.52,526.74,504.21,506.37,6076300
7/16/2010 2:16:00 PM,526.5,532.92,525.08,530.6,1857800
7/16/2010 2:14:00 PM,531.13,537.68,525.44,525.7,2435400
7/16/2010 2:12:00 PM,533.37,536.5,526.67,532,3058900
7/16/2010 2:10:00 PM,532.1,534.83,521.03,529.19,3406100
7/16/2010 2:08:00 PM,528.95,538.33,527.23,529.06,3844700
7/16/2010 2:06:00 PM,544.97,544.99,529.21,531.64,4368800
7/16/2010 2:04:00 PM,547.25,549.32,542.27,544.99,2089400
7/16/2010 2:02:00 PM,552,552.5,543.35,547.06,3280700
7/16/2010 2:00:00 PM,556.46,560.25,552.16,554.3,2391500
7/16/2010 1:58:00 PM,554.17,559.66,551.06,555.04,2977400
7/16/2010 1:56:00 PM,548.75,553.99,545,550.1,3894000
7/16/2010 1:54:00 PM,563,568.81,549.63,550.15,12235500
7/16/2010 1:52:00 PM,592.17,597.84,588.29,595.3,6761800
7/16/2010 1:50:00 PM,590.06,592.34,584.01,589,3402700
7/16/2010 1:48:00 PM,572.53,588.88,571.13,586.77,3912300
7/16/2010 1:46:00 PM,567.35,574,566.22,572.73,2352400
7/16/2010 1:44:00 PM,567.49,568.77,564,566.22,2056600
7/16/2010 1:42:00 PM,563.32,569.85,560.05,567.49,1947500
7/16/2010 1:40:00 PM,567.3,568.75,561.86,563.54,2581000
7/16/2010 1:38:00 PM,569.46,570.89,565.4,568.22,2060100
7/16/2010 1:36:00 PM,570.9,574.88,569,571.01,1901500
7/16/2010 1:34:00 PM,571.35,573.45,565.55,568.8,2102700
7/16/2010 1:32:00 PM,565.05,569.74,562.81,567.12,3030800
7/16/2010 1:30:00 PM,562.83,567.63,560.28,566.71,1977900
7/16/2010 1:28:00 PM,563,564.72,560.57,562.45,3104500
7/16/2010 1:26:00 PM,565.27,567.39,560.02,562.69,2696200
7/16/2010 1:24:00 PM,559.02,572,558.66,562.88,3930900
7/16/2010 1:22:00 PM,545.51,559.85,539.7,557.33,6565200
7/16/2010 1:20:00 PM,557.04,558.31,542,549,5501300
7/16/2010 1:18:00 PM,556.11,566.85,554.28,557.5,4004800
7/16/2010 1:16:00 PM,566.23,568,557.28,560,4792400
7/16/2010 1:14:00 PM,564.72,568.44,562.96,566.4,1777200
7/16/2010 1:12:00 PM,568.3,571.45,564.25,565.56,3321600
7/16/2010 1:10:00 PM,561.83,568.42,560.76,565.2,3431500
7/16/2010 1:08:00 PM,566.68,569.45,556,563.18,4653900
7/16/2010 1:06:00 PM,588.14,588.28,579.16,579.54,2753400
7/16/2010 1:04:00 PM,574.26,586.21,574.2,581.14,4233300
7/16/2010 1:02:00 PM,563.76,578.5,562.21,576.45,5654900
7/16/2010 1:00:00 PM,559.85,564.66,556.5,560.19,3176600
7/16/2010 12:58:00 PM,564.78,565.18,561.01,562.48,2386400
7/16/2010 12:56:00 PM,561.35,567.67,559.9,564.21,3912200
7/16/2010 12:54:00 PM,546.5,556.13,546.2,554.59,3183800
7/16/2010 12:52:00 PM,542.36,548.12,539.25,545.32,3089400
7/16/2010 12:50:00 PM,535.48,545.66,535.01,541.06,4356800
7/16/2010 12:48:00 PM,529.2,533.29,527.74,532.69,2237900
7/16/2010 12:46:00 PM,527.42,531.75,523.48,526.8,2049300
7/16/2010 12:44:00 PM,527.12,528.49,520,526.43,3309200
7/16/2010 12:42:00 PM,533.98,538.44,530.51,531.47,2326600
7/16/2010 12:40:00 PM,543,543.63,532.29,535.07,2872600
7/16/2010 12:38:00 PM,547.35,547.5,541,542.8,2144600
7/16/2010 12:36:00 PM,540.53,544.03,539.7,540.76,2553100
7/16/2010 12:34:00 PM,537.54,545.01,536.14,543.22,2336900
7/16/2010 12:32:00 PM,542,543.4,537.61,538.21,2029700
7/16/2010 12:30:00 PM,536.87,544.13,534.3,541.3,3654400
7/16/2010 12:28:00 PM,532.97,537.15,530.5,533.12,2279700
7/16/2010 12:26:00 PM,533.32,540.49,529.5,536.4,2410000
7/16/2010 12:24:00 PM,534.07,537.79,527.69,534.45,2674500
7/16/2010 12:22:00 PM,539.54,541.53,535.07,536.44,2819600
7/16/2010 12:20:00 PM,532.5,542,531.53,533.47,2694300
7/16/2010 12:18:00 PM,528.4,533.5,522.46,531.29,3156000
7/16/2010 12:16:00 PM,537,538,525.56,526.78,3377700
7/16/2010 12:14:00 PM,528.67,542.1,528.23,540.82,2999100
7/16/2010 12:12:00 PM,534.96,534.96,527.61,531.12,4096200
7/16/2010 12:10:00 PM,534.6,535.81,530.3,533.02,2250800
7/16/2010 12:08:00 PM,538.49,540.99,525.61,529.94,4140500
7/16/2010 12:06:00 PM,544.49,547,530.6,534.29,3229100
7/16/2010 12:04:00 PM,541.27,547.65,535.31,542.1,3964400
7/16/2010 12:02:00 PM,537.97,549.6,536.29,542.42,4355500
7/16/2010 12:00:00 PM,546.59,549.88,535.51,540,4419900
7/16/2010 11:58:00 AM,564.5,570.6,534.86,550.01,6800400
7/16/2010 11:56:00 AM,583.44,586.82,572.25,582.98,6307700
7/16/2010 11:54:00 AM,585.98,585.98,575.29,580.41,3250700
7/16/2010 11:52:00 AM,581.2,590.42,576.29,587.62,4316700
7/16/2010 11:50:00 AM,593.34,593.56,578.04,580,5434500
7/16/2010 11:48:00 AM,583.9,594.2,582.81,589.85,4240100
7/16/2010 11:46:00 AM,576.49,588.38,573.9,587.09,6496600
7/16/2010 11:44:00 AM,597.65,598.16,588,590.48,4853300
7/16/2010 11:42:00 AM,604.46,604.46,594.04,601.11,7212900
7/16/2010 11:40:00 AM,592,603.25,589.11,602.02,4724300
7/16/2010 11:38:00 AM,609.4,610,592.65,594.1,6414300
7/16/2010 11:36:00 AM,625.86,625.86,606.36,608.26,3978700
7/16/2010 11:34:00 AM,627.18,627.84,621.54,623.99,3004700
7/16/2010 11:32:00 AM,626.95,629.51,624.24,626.75,1956200
7/16/2010 11:30:00 AM,624.75,625.4,619.98,619.98,1219800
7/16/2010 11:28:00 AM,618.5,622.73,618.01,622.73,1465600
7/16/2010 11:26:00 AM,624.74,624.84,618.29,619.4,1424800
7/16/2010 11:24:00 AM,621.66,625.99,618.48,622.87,1697900
7/16/2010 11:22:00 AM,612.93,619.52,612.27,618.48,858700
7/16/2010 11:20:00 AM,603.5,612.87,602.85,611.68,2072700
7/16/2010 11:18:00 AM,601.34,601.5,598.85,601.12,1880800
7/16/2010 11:16:00 AM,597.61,599.84,595.67,598.68,2571200
7/16/2010 11:14:00 AM,596.03,598.93,595,596.42,3531500
7/16/2010 11:12:00 AM,596.44,597.64,593.76,593.94,2638800
7/16/2010 11:10:00 AM,598.6,600.37,596.64,597.76,2809400
7/16/2010 11:08:00 AM,593.3,596.38,590.99,593.14,2280400
7/16/2010 11:06:00 AM,595.35,597.31,592.61,595.73,1913400
7/16/2010 11:04:00 AM,594.68,594.75,587.73,590.51,1720000
7/16/2010 11:02:00 AM,590.44,594.71,590.41,591.5,1668300
7/16/2010 11:00:00 AM,587.5,589.33,583.58,589.02,1781000
7/16/2010 10:58:00 AM,583.5,590.66,582,587.05,1524000
7/16/2010 10:56:00 AM,584.21,588.69,581,586.25,1636200
7/16/2010 10:54:00 AM,593.02,594.83,579.18,585.01,2513600
7/16/2010 10:52:00 AM,589.04,591.45,585,585.74,1428700
7/16/2010 10:50:00 AM,591,593.01,586.22,587.51,1663200
7/16/2010 10:48:00 AM,588.13,591.22,583,589.87,2320300
7/16/2010 10:46:00 AM,580.63,583.67,577.11,583,1725100
7/16/2010 10:44:00 AM,572,582.46,570.97,579.76,1384600
7/16/2010 10:42:00 AM,586.41,587.06,582.69,585.74,1461200
7/16/2010 10:40:00 AM,582.52,584.29,576.54,583.09,1605200
7/16/2010 10:38:00 AM,576.49,586.6,575.86,582.35,2547500
7/16/2010 10:36:00 AM,569.5,571.6,569.4,569.96,2006200
7/16/2010 10:34:00 AM,573.77,574,570,572.99,2168000
7/16/2010 10:32:00 AM,576.65,578.78,572.07,576.65,1549600
7/16/2010 10:30:00 AM,574.87,577.5,573.72,577.49,1916700
7/16/2010 10:28:00 AM,575,576.99,572.78,576.28,2199200
7/16/2010 10:26:00 AM,569.29,572.51,566.61,572.05,1666800
7/16/2010 10:24:00 AM,569.56,572.9,565.5,567.85,1886300
7/16/2010 10:22:00 AM,570.48,573.5,565.86,570.56,2319700
7/16/2010 10:20:00 AM,562.73,568.78,562,566.76,2230800
7/16/2010 10:18:00 AM,555.45,562.58,554.23,562.51,2649900
7/16/2010 10:16:00 AM,547.72,551.78,545.5,551.1,1826700
7/16/2010 10:14:00 AM,543.49,549.77,542.66,548.65,1847700
7/16/2010 10:12:00 AM,540.8,545.5,536.42,540.33,2332700
7/16/2010 10:10:00 AM,530.01,537.5,528.3,537.29,2380200
7/16/2010 10:08:00 AM,537.08,539.46,528.24,533.99,3202100
7/16/2010 10:06:00 AM,550,550.17,534.24,536.12,3468500
7/16/2010 10:04:00 AM,543.01,551.83,541,551.05,2522600
7/16/2010 10:02:00 AM,547.87,550,538.25,540.3,2567800
7/16/2010 10:00:00 AM,550.97,554.56,544.16,548.29,3216500
7/16/2010 9:58:00 AM,555.75,561.64,550.89,554.21,2970400
7/16/2010 9:56:00 AM,555.25,557.89,551.2,553.69,2392700
7/16/2010 9:54:00 AM,550,555,548,554.09,2336500
7/16/2010 9:52:00 AM,549.91,559.35,549,551.1,3670600
7/16/2010 9:50:00 AM,551.64,552.95,540.7,551.72,4043700
7/16/2010 9:48:00 AM,552.69,553.6,548.73,552.09,3217900
7/16/2010 9:46:00 AM,547.33,554.75,544.53,549.85,8841900
7/16/2010 9:44:00 AM,533.75,536.9,527.27,529.91,6100400
7/16/2010 9:42:00 AM,532.46,535.58,530,535.32,3258400
7/16/2010 9:40:00 AM,524.39,527.46,521.38,526.11,3037400
7/16/2010 9:38:00 AM,523.42,525.76,519.32,524.04,3322200
7/16/2010 9:36:00 AM,516.65,521.51,514.5,516.25,2738100
7/16/2010 9:34:00 AM,519.57,523.25,513.34,514.18,4303800
7/16/2010 9:32:00 AM,499,518.99,497.81,517.54,4874200
7/16/2010 9:30:00 AM,491.7,499.37,491.7,498.74,2732300
7/16/2010 9:28:00 AM,487.65,492.43,483.34,488.52,2144600
7/16/2010 9:26:00 AM,483.74,491.74,482.6,484.58,2600800
7/16/2010 9:24:00 AM,493,496.47,487,487.2,2813200
7/16/2010 9:22:00 AM,500,500.14,487.24,495.85,3141700
7/16/2010 9:20:00 AM,499.53,499.75,493.01,498.53,2099200
7/16/2010 9:18:00 AM,494.84,501.5,493.3,498.53,1839300
7/16/2010 9:16:00 AM,494.29,499.93,492,492.48,2049600
7/16/2010 9:14:00 AM,500.47,501.41,493,496.77,2527600
7/16/2010 9:12:00 AM,500.78,507,497.71,498.46,2704200
7/16/2010 9:10:00 AM,500.92,501.99,497.81,499.06,3041200
7/16/2010 9:08:00 AM,487.74,498.9,486.22,497,2116400
7/16/2010 9:06:00 AM,496.77,496.98,491.23,491.46,3283500
7/16/2010 9:04:00 AM,490.57,497.37,487.15,491.72,4483100
7/16/2010 9:02:00 AM,479.8,489.37,478.48,488.29,2585300
7/15/2010 4:00:00 PM,475.08,478.91,472.71,477.54,2398100
7/15/2010 3:58:00 PM,470.51,476.8,470.05,475.12,1975700
7/15/2010 3:56:00 PM,470.4,473.3,467.63,472.14,1902900
7/15/2010 3:54:00 PM,466.65,470.94,462,470.94,2534600
7/15/2010 3:52:00 PM,459.06,466.27,458.8,463.97,2195400
7/15/2010 3:50:00 PM,464.29,466.99,455.84,458.62,2656700
7/15/2010 3:48:00 PM,457.57,462.6,455.78,461.3,1499200
7/15/2010 3:46:00 PM,455.82,458.25,455,457.52,1646200
7/15/2010 3:44:00 PM,455.82,458.33,452.59,453.01,1804800
7/15/2010 3:42:00 PM,459.68,466.82,454.42,455.76,2594900
7/15/2010 3:40:00 PM,459.79,461.86,458,461.67,1957900
7/15/2010 3:38:00 PM,469.26,472.37,463.38,464.75,1771600
7/15/2010 3:36:00 PM,468.58,468.58,460.73,466.06,1998900
7/15/2010 3:34:00 PM,472.76,473,466.7,468,1987800
7/15/2010 3:32:00 PM,469.13,474.35,468.72,471.37,2341000
7/15/2010 3:30:00 PM,467.35,470.09,464.42,468.73,2453400
7/15/2010 3:28:00 PM,465.54,466.09,462.65,465.24,3560500
7/15/2010 3:26:00 PM,452,462.18,451.23,460.41,3998900
7/15/2010 3:24:00 PM,439.99,445,438.56,443.97,2255000
7/15/2010 3:22:00 PM,445.1,447.7,442.32,445.28,2351100
7/15/2010 3:20:00 PM,451.5,451.99,443.12,444.89,2620200
7/15/2010 3:18:00 PM,462.78,463.18,456.89,460,1675100
7/15/2010 3:16:00 PM,462.15,464.72,458.91,462.28,1995200
7/15/2010 3:14:00 PM,455.41,461.75,454.92,458.58,2341400
7/15/2010 3:12:00 PM,453.67,457.23,452.38,453.94,1712500
7/15/2010 3:10:00 PM,455.14,458.41,453.79,456.61,1742000
7/15/2010 3:08:00 PM,455.67,459.42,454.99,457.1,2543100
7/15/2010 3:06:00 PM,454.3,454.88,448.53,450.36,2110900
7/15/2010 3:04:00 PM,456,456.91,447.88,451.14,2342000
7/15/2010 3:02:00 PM,449.37,454,448.43,453.73,2389800
7/15/2010 3:00:00 PM,448.74,453.9,447.64,452.21,2590300
7/15/2010 2:58:00 PM,449.98,452.7,442.43,443.05,2860400
7/15/2010 2:56:00 PM,442.61,451.47,442.61,445.64,3198600
7/15/2010 2:54:00 PM,437.23,437.8,431.89,436.24,1987000
7/15/2010 2:52:00 PM,441,442.81,436.1,439.85,2532500
7/15/2010 2:50:00 PM,446.04,446.75,437.61,444.8,2504400
7/15/2010 2:48:00 PM,435.81,450.49,435,446.72,3626900
7/15/2010 2:46:00 PM,428.68,441.21,425.5,437.34,3478200
7/15/2010 2:44:00 PM,428,430.2,423.5,427.69,2586700
7/15/2010 2:42:00 PM,430.94,431.9,425.72,427.9,2968200
7/15/2010 2:40:00 PM,429.88,432.85,426.25,430.17,3153500
7/15/2010 2:38:00 PM,433,435.48,426.7,430.25,6854100
7/15/2010 2:36:00 PM,436.68,445.75,434.1,442.6,6554500
7/15/2010 2:34:00 PM,429.66,438.68,428.49,438.17,3777000
7/15/2010 2:32:00 PM,423.71,426.73,420.87,424.69,2895800
7/15/2010 2:30:00 PM,416.17,424.52,415.18,424.3,4045700
7/15/2010 2:28:00 PM,409.58,417.37,408.7,414.4,2926600
7/15/2010 2:26:00 PM,406.12,414.45,405.8,410.39,3275600
7/15/2010 2:24:00 PM,400,406,398.06,402.49,3441200
7/15/2010 2:22:00 PM,408.24,409.19,395.98,396.63,3259300
7/15/2010 2:20:00 PM,406.5,410.64,401.66,409.61,2262600
7/15/2010 2:18:00 PM,415.41,415.41,406.81,408.49,2517600
7/15/2010 2:16:00 PM,424.2,426.4,418.15,418.99,2310800
7/15/2010 2:14:00 PM,424,427.21,418.22,421.59,2593900
7/15/2010 2:12:00 PM,426,427.8,422.24,424.14,2169300
7/15/2010 2:10:00 PM,413.68,428.23,413.11,425.32,3256700
7/15/2010 2:08:00 PM,407,415.9,406.51,415.77,3044500
7/15/2010 2:06:00 PM,408.74,412.23,406.56,409.29,2457800
7/15/2010 2:04:00 PM,406.65,408.99,402.55,405.68,2899600
7/15/2010 2:02:00 PM,416.95,417.49,401.89,407.35,4124400
7/15/2010 2:00:00 PM,418.21,420.46,414.58,420.09,4259100
7/15/2010 1:58:00 PM,415.68,418.69,413,414.06,3085200
7/15/2010 1:56:00 PM,416.19,419.72,411.56,415.16,3490100
7/15/2010 1:54:00 PM,419.31,421.09,415.42,416,3049700
7/15/2010 1:52:00 PM,421.5,421.5,414,416.77,3736900
7/15/2010 1:50:00 PM,426.86,427.7,421.21,424.84,2918400
7/15/2010 1:48:00 PM,431.77,433.73,428.37,429,2865200
7/15/2010 1:46:00 PM,436.23,437.89,426.67,432.6,3358900
7/15/2010 1:44:00 PM,438.58,440.5,431.76,435.62,3254900
7/15/2010 1:42:00 PM,439.5,440.92,434.12,438.77,3098700
7/15/2010 1:40:00 PM,445.07,447.34,439.46,444.32,3680800
7/15/2010 1:38:00 PM,435.3,441.24,434.5,440.28,3638100
7/15/2010 1:36:00 PM,426,432.46,424,431.65,3532800
7/15/2010 1:34:00 PM,426.25,429.96,423.4,428.4,2623600
7/15/2010 1:32:00 PM,418.73,429.6,418.53,426.56,3322400
7/15/2010 1:30:00 PM,412.11,417.23,410.7,417.23,2648200
7/15/2010 1:28:00 PM,408.68,411.62,404.61,410.4,2668800
7/15/2010 1:26:00 PM,405.64,411.86,404.81,405.56,3034300
7/15/2010 1:24:00 PM,391.95,405,390,404.36,3104500
7/15/2010 1:22:00 PM,396.66,398.65,392,393.5,1718600
7/15/2010 1:20:00 PM,396.3,402.84,393.84,396.5,2719800
7/15/2010 1:18:00 PM,402.09,405.67,395,397.18,2284000
7/15/2010 1:16:00 PM,396.1,401.64,393,398.88,2837500
7/15/2010 1:14:00 PM,394.73,397.31,385.4,396.84,3351700
7/15/2010 1:12:00 PM,391.1,394.11,389.09,390,3008700
7/15/2010 1:10:00 PM,388.8,392.21,384.69,387.5,2937000
7/15/2010 1:08:00 PM,394.09,396.39,388.35,389.54,2842800
7/15/2010 1:06:00 PM,410.01,410.99,395.11,399.01,3790800
7/15/2010 1:04:00 PM,402.8,412,401.2,407.98,2559300
7/15/2010 1:02:00 PM,402.85,410.13,395,407.33,3865100
7/15/2010 1:00:00 PM,404.1,404.99,392.5,396.61,2999800
7/15/2010 12:58:00 PM,406.79,408.28,401,403.47,2632900
7/15/2010 12:56:00 PM,399.98,405,397.25,402.99,2400800
7/15/2010 12:54:00 PM,398.17,402.4,394.79,401.98,3203000
7/15/2010 12:52:00 PM,395.03,397.59,391.55,393.69,2427700
7/15/2010 12:50:00 PM,395.76,403.75,394.8,395.97,4355700
7/15/2010 12:48:00 PM,385.97,394.97,385.83,391.47,3610000
7/15/2010 12:46:00 PM,383.75,389.05,381.54,383.71,2943600
7/15/2010 12:44:00 PM,384.34,389.49,382.75,385.95,2290600
7/15/2010 12:42:00 PM,386.05,393.18,380.5,389.49,3385400
7/15/2010 12:40:00 PM,387.51,389.75,381.11,384.69,2609000
7/15/2010 12:38:00 PM,381.75,390,379.01,383.86,3501800
7/15/2010 12:36:00 PM,376.17,384.3,376.1,381.47,3695400
7/15/2010 12:34:00 PM,386.15,390.65,375.89,379.3,4428900
7/15/2010 12:32:00 PM,386.02,399.82,384.81,392.24,10730800
7/15/2010 12:30:00 PM,381.5,392.9,381.02,388.74,10185100
7/15/2010 12:28:00 PM,367.1,381.06,364.16,379.5,4930700
7/15/2010 12:26:00 PM,376.94,376.99,365.6,368.91,3428600
7/15/2010 12:24:00 PM,371.33,379.1,370.3,378.11,3050100
7/15/2010 12:22:00 PM,369.5,374.35,366.25,372.5,3382600
7/15/2010 12:20:00 PM,363.5,365,356.21,362,2765200
7/15/2010 12:18:00 PM,362.6,363.75,355.31,358.65,3680100
7/15/2010 12:16:00 PM,367,369.82,361.4,368.24,3280300
7/15/2010 12:14:00 PM,364.5,371.72,358,369.78,3789800
7/15/2010 12:12:00 PM,363.31,369.76,360.32,362.5,4488000
7/15/2010 12:10:00 PM,343.78,355.24,340.61,354.09,3301200
7/15/2010 12:08:00 PM,348.93,353.51,346.18,348.06,3655300
7/15/2010 12:06:00 PM,342.55,343.81,336.05,342.69,3094100
7/15/2010 12:04:00 PM,350,352,345.47,347.7,3322800
7/15/2010 12:02:00 PM,353.13,359.16,348.5,353.29,6003300
7/15/2010 12:00:00 PM,350.4,351.34,336.25,344.07,4336300
7/15/2010 11:58:00 AM,346.5,353.84,344,347.17,3820000
7/15/2010 11:56:00 AM,333.56,349.45,333.03,348.6,4271500
7/15/2010 11:54:00 AM,330.3,332.99,326.34,330.16,4737900
7/15/2010 11:52:00 AM,331.68,336,327.38,329.94,4111200
7/15/2010 11:50:00 AM,334.81,340,328.05,333.1,5012200
7/15/2010 11:48:00 AM,320.18,335.34,319.09,335.34,4712500
7/15/2010 11:46:00 AM,325.99,329.73,318.59,319.69,4946800
7/15/2010 11:44:00 AM,326.1,327.46,319.03,324.42,3906400
7/15/2010 11:42:00 AM,317.54,325,313.65,323.53,5024100
7/15/2010 11:40:00 AM,310.1,320,305.71,317.91,5923600
7/15/2010 11:38:00 AM,298.25,310.5,294.25,308.17,6730200
7/15/2010 11:36:00 AM,299.98,306.57,289.45,290.89,6471300
7/15/2010 11:34:00 AM,307.22,310.19,294.25,308.57,7234200
7/15/2010 11:32:00 AM,316.48,319.08,302.64,305.64,6529900
7/15/2010 11:30:00 AM,323.16,329,315.38,318.92,7818400
7/15/2010 11:28:00 AM,330.07,333.69,322.35,325.48,6524800
7/15/2010 11:26:00 AM,333.33,340.7,326,327.16,5788500
7/15/2010 11:24:00 AM,332.95,343.82,331.11,337.99,5420000
7/15/2010 11:22:00 AM,345.96,352.49,337.16,337.18,5605600
7/15/2010 11:20:00 AM,342.15,352.3,338.92,341.64,6439100
7/15/2010 11:18:00 AM,331.02,349.62,330.89,345.45,6095900
7/15/2010 11:16:00 AM,347,349.8,329.55,330.06,5221100
7/15/2010 11:14:00 AM,338.05,348.92,335,346.45,6217100
7/15/2010 11:12:00 AM,357.47,359.8,341.41,342.64,4988700
7/15/2010 11:10:00 AM,347.24,353.38,340.52,353.11,6024500
7/15/2010 11:08:00 AM,346.51,347.09,339.69,342.66,5680400
7/15/2010 11:06:00 AM,362.19,362.99,355.23,357.68,4146700
7/15/2010 11:04:00 AM,353.16,363.62,351.48,363.05,5550300
7/15/2010 11:02:00 AM,358.95,365,353,358.04,5231600
7/15/2010 11:00:00 AM,375.98,377.5,357.89,358.51,7103700
7/15/2010 10:58:00 AM,371.28,381,367.3,378.77,4977300
7/15/2010 10:56:00 AM,356.46,373.81,355.44,371.28,7038100
7/15/2010 10:54:00 AM,340.91,355.38,337,353.72,7264400
7/15/2010 10:52:00 AM,340.07,354.44,339.17,343,6817400
7/15/2010 10:50:00 AM,342.57,343,333.83,340.45,6556500
7/15/2010 10:48:00 AM,334.29,345,332,340.57,5206900
7/15/2010 10:46:00 AM,344.69,348.8,336,338.53,4672000
7/15/2010 10:44:00 AM,344.54,345.05,340.11,343.32,7283800
7/15/2010 10:42:00 AM,337.98,352.33,336.31,348.67,7691400
7/15/2010 10:40:00 AM,326.45,333.87,324.27,331.48,4927300
7/15/2010 10:38:00 AM,324.85,328,320.56,323.87,4610700
7/15/2010 10:36:00 AM,309.27,331.96,304.22,324.7,10732800
7/15/2010 10:34:00 AM,298.04,309.35,295.15,306.5,8267000
7/15/2010 10:32:00 AM,288.35,303.5,288.35,303.08,4924500
7/15/2010 10:30:00 AM,299.14,299.5,282.75,282.75,5048200
7/15/2010 10:28:00 AM,305.02,308.25,295.7,299.67,5224400
7/15/2010 10:26:00 AM,297.57,303.58,286.79,298.99,5934500
7/15/2010 10:24:00 AM,310,313.8,297.75,300.97,5467900
7/15/2010 10:22:00 AM,311.77,320.6,310.39,314.32,4432500
7/15/2010 10:20:00 AM,316.31,318.95,310.23,312.69,3304300
7/15/2010 10:18:00 AM,327.5,327.5,313.4,315.07,4340500
7/15/2010 10:16:00 AM,318.28,325.19,317.34,325.19,3600700
7/15/2010 10:14:00 AM,328.32,330.91,318.75,322.01,4494500
7/15/2010 10:12:00 AM,332.98,340.8,326.39,334.06,6425200
7/15/2010 10:10:00 AM,321,331.24,315,328.05,4889000
7/15/2010 10:08:00 AM,308.6,321.82,305.5,321.32,3610500
7/15/2010 10:06:00 AM,304.2,311,302.61,307.65,2886800
7/15/2010 10:04:00 AM,300.8,306.81,298.71,303.11,3843500
7/15/2010 10:02:00 AM,300.22,301.38,291.58,297.42,3701900
7/15/2010 10:00:00 AM,304.07,305.26,298.31,300.36,1959100
7/15/2010 9:58:00 AM,301.48,306.34,298.38,302.95,1921500
7/15/2010 9:56:00 AM,300.43,303.31,296.67,298.02,3777700
7/15/2010 9:54:00 AM,308.56,309.5,290.63,297.11,3917600
7/15/2010 9:52:00 AM,310.99,317.79,309,310.17,5612600
7/15/2010 9:50:00 AM,316.7,320.35,309.11,310.28,4763500
7/15/2010 9:48:00 AM,318.64,322.13,312.42,315.24,5789700
7/15/2010 9:46:00 AM,314.52,329.5,311.27,325.28,7059600
7/15/2010 9:44:00 AM,314.01,318.49,305.11,310.67,6737900
7/15/2010 9:42:00 AM,295.71,316.47,294,315.76,5722100
7/15/2010 9:40:00 AM,304.17,312.88,297.8,300.22,6179200
7/15/2010 9:38:00 AM,309.24,314.9,304.51,308.82,5237000
7/15/2010 9:36:00 AM,297.69,318,297.01,305.97,6889900
7/15/2010 9:34:00 AM,289.99,309.44,282,302.11,8144300
7/15/2010 9:32:00 AM,271.02,284.24,264.02,283.99,6521200
7/15/2010 9:30:00 AM,276.53,283.49,268.77,274.34,4886600
7/15/2010 9:28:00 AM,269.85,281.36,265.34,279.43,5904800
7/15/2010 9:26:00 AM,269.73,277.78,262.58,275.11,5839700
7/15/2010 9:24:00 AM,286.68,287.38,265.98,265.99,5711200
7/15/2010 9:22:00 AM,290.58,296.45,288.28,292.96,2565500
7/15/2010 9:20:00 AM,280.28,295.46,276.2,292.09,6356600
7/15/2010 9:18:00 AM,268.68,286.66,267.32,282.05,10771200
7/15/2010 9:16:00 AM,269.26,269.95,249.01,257.44,10054700
7/15/2010 9:14:00 AM,262.51,269.37,247.3,262.43,10244500
7/15/2010 9:12:00 AM,274.89,282.94,259.04,259.56,9779400
7/15/2010 9:10:00 AM,295.39,300.19,278.58,280.18,7834600
7/15/2010 9:08:00 AM,301.57,303.73,285.35,297.42,8346100
7/15/2010 9:06:00 AM,303,310.16,297.95,300.12,7543800
7/15/2010 9:04:00 AM,303.25,324.99,302.56,310.02,9517100
7/15/2010 9:02:00 AM,291.77,313,280,312.08,13234700
7/14/2010 4:00:00 PM,302.05,312.49,287.76,291,10051100
7/14/2010 3:58:00 PM,308.69,316.3,300.52,311.46,10146600
7/14/2010 3:56:00 PM,328,329.44,309.47,318.78,8080100
7/14/2010 3:54:00 PM,333.12,341.15,325.33,331.14,4681300
7/14/2010 3:52:00 PM,339.97,344.42,325.81,331.22,8574800
7/14/2010 3:50:00 PM,362.15,368.88,341.31,342.24,6946500
7/14/2010 3:48:00 PM,353.44,372.36,345.5,366.94,7349900
7/14/2010 3:46:00 PM,357.58,362.99,341.43,346.49,5954500
7/14/2010 3:44:00 PM,356.16,371.96,354.27,359.36,7423300
7/14/2010 3:42:00 PM,368.46,372,358.37,359.69,7988900
7/14/2010 3:40:00 PM,365.79,371,352.37,358,9756600
7/14/2010 3:38:00 PM,339.05,369.31,328.51,368.75,8105400
7/14/2010 3:36:00 PM,334.81,343,325.6,329.49,6200700
7/14/2010 3:34:00 PM,326.47,350.47,324.74,339.29,7359000
7/14/2010 3:32:00 PM,353.65,358,337.99,352.32,6478900
7/14/2010 3:30:00 PM,356.99,369.69,344,355.67,6560000
7/14/2010 3:28:00 PM,372.39,383.78,362,362.75,5782000
7/14/2010 3:26:00 PM,379.75,380.98,359.59,379.32,6753400
7/14/2010 3:24:00 PM,378.96,386,363.55,372.54,14249200
7/14/2010 3:22:00 PM,332.76,356.5,309.44,353.02,16239700
7/14/2010 3:20:00 PM,354.65,359,338.83,339.17,6721400
7/14/2010 3:18:00 PM,393.53,394.5,357,362.71,7784800
7/14/2010 3:16:00 PM,355.79,381.95,345.75,381.02,8905500
7/14/2010 3:14:00 PM,313.16,341.89,310.3,332,10597800
7/14/2010 3:12:00 PM,344.52,348.57,321.67,328.98,8075000
7/14/2010 3:10:00 PM,330.16,358.99,326.11,338.11,11826400
7/14/2010 3:08:00 PM,373.33,374.98,345.37,346.01,11054400
7/14/2010 3:06:00 PM,373.98,375.99,357.16,371.21,11220600
7/14/2010 3:04:00 PM,397.35,412.5,383.07,386.91,7992900
7/14/2010 3:02:00 PM,409.79,409.98,386,390.49,5984900
7/14/2010 3:00:00 PM,411.15,416.98,403.1,411.72,6234800
7/14/2010 2:58:00 PM,395.98,425.08,392.32,400.52,3086300
7/14/2010 2:56:00 PM,419.51,423.51,380.71,381,10762900
7/14/2010 2:54:00 PM,428,437.16,421.03,431.04,5292500
7/14/2010 2:52:00 PM,438.84,450,435.98,439.6,5020300
7/14/2010 2:50:00 PM,430.34,445,430.11,435.11,4242000
7/14/2010 2:48:00 PM,433.25,440.79,425.72,429.27,5204200
7/14/2010 2:46:00 PM,454.13,454.13,429,430.14,4407300
7/14/2010 2:44:00 PM,461,462.07,443.28,449.15,10006000
7/14/2010 2:42:00 PM,422.64,439.18,410.5,439.08,8589400
7/14/2010 2:40:00 PM,438.48,439.14,413.44,414.49,9126900
7/14/2010 2:38:00 PM,425.96,449.28,425.49,442.93,6990700
7/14/2010 2:36:00 PM,424,441.97,423.71,433.86,6567400
7/14/2010 2:34:00 PM,430.21,441.99,429,437.66,6028000
7/14/2010 2:32:00 PM,408.35,435.09,406.38,433.75,6471400
7/14/2010 2:30:00 PM,424.47,424.48,409.68,414.16,6226800
7/14/2010 2:28:00 PM,423.17,432.38,415,418.66,7229600
7/14/2010 2:26:00 PM,452.02,452.94,417.55,419.95,9017900
7/14/2010 2:24:00 PM,445.49,452.46,440.08,444.25,4534300
7/14/2010 2:22:00 PM,460,463.24,449.4,450.26,4848500
7/14/2010 2:20:00 PM,468.73,474.29,459.58,464.41,4314600
7/14/2010 2:18:00 PM,476.77,482.18,461.42,465.25,6111500
7/14/2010 2:16:00 PM,469.75,471.01,462.33,463.29,3848200
7/14/2010 2:14:00 PM,472.49,476.45,470.33,473.78,3029700
7/14/2010 2:12:00 PM,473.73,474.83,464.84,468.58,4387100
7/14/2010 2:10:00 PM,483.46,483.46,470.59,474.16,3308200
7/14/2010 2:08:00 PM,486.11,497,481.5,483.01,2014300
7/14/2010 2:06:00 PM,491.5,494.88,489.48,490.59,2297200
7/14/2010 2:04:00 PM,482.92,489.9,479.27,486.53,3514100
7/14/2010 2:02:00 PM,494.72,496.69,482.57,485,3982100
7/14/2010 2:00:00 PM,490.43,498.28,486.63,490.5,3046500
7/14/2010 1:58:00 PM,509.84,510,495.51,498.3,3333900
7/14/2010 1:56:00 PM,506.99,510.66,505.5,510.15,3545700
7/14/2010 1:54:00 PM,497.7,507.61,496.29,505.49,2918600
7/14/2010 1:52:00 PM,501.6,503.54,493.88,500.03,3625500
7/14/2010 1:50:00 PM,502,506.13,498,502.61,2755700
7/14/2010 1:48:00 PM,492.47,508.88,491.78,500.84,4239300
7/14/2010 1:46:00 PM,480.15,495.75,475.69,495.01,3739300
7/14/2010 1:44:00 PM,482,484,476.41,479.12,2773800
7/14/2010 1:42:00 PM,478.37,489.77,472.51,486.34,3375800
7/14/2010 1:40:00 PM,467.59,480.08,466.33,479.85,3584500
7/14/2010 1:38:00 PM,468.12,473.01,461.9,463,2487000
7/14/2010 1:36:00 PM,472.51,473.22,462.5,467.86,3007900
7/14/2010 1:34:00 PM,474.56,480.89,471.44,473.75,2865100
7/14/2010 1:32:00 PM,485.5,486.02,472.81,482.7,3490700
7/14/2010 1:30:00 PM,479.3,487.26,478,483.11,2802800
7/14/2010 1:28:00 PM,492.09,492.09,475.13,477.12,3160000
7/14/2010 1:26:00 PM,486.49,493.13,481.5,491.98,3183500
7/14/2010 1:24:00 PM,496.7,496.87,475.62,475.62,3540900
7/14/2010 1:22:00 PM,481.61,497.23,478.1,489.22,4894100
7/14/2010 1:20:00 PM,466.72,480.25,465.6,477.11,4691500
7/14/2010 1:18:00 PM,480.88,484.09,465.7,468.8,5901500
7/14/2010 1:16:00 PM,498.35,498.98,478.19,481.32,11292400
7/14/2010 1:14:00 PM,534.16,537.05,524.5,533.44,8787400
7/14/2010 1:12:00 PM,514.04,536.5,510.6,535.6,4742200
7/14/2010 1:10:00 PM,516.28,527.5,501.1,516.09,6071000
7/14/2010 1:08:00 PM,539,540.06,515.45,521.62,4424800
7/14/2010 1:06:00 PM,536.5,539.5,519.43,533.8,4981400
7/14/2010 1:04:00 PM,545,549.5,530.72,540.57,4331700
7/14/2010 1:02:00 PM,550.76,555.68,540.73,541.55,4154000
7/14/2010 1:00:00 PM,545.99,555.19,540,554.53,4932400
7/14/2010 12:58:00 PM,542.3,549,535.6,543.91,4255200
7/14/2010 12:56:00 PM,530.88,539.23,527.5,537,2400500
7/14/2010 12:54:00 PM,536.51,540.38,526.06,527.04,4223000
7/14/2010 12:52:00 PM,519.58,536.72,517,534.73,4959900
7/14/2010 12:50:00 PM,532.47,538,523.06,526.42,3765300
7/14/2010 12:48:00 PM,527.68,530,515.09,528.07,5447500
7/14/2010 12:46:00 PM,544.1,544.93,528.26,528.82,5659500
7/14/2010 12:44:00 PM,544.97,557.8,543.67,551,4122200
7/14/2010 12:42:00 PM,545.14,551.19,535.1,542.3,4672600
7/14/2010 12:40:00 PM,545.36,553.15,542.02,545.21,3635900
7/14/2010 12:38:00 PM,556.98,556.98,544.51,546.43,5983100
7/14/2010 12:36:00 PM,555.35,563.78,550.81,560.2,5683100
7/14/2010 12:34:00 PM,564.51,568.99,559.16,562.38,3381200
7/14/2010 12:32:00 PM,576.35,578.07,568.38,569.46,3462900
7/14/2010 12:30:00 PM,566.5,579.1,566.5,572.81,3542800
7/14/2010 12:28:00 PM,561.49,575.7,561.34,571.51,6184400
7/14/2010 12:26:00 PM,548.76,558,546.88,552.95,5491600
7/14/2010 12:24:00 PM,556.24,557.34,544.46,545.2,3812900
7/14/2010 12:22:00 PM,549.56,558.82,546.78,554.17,3657400
7/14/2010 12:20:00 PM,568.06,570,545.4,557.87,5288300
7/14/2010 12:18:00 PM,579.75,580.72,567,567,4734500
7/14/2010 12:16:00 PM,577.08,588.04,576.21,586.3,3916700
7/14/2010 12:14:00 PM,565.33,578,564.55,572.22,3363200
7/14/2010 12:12:00 PM,576.5,580.5,560.61,567.3,4305300
7/14/2010 12:10:00 PM,582.5,583.89,571.27,575,3674200
7/14/2010 12:08:00 PM,583.47,589.92,581.3,585.8,3225200
7/14/2010 12:06:00 PM,574.79,585.88,573.2,583,4845000
7/14/2010 12:04:00 PM,567.94,571.49,561.1,568.24,4050400
7/14/2010 12:02:00 PM,544.96,562.6,543.85,560.9,3865500
7/14/2010 12:00:00 PM,546.96,553,537.81,544.62,4431500
7/14/2010 11:58:00 AM,551.95,554.21,540.25,549.46,5076300
7/14/2010 11:56:00 AM,578.52,581.41,547.89,549.99,6468100
7/14/2010 11:54:00 AM,574.63,582.48,572.91,578.6,3313600
7/14/2010 11:52:00 AM,578.55,588.88,573.52,577.52,5604500
7/14/2010 11:50:00 AM,581.43,584.68,578.32,580.07,4274100
7/14/2010 11:48:00 AM,579,582.95,575.61,581,4342700
7/14/2010 11:46:00 AM,586.49,591.19,575.25,576.3,4375800
7/14/2010 11:44:00 AM,586.23,587.95,578.55,583,5163500
7/14/2010 11:42:00 AM,574.75,586.75,568.91,584.94,4863900
7/14/2010 11:40:00 AM,579,585,571.3,573.2,4484900
7/14/2010 11:38:00 AM,586.2,589.3,578.91,583.01,5122900
7/14/2010 11:36:00 AM,590.27,599.49,576.43,579,6613000
7/14/2010 11:34:00 AM,591,592,583,586.36,4629300
7/14/2010 11:32:00 AM,598.86,599,587.13,594.9,6281000
7/14/2010 11:30:00 AM,598.49,602.45,579.3,581.29,6998800
7/14/2010 11:28:00 AM,578.31,594.93,576.97,593.08,6602800
7/14/2010 11:26:00 AM,562.21,584.86,558.47,574.29,7903000
7/14/2010 11:24:00 AM,550.83,563.4,550.01,558.47,4346000
7/14/2010 11:22:00 AM,545.88,556.81,539,552.12,4008600
7/14/2010 11:20:00 AM,549.02,553,542.73,544.06,4164400
7/14/2010 11:18:00 AM,551.29,554.49,540.02,543.04,4135100
7/14/2010 11:16:00 AM,557.94,559.31,540.95,546.49,4921500
7/14/2010 11:14:00 AM,537.57,560.83,537.56,555,7938500
7/14/2010 11:12:00 AM,539.39,542.59,530.29,537.79,7439700
7/14/2010 11:10:00 AM,535.21,547.7,524.77,539.41,18235600
7/14/2010 11:08:00 AM,455.63,459.37,446.52,449.54,13353000
7/14/2010 11:06:00 AM,444.4,458.28,441,455.03,7630700
7/14/2010 11:04:00 AM,458.13,459.72,443.72,446.84,4577600
7/14/2010 11:02:00 AM,457.16,457.45,450.15,451.66,3842600
7/14/2010 11:00:00 AM,464.07,467.26,455.01,457.45,4169700
7/14/2010 10:58:00 AM,464.96,473.86,461.85,469.08,5072400
7/14/2010 10:56:00 AM,469.13,472,457.54,464.19,6048100
7/14/2010 10:54:00 AM,473.04,474.14,462.01,467.81,4547000
7/14/2010 10:52:00 AM,477.03,485.44,473.53,476.82,5943500
7/14/2010 10:50:00 AM,457.01,477.83,456.2,471.09,5897200
7/14/2010 10:48:00 AM,461.73,463.29,448.13,455.12,6778400
7/14/2010 10:46:00 AM,469.9,475.74,460.39,465.7,5999000
7/14/2010 10:44:00 AM,447.74,466.5,446.87,465.71,6093100
7/14/2010 10:42:00 AM,435.64,442.69,432.01,440.47,4446400
7/14/2010 10:40:00 AM,447.46,453.57,434.31,438.08,4376200
7/14/2010 10:38:00 AM,446,448.61,440.49,444.08,5832200
7/14/2010 10:36:00 AM,452.59,462.87,449.29,458.19,5225700
7/14/2010 10:34:00 AM,457.46,457.47,446,450.78,5831600
7/14/2010 10:32:00 AM,438.43,465.78,437.72,460.56,6763500
7/14/2010 10:30:00 AM,427.32,435.7,417.5,433.55,9913400
7/14/2010 10:28:00 AM,441.11,447.5,431.67,432,6179000
7/14/2010 10:26:00 AM,428.98,440.84,425.53,439.16,7237200
7/14/2010 10:24:00 AM,427.99,433.71,412.11,419.87,7888200
7/14/2010 10:22:00 AM,442.98,449.34,430.62,437.92,6574400
7/14/2010 10:20:00 AM,432.67,446.98,428.78,443.01,7726600
7/14/2010 10:18:00 AM,440.01,447.88,438.07,440.18,6651900
7/14/2010 10:16:00 AM,425.26,440.15,424.65,439.84,8826900
7/14/2010 10:14:00 AM,428.83,431,413.04,413.62,7987600
7/14/2010 10:12:00 AM,428.88,440,426.24,433.35,8071800
7/14/2010 10:10:00 AM,447.69,453.3,431.18,432.7,7470100
7/14/2010 10:08:00 AM,445.25,454.17,444,447.7,7436600
7/14/2010 10:06:00 AM,450.95,453.36,435.78,444.6,13621700
7/14/2010 10:04:00 AM,471.51,472.72,450.11,457.02,7554500
7/14/2010 10:02:00 AM,471.87,479.74,464.65,471.18,9425400
7/14/2010 10:00:00 AM,470.5,479.09,467.36,475.39,6586900
7/14/2010 9:58:00 AM,460.13,475.49,459.64,472.86,10121900
7/14/2010 9:56:00 AM,461.2,466.47,446.85,464.19,23287300
7/14/2010 9:54:00 AM,505.95,506.5,485.74,486.44,8372800
7/14/2010 9:52:00 AM,502.06,509,497.55,507.8,5515900
7/14/2010 9:50:00 AM,512.85,513.21,499.5,502.86,5677800
7/14/2010 9:48:00 AM,503.51,511.01,498.82,509,6662200
7/14/2010 9:46:00 AM,534.94,535.06,506.5,508.95,6350400
7/14/2010 9:44:00 AM,528.31,532.66,524.33,529.64,5240100
7/14/2010 9:42:00 AM,538.35,541.04,531,532.25,6476700
7/14/2010 9:40:00 AM,522.5,534.99,518.69,534.62,6624700
7/14/2010 9:38:00 AM,523.39,530.6,513.03,518.09,6662300
7/14/2010 9:36:00 AM,520.52,523.71,513.4,521.16,5826000
7/14/2010 9:34:00 AM,509.41,517.73,508.7,516.69,6828900
7/14/2010 9:32:00 AM,496.86,514.19,494.76,504.95,7928900
7/14/2010 9:30:00 AM,511.14,511.17,497.93,501.71,7636400
7/14/2010 9:28:00 AM,489.43,509,488.52,506.8,11203300
7/14/2010 9:26:00 AM,509.07,512.78,492.55,495.43,13157100
7/14/2010 9:24:00 AM,528.67,536.67,510,515.9,17600500
7/14/2010 9:22:00 AM,539.01,573,534.29,564.3,14871300
7/14/2010 9:20:00 AM,549.19,560.43,543.51,548.27,7939600
7/14/2010 9:18:00 AM,560.47,561.33,540.67,550.52,6283000
7/14/2010 9:16:00 AM,570.97,572.24,548.6,555.98,5816700
7/14/2010 9:14:00 AM,591.81,595,566.18,566.4,6966000
7/14/2010 9:12:00 AM,558.8,579.69,554.14,574.49,9400900
7/14/2010 9:10:00 AM,560.71,568,519,548.62,16965700
7/14/2010 9:08:00 AM,562.03,597.5,561.2,584.35,9501500
7/14/2010 9:06:00 AM,608.36,609.99,598.45,600.25,8539600
7/14/2010 9:04:00 AM,620.76,625.74,598.01,600.79,8216800
7/14/2010 9:02:00 AM,628.97,639.99,601.93,615.95,10560000
7/13/2010 4:00:00 PM,645.9,649.05,635.38,637.65,5568200
7/13/2010 3:58:00 PM,651.14,657.4,645.25,653.82,4447500
7/13/2010 3:56:00 PM,642.7,649.47,630.11,638.25,4977000
7/13/2010 3:54:00 PM,645.01,657.2,640.11,646.73,6334200
7/13/2010 3:52:00 PM,630.04,653.34,622.51,653.2,6739700
7/13/2010 3:50:00 PM,653,659.96,631,631.68,5339100
7/13/2010 3:48:00 PM,653.94,662.28,637.35,649.25,6403400
7/13/2010 3:46:00 PM,679.69,680.96,655,657,5359800
7/13/2010 3:44:00 PM,685.26,686.85,676.52,685.33,3252500
7/13/2010 3:42:00 PM,692.87,697.37,677.73,685.19,4306900
7/13/2010 3:40:00 PM,698.57,702.49,690.58,691.48,2376200
7/13/2010 3:38:00 PM,704.93,707.95,696.54,702.53,2562700
7/13/2010 3:36:00 PM,707.07,716,700.74,700.74,2942500
7/13/2010 3:34:00 PM,698.99,713.22,698.21,710.84,2530000
7/13/2010 3:32:00 PM,694.99,700.73,693.06,700.73,1628400
7/13/2010 3:30:00 PM,697.88,699.26,693.24,696.69,5382000
7/13/2010 3:28:00 PM,685.83,691,680.61,689.69,4422200
7/13/2010 3:26:00 PM,674.21,679.5,669,677.37,4421100
7/13/2010 3:24:00 PM,674.16,676.71,652.5,673.35,7166700
7/13/2010 3:22:00 PM,688,695.42,663.67,669.23,5486000
7/13/2010 3:20:00 PM,687.51,699.7,687.26,689.96,3673500
7/13/2010 3:18:00 PM,696.31,697.62,681.21,694.05,5040800
7/13/2010 3:16:00 PM,714,714.32,688.5,699.35,6159100
7/13/2010 3:14:00 PM,719.94,720.99,698.78,699.2,6139100
7/13/2010 3:12:00 PM,715.99,724.8,714,718.42,3856200
7/13/2010 3:10:00 PM,714.99,718,710.5,714.87,3852100
7/13/2010 3:08:00 PM,697.8,716.56,697.01,715.26,4909000
7/13/2010 3:06:00 PM,692.73,698.93,687.5,698.51,4209600
7/13/2010 3:04:00 PM,678.31,692,677.12,684.16,4231800
7/13/2010 3:02:00 PM,691.01,695,681.14,681.53,4325100
7/13/2010 3:00:00 PM,711,711.06,682.11,693,7895500
7/13/2010 2:58:00 PM,690.75,702.79,687.77,697,6208000
7/13/2010 2:56:00 PM,682.11,694.3,672.14,692.26,7916500
7/13/2010 2:54:00 PM,674.8,676.43,650.26,673.57,8904500
7/13/2010 2:52:00 PM,680.2,693.4,665,666,6790100
7/13/2010 2:50:00 PM,670,678.28,668.11,676.7,2738700
7/13/2010 2:48:00 PM,643.77,669.97,642.08,660.52,7013500
7/13/2010 2:46:00 PM,636.48,659.1,632.87,648.54,9840600
7/13/2010 2:44:00 PM,629.59,636.77,618.5,625.85,5527400
7/13/2010 2:42:00 PM,633.94,635.49,616.02,633.63,9042800
7/13/2010 2:40:00 PM,638.57,647.5,624,629.65,6967700
7/13/2010 2:38:00 PM,673.28,675.49,636.27,641.68,8094700
7/13/2010 2:36:00 PM,644.99,660.92,632.07,660.55,8426100
7/13/2010 2:34:00 PM,657.74,669.93,626.21,632.07,10227300
7/13/2010 2:32:00 PM,675.78,681.88,661.21,663.97,11388100
7/13/2010 2:30:00 PM,734.6,734.89,677.18,693.84,16512200
7/13/2010 2:28:00 PM,741.13,747.24,723.14,732.94,8252900
7/13/2010 2:26:00 PM,737.56,741.79,725,741.79,8436300
7/13/2010 2:24:00 PM,706.99,730.23,706.07,725.65,8883700
7/13/2010 2:22:00 PM,710.51,713.58,697.34,711.25,5841500
7/13/2010 2:20:00 PM,702.79,713.72,701.78,703.21,6527200
7/13/2010 2:18:00 PM,700.69,707,696.04,707,6876800
7/13/2010 2:16:00 PM,677.51,699.91,677.51,694.77,6900600
7/13/2010 2:14:00 PM,677.77,680,672.09,679.23,3066300
7/13/2010 2:12:00 PM,674.03,676.54,668.06,674.6,3353900
7/13/2010 2:10:00 PM,678.68,678.97,663.55,668.51,5795500
7/13/2010 2:08:00 PM,672.71,677.47,659.56,675.82,7404200
7/13/2010 2:06:00 PM,661.25,677.6,660,675.77,6793700
7/13/2010 2:04:00 PM,638.67,655,636.28,650.75,6664400
7/13/2010 2:02:00 PM,654.56,658.49,643.23,644.71,15789000
7/13/2010 2:00:00 PM,635.41,641.37,628.5,639.62,12289200
7/13/2010 1:58:00 PM,630.45,634,621.59,633.48,6030500
7/13/2010 1:56:00 PM,618.49,625.92,611.99,616,6025300
7/13/2010 1:54:00 PM,638.47,639.86,615.55,620.11,6943800
7/13/2010 1:52:00 PM,623.98,638.4,618.24,637.39,6823700
7/13/2010 1:50:00 PM,633.64,641.41,609,622,11799000
7/13/2010 1:48:00 PM,621.36,625.68,616.8,625.39,5385600
7/13/2010 1:46:00 PM,615.11,623.78,608.39,615.18,8767800
7/13/2010 1:44:00 PM,595,610.26,593.95,609.62,5028000
7/13/2010 1:42:00 PM,587.11,596,587.01,594.05,5068700
7/13/2010 1:40:00 PM,585.09,585.09,577.06,579.03,2986700
7/13/2010 1:38:00 PM,586.25,588.99,580.36,584.02,3879500
7/13/2010 1:36:00 PM,583.38,596.81,580.01,584.39,7067500
7/13/2010 1:34:00 PM,569.97,584.35,569.61,582.55,4711300
7/13/2010 1:32:00 PM,567,569.55,564.12,567.27,2639500
7/13/2010 1:30:00 PM,571.73,571.74,565.78,567.5,2056300
7/13/2010 1:28:00 PM,570.4,571.79,563.81,568.16,3346100
7/13/2010 1:26:00 PM,564,569.56,562.86,569,2730600
7/13/2010 1:24:00 PM,561,571.46,560,568.02,5297000
7/13/2010 1:22:00 PM,556.34,560.79,552.83,560.1,8011700
7/13/2010 1:20:00 PM,547,556.8,546.03,552.83,5525000
7/13/2010 1:18:00 PM,539.27,549.45,538.86,546.85,5526900
7/13/2010 1:16:00 PM,526.52,537.25,524.27,535.27,4215700
7/13/2010 1:14:00 PM,526.53,529.28,524.07,525.3,2197500
7/13/2010 1:12:00 PM,523.2,530.27,522.22,528.75,2764900
7/13/2010 1:10:00 PM,524.06,527.21,523.22,524.78,1891100
7/13/2010 1:08:00 PM,520.53,527.98,519,522.65,2986000
7/13/2010 1:06:00 PM,516.99,521.65,515.73,521.33,2703600
7/13/2010 1:04:00 PM,521.28,522.07,510.88,514.48,3225800
7/13/2010 1:02:00 PM,517.86,521.24,516.8,519.35,3663600
7/13/2010 1:00:00 PM,529.36,529.83,518.24,523.52,3625900
7/13/2010 12:58:00 PM,523.4,529.48,522.25,527.8,3312900
7/13/2010 12:56:00 PM,515.02,528,514.62,525.15,3693700
7/13/2010 12:54:00 PM,513.1,516.5,511.47,515.25,2977600
7/13/2010 12:52:00 PM,512.36,515.4,510.58,511.4,2651700
7/13/2010 12:50:00 PM,507.84,513.3,507.23,512.88,2549300
7/13/2010 12:48:00 PM,511.53,514.98,505.79,506.4,3273900
7/13/2010 12:46:00 PM,514.43,517.45,511.4,513.26,2325100
7/13/2010 12:44:00 PM,512.61,515.55,508.5,515,2472700
7/13/2010 12:42:00 PM,516,516.13,507,512.19,3076700
7/13/2010 12:40:00 PM,509.96,516.25,509.25,512.75,3252700
7/13/2010 12:38:00 PM,498.94,508.16,497.77,506.61,3610600
7/13/2010 12:36:00 PM,502.46,502.56,496,497.92,2697300
7/13/2010 12:34:00 PM,497.44,501,491.65,500.04,5479400
7/13/2010 12:32:00 PM,492.02,496.43,480.46,491.52,8645600
7/13/2010 12:30:00 PM,509,511.69,496.71,497.55,5409500
7/13/2010 12:28:00 PM,515.72,517.4,508,508.6,3633700
7/13/2010 12:26:00 PM,519.54,519.75,513.03,515.5,3179300
7/13/2010 12:24:00 PM,510.18,518.72,505.63,515.75,5875200
7/13/2010 12:22:00 PM,520.8,526.82,514.63,514.73,4846500
7/13/2010 12:20:00 PM,519.34,525.78,517.09,525.78,4068800
7/13/2010 12:18:00 PM,509.75,519.88,509.04,516.02,4264300
7/13/2010 12:16:00 PM,503,510.15,502.5,510,3651500
7/13/2010 12:14:00 PM,510.05,513.2,503,503,3176200
7/13/2010 12:12:00 PM,513.72,514.99,509,511.01,3154900
7/13/2010 12:10:00 PM,510.5,516.51,508.14,512.94,4421500
7/13/2010 12:08:00 PM,520.23,520.44,510,510,4270500
7/13/2010 12:06:00 PM,512.92,519.34,510.5,516.11,3963300
7/13/2010 12:04:00 PM,508.53,516.62,505.5,511.89,5509100
7/13/2010 12:02:00 PM,508.74,512.59,498.88,508,6883400
7/13/2010 12:00:00 PM,516.98,517.02,505.56,509.76,5545000
7/13/2010 11:58:00 AM,509.3,518.69,507.11,514,5572100
7/13/2010 11:56:00 AM,519.01,520,512.15,512.51,6356700
7/13/2010 11:54:00 AM,511.9,523.18,509.5,520.12,17772300
7/13/2010 11:52:00 AM,553.46,553.52,542.24,548.59,11127200
7/13/2010 11:50:00 AM,553.89,554.5,543.81,549.5,6080000
7/13/2010 11:48:00 AM,555.04,557.73,552.38,555,4328600
7/13/2010 11:46:00 AM,550.3,558.58,549.31,552.99,6599500
7/13/2010 11:44:00 AM,547.91,552.67,547.25,552.16,5237100
7/13/2010 11:42:00 AM,545.86,547.32,540.22,545.33,3441600
7/13/2010 11:40:00 AM,543.61,546.5,540.01,544.47,3309300
7/13/2010 11:38:00 AM,543.79,547,541.65,543.34,3856000
7/13/2010 11:36:00 AM,543,548.74,540.26,542.56,3729800
7/13/2010 11:34:00 AM,541.25,543.87,538.73,539.4,2747000
7/13/2010 11:32:00 AM,535.56,544.4,532.15,541.63,4942900
7/13/2010 11:30:00 AM,531.06,534.4,527.5,534.34,1871800
7/13/2010 11:28:00 AM,525.49,531.85,524.2,530.38,3487600
7/13/2010 11:26:00 AM,526.02,527.4,519.46,522.7,3880600
7/13/2010 11:24:00 AM,524.88,529.5,523.8,525.01,4168400
7/13/2010 11:22:00 AM,525,527.99,519.56,526.29,6123100
7/13/2010 11:20:00 AM,532.73,533.2,526.24,530.26,5689500
7/13/2010 11:18:00 AM,528.98,534.99,523.38,527.42,7925000
7/13/2010 11:16:00 AM,516.42,524.99,516.1,524.98,7203700
7/13/2010 11:14:00 AM,510.98,515.29,506.28,514.11,4409700
7/13/2010 11:12:00 AM,516.96,518.75,509.06,509.97,4338200
7/13/2010 11:10:00 AM,514.01,517.25,511.54,514.31,4355300
7/13/2010 11:08:00 AM,506.18,516,504.24,515.2,4835900
7/13/2010 11:06:00 AM,508.19,509,501.23,505.89,6174100
7/13/2010 11:04:00 AM,505.38,505.88,501.7,502.84,4621200
7/13/2010 11:02:00 AM,507.09,508.54,498.69,505.24,7034000
7/13/2010 11:00:00 AM,508.71,511.67,503.17,504.77,6419500
7/13/2010 10:58:00 AM,514.02,518.25,510,511.34,4647700
7/13/2010 10:56:00 AM,516.2,519.64,509.46,515.49,6358200
7/13/2010 10:54:00 AM,519.75,526.5,512.51,515.06,10630500
7/13/2010 10:52:00 AM,516.75,520.78,515.26,518.25,7886700
7/13/2010 10:50:00 AM,509.75,519,506.61,518.84,10447100
7/13/2010 10:48:00 AM,497.91,510.51,497.59,507.07,7101000
7/13/2010 10:46:00 AM,501,505.02,497.93,500.4,4799000
7/13/2010 10:44:00 AM,500.56,508.78,497.06,497.91,8924300
7/13/2010 10:42:00 AM,484.5,498.84,483,498.6,7245800
7/13/2010 10:40:00 AM,485,491.8,484,487.11,5218000
7/13/2010 10:38:00 AM,479.7,484.95,477.27,483.52,5348500
7/13/2010 10:36:00 AM,475.15,479.2,471.5,474.33,4173600
7/13/2010 10:34:00 AM,480.82,483.41,473.75,473.97,5060200
7/13/2010 10:32:00 AM,473,479.01,473,475.86,3839000
7/13/2010 10:30:00 AM,469.53,479.2,466.72,470.6,6159300
7/13/2010 10:28:00 AM,472.03,472.7,469.75,470.32,3695900
7/13/2010 10:26:00 AM,472.46,475.22,470.81,470.96,4660600
7/13/2010 10:24:00 AM,462,473.14,459.02,472.61,6554200
7/13/2010 10:22:00 AM,461.96,462.54,457.41,458,4119000
7/13/2010 10:20:00 AM,465.48,467.51,460,461.78,3872700
7/13/2010 10:18:00 AM,461.83,467,461,466.74,2944100
7/13/2010 10:16:00 AM,467.04,469.49,461.02,461.47,3686300
7/13/2010 10:14:00 AM,466.15,471.73,463.88,469.25,3889900
7/13/2010 10:12:00 AM,466.13,468.17,464.73,466.81,2905100
7/13/2010 10:10:00 AM,472.14,472.82,466.47,467.27,3020100
7/13/2010 10:08:00 AM,470.12,474.84,465.88,471.12,3950000
7/13/2010 10:06:00 AM,466.22,474.07,465.29,473.23,3594200
7/13/2010 10:04:00 AM,468.65,471.08,465.73,465.78,3062700
7/13/2010 10:02:00 AM,472.19,472.81,464.17,469,3658200
7/13/2010 10:00:00 AM,479.15,481.35,471.38,471.38,3641200
7/13/2010 9:58:00 AM,480.07,482.4,478.33,479.01,2925700
7/13/2010 9:56:00 AM,478.1,484.45,477.11,481.18,4124900
7/13/2010 9:54:00 AM,480,481.37,476.11,477.99,3966800
7/13/2010 9:52:00 AM,478.61,479.98,475.55,477.53,3694700
7/13/2010 9:50:00 AM,480.1,485,478.26,479.08,5674600
7/13/2010 9:48:00 AM,490.52,492.5,482.02,482.48,12161500
7/13/2010 9:46:00 AM,474.5,481.95,469.59,471.65,11009600
7/13/2010 9:44:00 AM,471.26,479.9,469.53,476.01,5670500
7/13/2010 9:42:00 AM,473.8,476.39,471.6,472.8,3210100
7/13/2010 9:40:00 AM,468.46,476.99,468.15,474.27,5077900
7/13/2010 9:38:00 AM,468.45,468.77,463.36,466.29,2794800
7/13/2010 9:36:00 AM,464,468,462.24,467.39,2707900
7/13/2010 9:34:00 AM,466.06,469.4,462.61,464.53,3812000
7/13/2010 9:32:00 AM,467.09,470.79,465.16,466.5,2979300
7/13/2010 9:30:00 AM,472.98,473,465.59,468.21,3062100
7/13/2010 9:28:00 AM,471.3,472.09,469.62,471.51,2715800
7/13/2010 9:26:00 AM,472.14,473,469.58,471.02,3778800
7/13/2010 9:24:00 AM,464.05,474.25,464,472.6,6501800
7/13/2010 9:22:00 AM,457.76,458.53,452.12,458.53,3448500
7/13/2010 9:20:00 AM,462.1,463.4,456.14,458.16,3380200
7/13/2010 9:18:00 AM,464.55,466,455,460.92,3988500
7/13/2010 9:16:00 AM,461.87,465.44,460.15,461.88,4591600
7/13/2010 9:14:00 AM,463.55,465.23,460.34,463.62,3741200
7/13/2010 9:12:00 AM,460.55,465,455.62,465,4710300
7/13/2010 9:10:00 AM,461.45,463.39,457.08,461.83,4111300
7/13/2010 9:08:00 AM,455.61,462.17,452.53,462.04,5680700
7/13/2010 9:06:00 AM,445.3,456.57,445.21,456.55,5798300
7/13/2010 9:04:00 AM,445.79,447.6,443.6,445.28,3421500
7/13/2010 9:02:00 AM,443.25,448.5,440.63,447.23,5197700
7/12/2010 4:00:00 PM,445.65,446.7,439.89,440.85,5659100
7/12/2010 3:58:00 PM,447.86,449.82,443.94,446.19,3944200
7/12/2010 3:56:00 PM,443.23,448.66,439,448,8016900
7/12/2010 3:54:00 PM,450.11,451.93,442.83,443.03,6377300
7/12/2010 3:52:00 PM,452.57,455.25,451.11,454.75,3465400
7/12/2010 3:50:00 PM,458,458.4,450.1,452.96,4977700
7/12/2010 3:48:00 PM,459.22,465.5,454.1,454.72,5362800
7/12/2010 3:46:00 PM,462.69,463.14,454.29,455.64,6534100
7/12/2010 3:44:00 PM,447.47,459,447.38,457.55,7533700
7/12/2010 3:42:00 PM,437.02,445.5,437,440.95,6355100
7/12/2010 3:40:00 PM,445.11,448.7,438.68,438.68,6583600
7/12/2010 3:38:00 PM,442.67,452.42,440,448.23,8685200
7/12/2010 3:36:00 PM,450.41,453.67,443.04,449.45,8032300
7/12/2010 3:34:00 PM,455,459.8,447.17,448.77,9312800
7/12/2010 3:32:00 PM,472.83,475.25,463.75,464.93,3969900
7/12/2010 3:30:00 PM,475.75,476.95,467.8,470.62,3882600
7/12/2010 3:28:00 PM,478.69,484.24,474.39,475.85,5743900
7/12/2010 3:26:00 PM,469.84,478.68,467.74,475.86,5640600
7/12/2010 3:24:00 PM,468.47,472.75,464.71,472.1,4067600
7/12/2010 3:22:00 PM,462.8,470.15,462.06,469.94,6177000
7/12/2010 3:20:00 PM,466,466.13,460.72,461.47,4042400
7/12/2010 3:18:00 PM,460,469.13,459.22,465.93,5698800
7/12/2010 3:16:00 PM,459.15,462.78,457.26,459.1,4062600
7/12/2010 3:14:00 PM,460.68,462.39,455.02,458.29,5754500
7/12/2010 3:12:00 PM,471.65,472.68,461.5,461.89,4858600
7/12/2010 3:10:00 PM,468.05,473.75,465.15,471.03,4076700
7/12/2010 3:08:00 PM,473.82,474.35,468.78,470.01,4119800
7/12/2010 3:06:00 PM,468.1,473.3,467.26,471.48,5321900
7/12/2010 3:04:00 PM,477.5,478,466.19,467.16,7206900
7/12/2010 3:02:00 PM,482.61,485,477.81,481.5,6286500
7/12/2010 3:00:00 PM,506,506.01,481.53,481.75,15658700
7/12/2010 2:58:00 PM,496.49,505,495.51,501.5,12206100
7/12/2010 2:56:00 PM,494,498,491.22,494.32,4180500
7/12/2010 2:54:00 PM,498,498.75,490.5,492.47,4775700
7/12/2010 2:52:00 PM,490.93,497.9,487.03,495.84,5496500
7/12/2010 2:50:00 PM,501,504.5,485.66,488.09,6368500
7/12/2010 2:48:00 PM,484.45,499.54,483.29,499.07,6059300
7/12/2010 2:46:00 PM,480.79,484.75,477.29,479.05,4665500
7/12/2010 2:44:00 PM,492.5,492.65,478.5,480.84,5404300
7/12/2010 2:42:00 PM,487.98,490.76,486.74,489.75,4978300
7/12/2010 2:40:00 PM,494.52,496.48,487.43,487.83,5932000
7/12/2010 2:38:00 PM,503.39,507.77,494.38,497.28,6699100
7/12/2010 2:36:00 PM,507.55,513,503.3,504.28,7568900
7/12/2010 2:34:00 PM,501.99,505,500,505,4473700
7/12/2010 2:32:00 PM,497.2,501.75,496.18,499.72,7208200
7/12/2010 2:30:00 PM,484.43,493.55,482.04,489.46,5968500
7/12/2010 2:28:00 PM,485.45,488.25,481.2,485.5,5381400
7/12/2010 2:26:00 PM,487.69,489.87,482.2,483.58,4754400
7/12/2010 2:24:00 PM,482.5,487.5,478.11,487.19,6872100
7/12/2010 2:22:00 PM,469,483.95,468.35,483.26,7887600
7/12/2010 2:20:00 PM,466,476.66,461.11,467.59,7706500
7/12/2010 2:18:00 PM,462.1,464.47,459.86,460.48,2559200
7/12/2010 2:16:00 PM,467.12,468.58,462.25,462.56,3116200
7/12/2010 2:14:00 PM,460,468.08,459.1,468.03,4231500
7/12/2010 2:12:00 PM,456.52,459.47,454.59,457.53,2074300
7/12/2010 2:10:00 PM,457.5,458.64,452.73,455.58,3988300
7/12/2010 2:08:00 PM,464.18,465.25,452.34,456.2,6953300
7/12/2010 2:06:00 PM,470,471.5,462.33,462.9,4367800
7/12/2010 2:04:00 PM,461.72,469.31,458.5,468.63,6587000
7/12/2010 2:02:00 PM,482.51,482.74,460.72,462.8,8016600
7/12/2010 2:00:00 PM,482.64,484.11,479.84,480.3,5190800
7/12/2010 1:58:00 PM,480.25,483.75,477.26,482.12,4748900
7/12/2010 1:56:00 PM,484.69,485.5,477.02,478.99,4662100
7/12/2010 1:54:00 PM,483.85,486.36,480.28,481.78,4181000
7/12/2010 1:52:00 PM,484.92,488.9,483.8,483.93,3263400
7/12/2010 1:50:00 PM,481.94,488.6,480,484.11,3974900
7/12/2010 1:48:00 PM,490.23,491.8,482.42,482.64,4664300
7/12/2010 1:46:00 PM,486.96,492.4,484.52,488.71,4450300
7/12/2010 1:44:00 PM,487.4,489.44,484.89,487,4103000
7/12/2010 1:42:00 PM,483,487.43,479.35,484.85,4899900
7/12/2010 1:40:00 PM,485.98,488.39,478.5,480.8,5631400
7/12/2010 1:38:00 PM,484.19,490.4,481.55,484.81,5577500
7/12/2010 1:36:00 PM,494.24,494.74,482.25,484.65,6315300
7/12/2010 1:34:00 PM,481.13,489.86,477.03,489.5,7797600
7/12/2010 1:32:00 PM,501.37,501.78,484.75,484.75,7324700
7/12/2010 1:30:00 PM,504.5,507.5,504,505,1732700
7/12/2010 1:28:00 PM,510.97,513,505.78,508.01,4500700
7/12/2010 1:26:00 PM,496.54,510,495.83,509.65,8427500
7/12/2010 1:24:00 PM,498.4,498.4,492.65,495.05,5124500
7/12/2010 1:22:00 PM,493.25,499.66,493,498.79,5511000
7/12/2010 1:20:00 PM,495,497.68,492.56,495.9,5092600
7/12/2010 1:18:00 PM,493.43,499.85,491.93,491.93,8370700
7/12/2010 1:16:00 PM,480.7,489.95,480.5,489.3,7223400
7/12/2010 1:14:00 PM,474.9,481.17,474.14,481.03,4341900
7/12/2010 1:12:00 PM,473.78,474.72,470.29,473.55,2796700
7/12/2010 1:10:00 PM,476.5,479.49,471.86,472.63,4879200
7/12/2010 1:08:00 PM,470.35,481.74,468.6,475,7965000
7/12/2010 1:06:00 PM,476.95,479.02,471.77,472.57,4897100
7/12/2010 1:04:00 PM,473.77,479.66,472.33,476.95,4991500
7/12/2010 1:02:00 PM,472.23,473.75,465.06,471.8,4907700
7/12/2010 1:00:00 PM,467.5,473.73,466.38,469.91,5236700
7/12/2010 12:58:00 PM,478.76,479.13,465.26,467.5,5426300
7/12/2010 12:56:00 PM,478.06,482.16,473.84,476.39,6285400
7/12/2010 12:54:00 PM,474.82,480.46,470.01,476.57,6563100
7/12/2010 12:52:00 PM,483.9,485.24,472.49,475.2,6604000
7/12/2010 12:50:00 PM,487.68,491.96,484.2,485.1,7031700
7/12/2010 12:48:00 PM,477.49,488.5,475.11,486.6,9187500
7/12/2010 12:46:00 PM,476.28,477.86,471.41,473.31,8660200
7/12/2010 12:44:00 PM,462.28,484.64,460.37,480.78,15104500
7/12/2010 12:42:00 PM,458.99,460.1,453.59,459.67,11647900
7/12/2010 12:40:00 PM,420.23,429.5,419.57,426.06,11503500
7/12/2010 12:38:00 PM,422.99,424.75,417.5,419.31,6017300
7/12/2010 12:36:00 PM,420.3,423.75,416.7,420.64,5211000
7/12/2010 12:34:00 PM,427.7,429.2,421.34,421.75,4319400
7/12/2010 12:32:00 PM,427.76,429.5,425.56,427.3,3622500
7/12/2010 12:30:00 PM,428.56,429.68,424,427.44,4844000
7/12/2010 12:28:00 PM,425.02,429.91,423.76,426.5,5635400
7/12/2010 12:26:00 PM,431.56,437.85,422.39,426.65,9788600
7/12/2010 12:24:00 PM,424.8,431.95,423.42,429,7583300
7/12/2010 12:22:00 PM,410.22,421.91,409.75,420.5,7336500
7/12/2010 12:20:00 PM,414.7,418.24,410.86,411.81,5789800
7/12/2010 12:18:00 PM,404.97,415.77,403.05,415.7,6661800
7/12/2010 12:16:00 PM,401.29,406.46,398.19,404.04,5464700
7/12/2010 12:14:00 PM,401.9,406,400.8,401.44,3651900
7/12/2010 12:12:00 PM,405.13,405.62,401.41,401.9,3310900
7/12/2010 12:10:00 PM,404.08,406.98,400.54,403.58,5107400
7/12/2010 12:08:00 PM,406.3,411.22,402.37,402.92,5876700
7/12/2010 12:06:00 PM,405.5,407.68,401.77,406.87,5289400
7/12/2010 12:04:00 PM,405.58,409.45,402.5,403.98,5737300
7/12/2010 12:02:00 PM,404.98,407.45,401.36,403.78,4649600
7/12/2010 12:00:00 PM,400.3,408.45,399.86,406.85,10692100
7/12/2010 11:58:00 AM,407.1,407.39,394.62,397,9147800
7/12/2010 11:56:00 AM,415.46,415.49,392.74,403.81,14292900
7/12/2010 11:54:00 AM,410,418.69,409.47,414.69,7106700
7/12/2010 11:52:00 AM,407.48,410.05,406.74,409.88,7838200
7/12/2010 11:50:00 AM,404.3,406.28,401.93,403.98,5366100
7/12/2010 11:48:00 AM,395.15,406.76,395.1,406.57,9768200
7/12/2010 11:46:00 AM,385,392.73,384.88,391.9,5442200
7/12/2010 11:44:00 AM,378.26,384.69,377.77,384.09,4529200
7/12/2010 11:42:00 AM,376.72,380.79,376.72,377.85,3083400
7/12/2010 11:40:00 AM,379.39,381.75,377.4,378.49,3842000
7/12/2010 11:38:00 AM,382.1,383.19,379.66,380.14,3724100
7/12/2010 11:36:00 AM,379.87,385.4,377.44,384.36,4074300
7/12/2010 11:34:00 AM,380.99,381.28,377.19,378.6,2672900
7/12/2010 11:32:00 AM,381.49,382.15,378.2,378.53,2959900
7/12/2010 11:30:00 AM,379.21,384.65,378.51,380.75,4044400
7/12/2010 11:28:00 AM,380.78,382.32,377.2,378.95,4460000
7/12/2010 11:26:00 AM,375.61,380.95,375,380.95,4164000
7/12/2010 11:24:00 AM,373.08,375.32,372.5,373.26,2466700
7/12/2010 11:22:00 AM,374.44,376.4,372.26,373.73,3482500
7/12/2010 11:20:00 AM,377.64,378.27,372.66,373.43,3642300
7/12/2010 11:18:00 AM,377.73,379.26,374.84,378.29,4164100
7/12/2010 11:16:00 AM,378.1,379,375.22,377.3,4023300
7/12/2010 11:14:00 AM,386.31,387.09,380.75,383.36,4952200
7/12/2010 11:12:00 AM,386.39,390,383.92,385.8,5080200
7/12/2010 11:10:00 AM,383.48,388.45,382.12,387.72,5853200
7/12/2010 11:08:00 AM,374.11,381.67,372.6,380.97,6698200
7/12/2010 11:06:00 AM,371.5,375.13,368.67,369.43,4968300
7/12/2010 11:04:00 AM,374.4,375.28,368,368.5,3766500
7/12/2010 11:02:00 AM,373.88,377.67,372.46,374.2,4261900
7/12/2010 11:00:00 AM,382.8,384.68,376.36,376.94,4311000
7/12/2010 10:58:00 AM,382.82,384.5,379.09,381,5743200
7/12/2010 10:56:00 AM,371.5,379.73,371.15,377.95,3946900
7/12/2010 10:54:00 AM,379.56,380.68,371.75,373.85,5095200
7/12/2010 10:52:00 AM,364.98,377.91,363.36,375.39,6327000
7/12/2010 10:50:00 AM,375.6,377.17,365.2,367.23,7097800
7/12/2010 10:48:00 AM,385.11,385.77,375.51,375.51,5463200
7/12/2010 10:46:00 AM,388,389.17,383.31,386.6,4595300
7/12/2010 10:44:00 AM,382,389.56,381.73,388.12,4083600
7/12/2010 10:42:00 AM,387.37,387.49,377.95,382.4,5641100
7/12/2010 10:40:00 AM,388.2,391.91,383,385.5,5531900
7/12/2010 10:38:00 AM,385.02,391.31,383.8,389.36,5761100
7/12/2010 10:36:00 AM,392.82,393.89,381.21,390.9,8086100
7/12/2010 10:34:00 AM,386.14,391.75,377.69,390.11,11754600
7/12/2010 10:32:00 AM,404.28,404.44,385.66,387.12,12538700
7/12/2010 10:30:00 AM,395.01,401.14,394.66,399,8518500
7/12/2010 10:28:00 AM,409.75,410.57,397.74,403.05,8536800
7/12/2010 10:26:00 AM,404.63,411,403.72,407.89,5811900
7/12/2010 10:24:00 AM,410.33,411.49,398.61,403.5,7552100
7/12/2010 10:22:00 AM,414,418.34,406.83,408.83,6924500
7/12/2010 10:20:00 AM,422.09,422.74,416.73,417.25,4906700
7/12/2010 10:18:00 AM,418.51,425.05,413.03,424.56,5971300
7/12/2010 10:16:00 AM,423.44,425.23,416.38,418.2,4436400
7/12/2010 10:14:00 AM,426.05,427.89,415.88,420.45,6041900
7/12/2010 10:12:00 AM,423.38,425.38,421.98,423.19,3687100
7/12/2010 10:10:00 AM,421.52,422.8,415.64,421.46,4985600
7/12/2010 10:08:00 AM,420.04,423.77,419.45,423.2,2156700
7/12/2010 10:06:00 AM,415.6,419.33,412.33,419.33,6258000
7/12/2010 10:04:00 AM,407.99,418.2,405.82,417.81,6658200
7/12/2010 10:02:00 AM,404.01,406.48,401.13,406.11,3710500
7/12/2010 10:00:00 AM,405.71,408,401.01,402.32,4107100
7/12/2010 9:58:00 AM,406.75,408.3,403.25,404.22,3551200
7/12/2010 9:56:00 AM,402.76,409.75,400.74,404.86,5314800
7/12/2010 9:54:00 AM,401.58,406,388,399.95,5911900
7/12/2010 9:52:00 AM,391.06,404,389.75,402.13,8744400
7/12/2010 9:50:00 AM,388.03,391.87,386.51,387.17,4039900
7/12/2010 9:48:00 AM,390.85,394.8,386.98,388.14,7633100
7/12/2010 9:46:00 AM,389.1,390.93,388,390.7,5304600
7/12/2010 9:44:00 AM,386.62,392.25,383,391,6785700
7/12/2010 9:42:00 AM,389.83,391.1,378.52,384.39,7772000
7/12/2010 9:40:00 AM,380.9,387,378.12,386.52,7659100
7/12/2010 9:38:00 AM,388.34,390.49,381,381.54,5019100
7/12/2010 9:36:00 AM,392.19,395.43,385.35,386.57,6157500
7/12/2010 9:34:00 AM,387.75,394.27,378.59,393.3,10359500
7/12/2010 9:32:00 AM,393.24,394.86,386.5,386.51,8911300
7/12/2010 9:30:00 AM,376.58,390,376.3,389.99,10259800
7/12/2010 9:28:00 AM,376.18,381.45,374.15,374.44,5558500
7/12/2010 9:26:00 AM,386.84,387.08,377.45,379.44,6386400
7/12/2010 9:24:00 AM,373.54,382.99,371.6,382.62,6278000
7/12/2010 9:22:00 AM,373.8,378.25,366.78,371.82,7981300
7/12/2010 9:20:00 AM,378.28,381,371.45,371.94,4316000
7/12/2010 9:18:00 AM,384.55,385.88,380.03,381.35,3667000
7/12/2010 9:16:00 AM,379.08,383,372.31,382.99,8194600
7/12/2010 9:14:00 AM,377.35,383.44,371.61,381.25,9553800
7/12/2010 9:12:00 AM,374.21,383.88,373.56,375.58,8983000
7/12/2010 9:10:00 AM,367.85,373.03,365.25,370.95,8604400
7/12/2010 9:08:00 AM,373.28,374.5,360.57,370.02,11398200
7/12/2010 9:06:00 AM,378.78,381.81,370.71,370.99,5835000
7/12/2010 9:04:00 AM,370.61,379.84,370.22,374.5,10643800
7/12/2010 9:02:00 AM,375.99,376.86,369.89,371.3,6491100
7/9/2010 4:00:00 PM,375.93,380.15,368.25,376.2,8590100
7/9/2010 3:58:00 PM,383.54,384.87,373.55,374.13,10087600
7/9/2010 3:56:00 PM,403.42,404.71,384.98,387,8892800
7/9/2010 3:54:00 PM,408.31,411.71,401.86,402.98,6187200
7/9/2010 3:52:00 PM,395.7,409,393.75,408.8,9140600
7/9/2010 3:50:00 PM,395.11,397.12,390.05,394.78,5118600
7/9/2010 3:48:00 PM,397.6,400.68,391.78,394.3,6065000
7/9/2010 3:46:00 PM,395.03,398.87,392.21,394.75,4652000
7/9/2010 3:44:00 PM,396.35,401.5,390.88,394.17,8072200
7/9/2010 3:42:00 PM,401.08,402.49,388.4,394.8,13104300
7/9/2010 3:40:00 PM,418.47,419.44,398.55,398.9,10361200
7/9/2010 3:38:00 PM,418.63,425.73,416.3,417.94,7421300
7/9/2010 3:36:00 PM,422.91,426.91,419.39,420.03,8337900
7/9/2010 3:34:00 PM,427.74,430.04,423.53,425.97,7277800
7/9/2010 3:32:00 PM,439.63,441.04,426,427.16,9569000
7/9/2010 3:30:00 PM,439.4,444.7,436.52,440.5,8836400
7/9/2010 3:28:00 PM,448.9,450.72,436.17,437.1,22551300
7/9/2010 3:26:00 PM,411.01,416,408.2,415,12271500
7/9/2010 3:24:00 PM,412.57,413.64,406.73,410.5,6781700
7/9/2010 3:22:00 PM,407.93,409.83,401.5,404.24,8137600
7/9/2010 3:20:00 PM,403.45,412.5,400.84,406.82,8259500
7/9/2010 3:18:00 PM,408.63,409.76,400.5,402.16,6552900
7/9/2010 3:16:00 PM,409,411.33,405.19,408.95,6017000
7/9/2010 3:14:00 PM,416.42,419.1,406.22,409.66,11107200
7/9/2010 3:12:00 PM,407.08,417.17,405.25,416.38,9320100
7/9/2010 3:10:00 PM,412.41,412.85,404.02,406.16,7025900
7/9/2010 3:08:00 PM,406.49,413.89,405.43,411.18,8598500
7/9/2010 3:06:00 PM,408.2,414.57,402.82,407.99,13410500
7/9/2010 3:04:00 PM,389.9,404.9,388.14,404.34,15715700
7/9/2010 3:02:00 PM,389.53,392.47,387.93,389.7,8122700
7/9/2010 3:00:00 PM,388.74,391.87,384.03,390,36521400
7/9/2010 2:58:00 PM,389.19,393.5,383.61,388.44,14711700
7/9/2010 2:56:00 PM,379.94,399,379.51,394.98,19027500
7/9/2010 2:54:00 PM,371.71,377.86,371.17,377.2,8945800
7/9/2010 2:52:00 PM,367.09,371.71,365,369.69,7023700
7/9/2010 2:50:00 PM,368.62,370.09,362.51,365.8,15180600
7/9/2010 2:48:00 PM,342.35,345.75,340.2,341.89,7434700
7/9/2010 2:46:00 PM,339.75,344.1,337.5,340.22,7596000
7/9/2010 2:44:00 PM,350.01,351.66,339.08,339.92,9831100
7/9/2010 2:42:00 PM,342.34,350.09,341.54,348.19,10407600
7/9/2010 2:40:00 PM,338.8,341.78,334.93,339.79,8551700
7/9/2010 2:38:00 PM,348.61,348.75,337.9,338.77,10016700
7/9/2010 2:36:00 PM,350.77,352.3,340.53,344.5,12768800
7/9/2010 2:34:00 PM,337.14,352.37,332.62,351.16,18450700
7/9/2010 2:32:00 PM,340.93,346.1,335.45,337.06,13642400
7/9/2010 2:30:00 PM,343.5,344.5,331.55,337.5,19325600
7/9/2010 2:28:00 PM,355.39,358.53,341.5,343,13910400
7/9/2010 2:26:00 PM,353.93,360.03,350.54,353.88,11745600
7/9/2010 2:24:00 PM,365.02,368.45,358.15,364.45,10378800
7/9/2010 2:22:00 PM,380.91,383.4,367.14,368.1,8939700
7/9/2010 2:20:00 PM,384.3,387.24,375.76,378.18,11962000
7/9/2010 2:18:00 PM,364.28,381.1,362.2,376.45,18330300
7/9/2010 2:16:00 PM,368.56,369.45,361.3,364.8,12061200
7/9/2010 2:14:00 PM,393.2,397.54,338.51,362.62,39437600
7/9/2010 2:12:00 PM,381.27,391.7,380.28,390.38,10212200
7/9/2010 2:10:00 PM,377.3,380.07,373.49,377.4,6484300
7/9/2010 2:08:00 PM,365.61,381.24,365.39,378.07,12551600
7/9/2010 2:06:00 PM,367.15,368.95,363.86,365.49,6476200
7/9/2010 2:04:00 PM,366.44,373.54,365.11,366.59,8686000
7/9/2010 2:02:00 PM,369.86,372.14,363.62,368.75,14320200
7/9/2010 2:00:00 PM,345.67,367,344.49,366.46,21315500
7/9/2010 1:58:00 PM,341.27,346,337.83,342.38,12947000
7/9/2010 1:56:00 PM,345.33,351.69,342.4,343.32,14654000
7/9/2010 1:54:00 PM,346.64,350.6,341.89,345.7,19717800
7/9/2010 1:52:00 PM,361.95,364.5,353.14,362.61,15223500
7/9/2010 1:50:00 PM,371.2,374.4,356.11,358.77,11912400
7/9/2010 1:48:00 PM,368.48,370.69,354.67,369.08,20804100
7/9/2010 1:46:00 PM,382.99,383.7,363.35,367.92,16630200
7/9/2010 1:44:00 PM,385.31,389.9,379.56,385.1,8940400
7/9/2010 1:42:00 PM,393.62,393.9,372.57,381.55,18281800
7/9/2010 1:40:00 PM,403.82,406.5,395.98,396.04,11807700
7/9/2010 1:38:00 PM,389.03,402,387.52,401.78,27122500
7/9/2010 1:36:00 PM,430.57,439.6,423.97,432.66,22066000
7/9/2010 1:34:00 PM,429.23,433.28,425,426.82,8588900
7/9/2010 1:32:00 PM,435,438.22,428.98,433.49,8452200
7/9/2010 1:30:00 PM,439.54,439.99,423.56,434.27,12926100
7/9/2010 1:28:00 PM,451.26,454.23,429.22,433,18739800
7/9/2010 1:26:00 PM,436.03,444.95,434.48,443.03,15464600
7/9/2010 1:24:00 PM,407.38,428.39,405.73,427.5,22741400
7/9/2010 1:22:00 PM,438.7,440.03,394.74,399.46,41116700
7/9/2010 1:20:00 PM,451.17,453.49,433,436.45,14537300
7/9/2010 1:18:00 PM,447.3,457.36,443.25,444.91,20485700
7/9/2010 1:16:00 PM,463.06,469.9,462.53,467.11,8270300
7/9/2010 1:14:00 PM,464.31,466.89,461.61,466.25,7656600
7/9/2010 1:12:00 PM,473.72,474.99,461.5,463.63,10125300
7/9/2010 1:10:00 PM,471.27,475.11,469.18,471.63,9007400
7/9/2010 1:08:00 PM,464.42,470.25,462.04,469.76,9097100
7/9/2010 1:06:00 PM,466.41,473.4,460.94,466.9,12791900
7/9/2010 1:04:00 PM,456.87,470.5,453.24,465.66,17756900
7/9/2010 1:02:00 PM,446,451.55,441.5,451.24,10808300
7/9/2010 1:00:00 PM,443.9,448.96,439.75,445.24,15286400
7/9/2010 12:58:00 PM,422.52,435.67,418.22,435.23,13121200
7/9/2010 12:56:00 PM,417.27,418.21,413.74,414.86,7587100
7/9/2010 12:54:00 PM,427.98,428.73,419.17,420.15,6945800
7/9/2010 12:52:00 PM,424.34,427.78,421.26,426.69,7117900
7/9/2010 12:50:00 PM,431.86,431.86,422.76,424.64,6702800
7/9/2010 12:48:00 PM,432.15,432.5,428.78,430.93,4595100
7/9/2010 12:46:00 PM,431.77,432.86,425.93,432.04,7546600
7/9/2010 12:44:00 PM,433.55,436.86,420.71,426.33,11221900
7/9/2010 12:42:00 PM,427.86,432.2,424.67,429.74,10084700
7/9/2010 12:40:00 PM,432.2,446.21,420.11,424.6,21936800
7/9/2010 12:38:00 PM,425.34,432.5,422.75,430.15,16330500
7/9/2010 12:36:00 PM,419.11,423.14,416.5,422.55,6045800
7/9/2010 12:34:00 PM,417.04,419.73,415.49,418.96,6630400
7/9/2010 12:32:00 PM,412.5,418,411.64,417.49,8157000
7/9/2010 12:30:00 PM,414.63,415.21,409.95,412.61,6950100
7/9/2010 12:28:00 PM,415,415.78,408.56,409.2,7643400
7/9/2010 12:26:00 PM,405.3,410.65,402.64,410.65,8910100
7/9/2010 12:24:00 PM,406.16,406.7,399.01,404.22,11665900
7/9/2010 12:22:00 PM,408.7,416.41,401.7,404.54,15114700
7/9/2010 12:20:00 PM,417,417.5,404.28,405.85,10289400
7/9/2010 12:18:00 PM,416.94,419.53,413.86,417.7,7543500
7/9/2010 12:16:00 PM,409.2,415.44,408.29,414.09,9744900
7/9/2010 12:14:00 PM,404.26,408.45,395.56,404.91,15596600
7/9/2010 12:12:00 PM,424.46,426.4,402.14,403.54,21495800
7/9/2010 12:10:00 PM,429.82,431.24,422.44,423.48,11008400
7/9/2010 12:08:00 PM,425.78,428.75,425.3,428.62,4840100
7/9/2010 12:06:00 PM,417.04,424.72,415.78,422.86,10085000
7/9/2010 12:04:00 PM,408.65,417.31,406.23,416.47,9596000
7/9/2010 12:02:00 PM,399.17,409.98,393.49,409.36,10335100
7/9/2010 12:00:00 PM,403.49,404.5,399.85,400.21,7025700
7/9/2010 11:58:00 AM,401.8,403.81,399.53,403.45,9212200
7/9/2010 11:56:00 AM,396.2,398.85,394.11,398.15,8695200
7/9/2010 11:54:00 AM,394.38,397,390.95,392.8,8624900
7/9/2010 11:52:00 AM,392.12,398.22,391.53,396.97,7807900
7/9/2010 11:50:00 AM,395.12,396.9,388.85,390.4,7063900
7/9/2010 11:48:00 AM,378.36,391.35,377.43,391.1,9128700
7/9/2010 11:46:00 AM,386.67,388.29,378.03,379.15,10466900
7/9/2010 11:44:00 AM,394.25,395.59,388.58,389.9,7897500
7/9/2010 11:42:00 AM,395.1,397.47,392.15,395.03,9591500
7/9/2010 11:40:00 AM,389.98,391.79,385.45,390.43,8824900
7/9/2010 11:38:00 AM,382.41,386.58,381.38,385.95,7448400
7/9/2010 11:36:00 AM,381.7,385,377.17,379.68,10565400
7/9/2010 11:34:00 AM,371.86,383.9,369.01,379.38,16356100
7/9/2010 11:32:00 AM,360.24,374.75,359.51,372.14,14342900
7/9/2010 11:30:00 AM,355.27,358.95,355.02,358.17,5903500
7/9/2010 11:28:00 AM,356.6,357.09,351.68,353.06,5134400
7/9/2010 11:26:00 AM,346.28,356,346.19,355.44,8907500
7/9/2010 11:24:00 AM,345.78,347.4,342.86,346.91,6878300
7/9/2010 11:22:00 AM,343.37,349.3,342.19,348.65,9431700
7/9/2010 11:20:00 AM,345.8,346.43,333,339.9,22892400
7/9/2010 11:18:00 AM,309.99,311.13,301.21,303.2,13911700
7/9/2010 11:16:00 AM,304,309.87,303.96,308.7,7010700
7/9/2010 11:14:00 AM,304.96,307.96,302.74,303.28,7077800
7/9/2010 11:12:00 AM,297.5,305.2,294.56,305,7566700
7/9/2010 11:10:00 AM,299.9,300.23,292.54,296.14,8519100
7/9/2010 11:08:00 AM,302,302,290.68,297.44,10567700
7/9/2010 11:06:00 AM,305.2,307.19,299,300.97,9306200
7/9/2010 11:04:00 AM,310.61,312.65,304.86,306.1,8542600
7/9/2010 11:02:00 AM,313.31,314.82,309.15,310.65,5572200
7/9/2010 11:00:00 AM,314.79,316.67,310.54,312.99,6770300
7/9/2010 10:58:00 AM,314.14,314.48,310.09,312.75,7993800
7/9/2010 10:56:00 AM,312.69,314.9,308,310.71,8328400
7/9/2010 10:54:00 AM,319.95,321.28,310.74,311,9144300
7/9/2010 10:52:00 AM,313.63,320.11,312.79,318.68,9160300
7/9/2010 10:50:00 AM,314.22,317.5,312.29,316.46,9151300
7/9/2010 10:48:00 AM,306.68,310.72,306.08,309.62,5613800
7/9/2010 10:46:00 AM,314.22,315.1,305.6,306,7997400
7/9/2010 10:44:00 AM,314.95,318.41,313.38,313.94,6873100
7/9/2010 10:42:00 AM,319.5,320.95,312.56,314.28,9894400
7/9/2010 10:40:00 AM,313,317.21,312.59,315.36,8483800
7/9/2010 10:38:00 AM,311.5,319.22,310.17,311.37,13006400
7/9/2010 10:36:00 AM,308.41,313.76,305.96,311.9,10119700
7/9/2010 10:34:00 AM,306.15,311.3,305.23,307.91,9351000
7/9/2010 10:32:00 AM,301,306,300.71,303.79,5761900
7/9/2010 10:30:00 AM,304.02,304.5,299.87,300.2,7579800
7/9/2010 10:28:00 AM,299.52,306.75,297.91,302.62,15466200
7/9/2010 10:26:00 AM,308.73,313.28,300.3,303,11275800
7/9/2010 10:24:00 AM,309,315.53,306.17,311.68,10299900
7/9/2010 10:22:00 AM,301.75,311.42,301,309.74,10386500
7/9/2010 10:20:00 AM,297.28,299.1,296.56,299.09,4390500
7/9/2010 10:18:00 AM,294.83,299.28,293.36,295.39,6613300
7/9/2010 10:16:00 AM,285.89,295.5,285.28,294.87,7499500
7/9/2010 10:14:00 AM,289,289.39,286.8,287.11,4212300
7/9/2010 10:12:00 AM,286.51,289.99,286.44,288.45,3434500
7/9/2010 10:10:00 AM,285.91,287.5,285,286.25,2742100
7/9/2010 10:08:00 AM,288.23,288.5,284.36,286,5034000
7/9/2010 10:06:00 AM,287.39,289.51,285.88,287.27,4792000
7/9/2010 10:04:00 AM,282.24,289.12,282.24,288.45,5903000
7/9/2010 10:02:00 AM,283.48,285.02,282.66,283.58,3755300
7/9/2010 10:00:00 AM,282.55,284,279.97,282.59,4376600
7/9/2010 9:58:00 AM,277.57,284.75,276.45,282.57,8593100
7/9/2010 9:56:00 AM,276.16,279.74,274.12,279.58,5821700
7/9/2010 9:54:00 AM,281.24,281.47,273.35,274.01,6813000
7/9/2010 9:52:00 AM,280.99,281.45,279.62,280,5542900
7/9/2010 9:50:00 AM,275.91,280.5,275,279.99,11872800
7/9/2010 9:48:00 AM,285.51,286.57,284,285.1,3883300
7/9/2010 9:46:00 AM,284.88,287.79,283.34,285.65,7109200
7/9/2010 9:44:00 AM,289.8,292.77,283.77,284,8174700
7/9/2010 9:42:00 AM,283.36,290.2,281.64,289.72,6585900
7/9/2010 9:40:00 AM,285.89,286.58,280.62,284.05,7514900
7/9/2010 9:38:00 AM,291.3,292.33,284.88,285.68,6879000
7/9/2010 9:36:00 AM,291.96,292.68,288.51,291.57,5779300
7/9/2010 9:34:00 AM,293.6,295.65,290.49,291.25,4481800
7/9/2010 9:32:00 AM,297.5,298.51,291.31,292.35,5939700
7/9/2010 9:30:00 AM,295.55,299,295.25,297.73,5236500
7/9/2010 9:28:00 AM,298,299.72,295.6,297.3,5930600
7/9/2010 9:26:00 AM,291.6,299.52,291.12,299.19,7290200
7/9/2010 9:24:00 AM,288.12,292.5,288.1,291.61,5662400
7/9/2010 9:22:00 AM,292.14,292.84,286.99,287.76,8363300
7/9/2010 9:20:00 AM,297.41,297.41,293.28,293.5,5925600
7/9/2010 9:18:00 AM,297.74,298.23,292.4,296.93,7217900
7/9/2010 9:16:00 AM,295.01,298,292.09,296.09,9816900
7/9/2010 9:14:00 AM,302.39,303.29,294.96,295.85,9658800
7/9/2010 9:12:00 AM,306.37,309.25,296.33,302.4,23386800
7/9/2010 9:10:00 AM,314.05,317.8,311.21,313.94,19789400
7/9/2010 9:08:00 AM,305.57,312.61,301.8,312,14310400
7/9/2010 9:06:00 AM,302.1,310.35,301.8,309.9,12621400
7/9/2010 9:04:00 AM,300,301.9,297.75,299.54,6207800
7/9/2010 9:02:00 AM,301.24,303.4,299.78,301.19,8438400
7/8/2010 4:00:00 PM,305.34,306.75,300.07,300.89,10667700
7/8/2010 3:58:00 PM,292.51,299.24,292.1,298.86,11437900
7/8/2010 3:56:00 PM,293.39,294.4,290.93,291.78,5864900
7/8/2010 3:54:00 PM,296.4,296.6,291.02,293.35,8390300
7/8/2010 3:52:00 PM,296.25,297.5,294.05,296.23,7457600
7/8/2010 3:50:00 PM,289.39,295.8,288.51,295.54,10672100
7/8/2010 3:48:00 PM,297.3,297.6,291.38,291.52,8000300
7/8/2010 3:46:00 PM,292.1,295.98,290.23,295.71,7494000
7/8/2010 3:44:00 PM,295.04,296.24,289.22,291.25,9227600
7/8/2010 3:42:00 PM,294.34,298.93,291.04,294.15,15094400
7/8/2010 3:40:00 PM,302.5,304.38,292.15,292.72,18298700
7/8/2010 3:38:00 PM,306.28,309.25,302,302,19036500
7/8/2010 3:36:00 PM,298.9,304.47,293.86,304.1,17802900
7/8/2010 3:34:00 PM,290.9,298,289.58,297.25,17771200
7/8/2010 3:32:00 PM,288,294.81,286.5,289.71,14056400
7/8/2010 3:30:00 PM,289.67,292.32,288.67,289.3,10474000
7/8/2010 3:28:00 PM,288.07,290.3,284.97,287.84,15132300
7/8/2010 3:26:00 PM,276.09,287.67,271.73,286.7,21024700
7/8/2010 3:24:00 PM,279,280.3,275.9,280.3,10434400
7/8/2010 3:22:00 PM,274.26,278.3,273.07,277.44,12462400
7/8/2010 3:20:00 PM,275,277.3,267.43,274.8,20883100
7/8/2010 3:18:00 PM,278.59,281.24,277.75,278.35,10091900
7/8/2010 3:16:00 PM,279.82,284.19,276.52,282.75,12803200
7/8/2010 3:14:00 PM,286.99,287.28,280.02,282.5,12696600
7/8/2010 3:12:00 PM,284.72,288.5,280.56,286.31,16441100
7/8/2010 3:10:00 PM,292.85,293.19,278,279.56,25700900
7/8/2010 3:08:00 PM,297.1,299.59,290.3,293.12,24323000
7/8/2010 3:06:00 PM,282.39,293.75,281.83,290.94,22525900
7/8/2010 3:04:00 PM,286.79,289.3,277.41,280.26,18782300
7/8/2010 3:02:00 PM,288.73,289.78,284.6,287.9,17974100
7/8/2010 3:00:00 PM,283.2,292.89,282.02,288,35191700
7/8/2010 2:58:00 PM,269.43,278.4,269.37,277.27,22236800
7/8/2010 2:56:00 PM,260.46,266.05,259.25,266,12184100
7/8/2010 2:54:00 PM,260.96,263.76,258.3,259.2,13546600
7/8/2010 2:52:00 PM,252.73,260.98,250.63,260.81,18057900
7/8/2010 2:50:00 PM,256.96,265.44,253.5,256,29043100
7/8/2010 2:48:00 PM,243.16,258.1,242.71,255.45,21388300
7/8/2010 2:46:00 PM,241.21,241.67,239.65,241.61,8163500
7/8/2010 2:44:00 PM,240.34,241.17,238.27,239.18,9716500
7/8/2010 2:42:00 PM,233.61,239.97,233.52,239.16,12312000
7/8/2010 2:40:00 PM,230.56,233.45,230.2,233.13,7808900
7/8/2010 2:38:00 PM,229.68,231.62,228.57,231.05,5681400
7/8/2010 2:36:00 PM,229.18,231.09,227.32,229.24,7415500
7/8/2010 2:34:00 PM,230.81,232.23,228.2,228.72,8948200
7/8/2010 2:32:00 PM,228.97,231.98,227.93,231.29,11478800
7/8/2010 2:30:00 PM,225.47,227.8,224.72,227.8,6345800
7/8/2010 2:28:00 PM,228,228.5,225.43,226.02,5536800
7/8/2010 2:26:00 PM,228.4,229.25,226.47,228.02,6763900
7/8/2010 2:24:00 PM,228.62,228.62,225.88,226.98,7509600
7/8/2010 2:22:00 PM,227.23,229.88,227,228.5,12083500
7/8/2010 2:20:00 PM,221.85,228.15,221.32,226.19,17780200
7/8/2010 2:18:00 PM,222.05,223.7,220.21,222.29,9767400
7/8/2010 2:16:00 PM,221.91,222.25,217.82,220,9170200
7/8/2010 2:14:00 PM,219.5,222.08,217.71,219.45,8682800
7/8/2010 2:12:00 PM,217.99,220.85,216.74,219.78,10264800
7/8/2010 2:10:00 PM,220.22,222,218.29,218.75,17272000
7/8/2010 2:08:00 PM,217.82,224.74,217.52,223.53,19840000
7/8/2010 2:06:00 PM,222.9,224,214.26,215.81,33205100
7/8/2010 2:04:00 PM,200.42,205,199.32,204.22,17751900
7/8/2010 2:02:00 PM,198.58,200.5,195.91,198.1,15451500
7/8/2010 2:00:00 PM,189.33,192,188.03,191.4,8430000
7/8/2010 1:58:00 PM,184.58,187.88,183.49,186.97,6550300
7/8/2010 1:56:00 PM,190.1,190.34,184.66,185,11577400
7/8/2010 1:54:00 PM,193.27,194.36,190.1,191.45,6152700
7/8/2010 1:52:00 PM,193.47,194.32,189.73,192.93,6555800
7/8/2010 1:50:00 PM,193,194.42,189.41,193.96,7319600
7/8/2010 1:48:00 PM,193.09,194.8,192.32,193.23,5410500
7/8/2010 1:46:00 PM,193.69,195.1,191.45,192.05,5116600
7/8/2010 1:44:00 PM,188.78,194.62,188.64,193.76,9692200
7/8/2010 1:42:00 PM,189.24,189.65,187.58,189.22,5252600
7/8/2010 1:40:00 PM,187.73,190.26,187.57,188.57,8736700
7/8/2010 1:38:00 PM,179.95,185.32,179.84,185.29,8076400
7/8/2010 1:36:00 PM,181.76,182.95,179.99,180.04,6182000
7/8/2010 1:34:00 PM,177.95,181.39,177.64,180.51,6768600
7/8/2010 1:32:00 PM,180.64,181.45,179.6,180.45,6236100
7/8/2010 1:30:00 PM,181.05,183.28,178.07,179.57,6473000
7/8/2010 1:28:00 PM,181.68,184.8,180.95,181.42,8738000
7/8/2010 1:26:00 PM,180.7,180.86,179.2,179.25,3705200
7/8/2010 1:24:00 PM,177.97,180.24,177.97,178.98,4845000
7/8/2010 1:22:00 PM,181.18,181.94,177.85,178.6,5631700
7/8/2010 1:20:00 PM,179.27,182.17,177.25,180.88,7483700
7/8/2010 1:18:00 PM,178.81,180.4,178.31,180.04,7090000
7/8/2010 1:16:00 PM,177.13,179.64,175.8,179.29,8260600
7/8/2010 1:14:00 PM,176.7,178.61,175.01,175.6,7106300
7/8/2010 1:12:00 PM,175.3,180,174.21,178.61,10422100
7/8/2010 1:10:00 PM,178.33,178.4,172.57,174.99,11146600
7/8/2010 1:08:00 PM,180.44,180.95,177.15,177.8,8028300
7/8/2010 1:06:00 PM,181.01,181.2,177.4,179.98,10960500
7/8/2010 1:04:00 PM,184.21,184.65,180.16,181.35,11360400
7/8/2010 1:02:00 PM,189.1,189.85,184.97,185.2,8046100
7/8/2010 1:00:00 PM,187.78,189.6,187.03,188.81,8667400
7/8/2010 12:58:00 PM,186.7,187.25,185.07,185.9,6774100
7/8/2010 12:56:00 PM,186.13,187.75,184.31,187.01,7608600
7/8/2010 12:54:00 PM,185.95,187.67,184.36,185.18,7285500
7/8/2010 12:52:00 PM,189.29,189.75,182,186.06,9311200
7/8/2010 12:50:00 PM,186,189.87,185.85,187.99,7818400
7/8/2010 12:48:00 PM,189.15,189.92,185.51,185.87,9973500
7/8/2010 12:46:00 PM,183.37,189.85,182.23,188.89,25814300
7/8/2010 12:44:00 PM,193.3,194.48,188.66,193.95,15586000
7/8/2010 12:42:00 PM,196.5,198.9,190.39,191.37,13483700
7/8/2010 12:40:00 PM,198.51,198.84,196.66,197.95,8485900
7/8/2010 12:38:00 PM,197.83,199.75,196.81,197.9,10414400
7/8/2010 12:36:00 PM,194.7,199.33,194.3,198.41,16532300
7/8/2010 12:34:00 PM,193.6,199.84,193.08,195.23,25782800
7/8/2010 12:32:00 PM,182.85,193.08,181,192.99,38562200
7/8/2010 12:30:00 PM,186.66,192.32,186.07,187.4,13116000
7/8/2010 12:28:00 PM,191.97,192.21,185.25,187.98,18982700
7/8/2010 12:26:00 PM,200.76,201.6,189.46,191.58,17171500
7/8/2010 12:24:00 PM,196.96,200.02,194.53,198.64,11480000
7/8/2010 12:22:00 PM,205.26,206.4,195.51,196.03,12960400
7/8/2010 12:20:00 PM,206.47,207.75,202.6,204.36,14819300
7/8/2010 12:18:00 PM,205.99,213.37,205.81,210.86,12988100
7/8/2010 12:16:00 PM,215.55,216.8,203.66,205.96,32799300
7/8/2010 12:14:00 PM,194.38,196.66,190.63,191.9,18839000
7/8/2010 12:12:00 PM,193.69,196.36,191.72,195.62,9596700
7/8/2010 12:10:00 PM,190.02,194.7,186.34,190.34,12208200
7/8/2010 12:08:00 PM,188.76,188.86,185.2,188.08,6627400
7/8/2010 12:06:00 PM,179.27,189.41,179.15,189.24,12307900
7/8/2010 12:04:00 PM,181.94,182.24,176.29,177.12,10659200
7/8/2010 12:02:00 PM,188.69,189.33,180.32,180.72,14022700
7/8/2010 12:00:00 PM,194.54,195.36,188.12,188.28,9258400
7/8/2010 11:58:00 AM,192.5,196.25,192,193.92,9001600
7/8/2010 11:56:00 AM,204.65,205.3,196.71,197.3,11257700
7/8/2010 11:54:00 AM,200.97,205.02,198.66,203.9,13172600
7/8/2010 11:52:00 AM,196,200.01,194.13,199.97,9640300
7/8/2010 11:50:00 AM,195.38,197.39,194.05,195.33,6849400
7/8/2010 11:48:00 AM,194.33,195.93,190.5,195.38,8177800
7/8/2010 11:46:00 AM,195.62,197.71,193.18,193.54,6958700
7/8/2010 11:44:00 AM,194.5,198.1,191.83,195.06,7539600
7/8/2010 11:42:00 AM,190.64,194.25,188.78,193.85,9662900
7/8/2010 11:40:00 AM,195.08,195.9,187.72,188.55,10387100
7/8/2010 11:38:00 AM,193.45,196.9,192.23,193.51,8236600
7/8/2010 11:36:00 AM,201.4,202.93,193.48,194.5,13755900
7/8/2010 11:34:00 AM,197.4,203.64,195.46,202.71,15844200
7/8/2010 11:32:00 AM,199.23,199.88,192.56,192.79,7668500
7/8/2010 11:30:00 AM,192.97,198.23,191.85,197.6,5904300
7/8/2010 11:28:00 AM,191.78,193.52,191.78,192.9,2678100
7/8/2010 11:26:00 AM,192.11,193.55,191.01,192.76,4145800
7/8/2010 11:24:00 AM,189.15,193.3,189.1,191.91,6104100
7/8/2010 11:22:00 AM,187.45,188.6,186,187.9,3614600
7/8/2010 11:20:00 AM,183.9,186.85,183.01,186.3,3907000
7/8/2010 11:18:00 AM,186.31,187.88,183.4,183.75,5516300
7/8/2010 11:16:00 AM,182,188.46,181.87,185.02,9834500
7/8/2010 11:14:00 AM,176.76,180.5,176.55,180.08,7386200
7/8/2010 11:12:00 AM,176.95,180.49,175.95,176.47,8572800
7/8/2010 11:10:00 AM,177.99,180.69,176.66,179.78,11471000
7/8/2010 11:08:00 AM,171,178.82,169.6,178.69,11088400
7/8/2010 11:06:00 AM,172.17,173.18,169.45,170.45,4818600
7/8/2010 11:04:00 AM,173.43,174.88,171.29,171.65,4317200
7/8/2010 11:02:00 AM,170.25,173.5,168.47,173.43,7654000
7/8/2010 11:00:00 AM,170.35,173.68,168.73,169.98,7541800
7/8/2010 10:58:00 AM,176,176.2,170.55,171.43,6870900
7/8/2010 10:56:00 AM,179.13,180.7,176.02,176.29,6254000
7/8/2010 10:54:00 AM,179.95,181.06,177.6,180.4,5869200
7/8/2010 10:52:00 AM,179.9,181.51,178.55,179.4,6260900
7/8/2010 10:50:00 AM,181.95,182.5,179.55,179.96,7864100
7/8/2010 10:48:00 AM,180.71,183,180.25,181.98,7700000
7/8/2010 10:46:00 AM,180.36,182.95,177.51,181.05,10666600
7/8/2010 10:44:00 AM,175.8,180.03,175.32,179.39,6480100
7/8/2010 10:42:00 AM,174.82,177.21,172.51,174.76,15281000
7/8/2010 10:40:00 AM,167.97,170.83,166.5,167.52,12413300
7/8/2010 10:38:00 AM,164.47,169.5,161.31,165.1,12368200
7/8/2010 10:36:00 AM,169.1,169.98,166.52,169.4,8769300
7/8/2010 10:34:00 AM,170.29,174.42,165.73,167.54,16629600
7/8/2010 10:32:00 AM,169.02,177.5,169,172.5,18132900
7/8/2010 10:30:00 AM,177.5,179.47,170.83,172.54,20917400
7/8/2010 10:28:00 AM,180.45,188.32,178.75,184.87,11901500
7/8/2010 10:26:00 AM,185.23,189.8,177.4,182,16746100
7/8/2010 10:24:00 AM,169.13,183.75,167.57,183.02,14985500
7/8/2010 10:22:00 AM,170.67,172.52,166.33,167.86,10644000
7/8/2010 10:20:00 AM,174.1,175.2,165.27,168.7,11064200
7/8/2010 10:18:00 AM,170.93,175.44,169.4,172.55,11191800
7/8/2010 10:16:00 AM,181.98,182.3,168.55,169.35,19833100
7/8/2010 10:14:00 AM,188.44,190.4,183.35,184.7,14409600
7/8/2010 10:12:00 AM,198.18,201.6,190.75,191.67,13888700
7/8/2010 10:10:00 AM,198.78,199.25,193.34,194.87,11346300
7/8/2010 10:08:00 AM,193.55,197.67,191.27,196.03,12224900
7/8/2010 10:06:00 AM,198.89,199.95,190.6,190.64,21162500
7/8/2010 10:04:00 AM,186.68,194.39,185.6,193.3,14846800
7/8/2010 10:02:00 AM,182.72,189.52,181.77,185.97,13356500
7/8/2010 10:00:00 AM,186.34,192.64,180,181.8,22307100
7/8/2010 9:58:00 AM,176.4,194.43,172.55,187.4,32764200
7/8/2010 9:56:00 AM,170.54,180.17,164.08,172.43,36891900
7/8/2010 9:54:00 AM,144.4,150.13,141.62,149.38,14589500
7/8/2010 9:52:00 AM,148.03,148.99,139.6,140.49,11372700
7/8/2010 9:50:00 AM,150.5,152.4,147.35,147.94,9064000
7/8/2010 9:48:00 AM,143.2,149.2,141.21,149.16,7025200
7/8/2010 9:46:00 AM,144.93,145.5,141.95,144.11,6604000
7/8/2010 9:44:00 AM,141.01,142.38,138.56,142,5226300
7/8/2010 9:42:00 AM,143.32,143.55,140.08,140.9,9893000
7/8/2010 9:40:00 AM,134.44,137.61,133.4,137.4,5838600
7/8/2010 9:38:00 AM,137,138.86,133.85,135.26,5241300
7/8/2010 9:36:00 AM,138.72,139.68,137.02,137.73,5540300
7/8/2010 9:34:00 AM,136.92,139.88,136.55,138.85,7064600
7/8/2010 9:32:00 AM,137.55,138.45,136,137.08,6697400
7/8/2010 9:30:00 AM,134.66,138.53,132.24,138.37,7494100
7/8/2010 9:28:00 AM,135.25,136.87,134.03,135.06,6517900
7/8/2010 9:26:00 AM,130.8,134.24,128.9,132.58,7570000
7/8/2010 9:24:00 AM,129.9,132.3,129,129.6,6885900
7/8/2010 9:22:00 AM,126.7,135.02,126.23,131.08,15273500
7/8/2010 9:20:00 AM,121.3,127.4,120.21,126.86,8473000
7/8/2010 9:18:00 AM,119.56,120.88,117.8,118.26,3536600
7/8/2010 9:16:00 AM,120.94,124.1,119.76,119.83,4566300
7/8/2010 9:14:00 AM,118.84,122.63,117.02,120.82,4272100
7/8/2010 9:12:00 AM,117.4,119.67,116.81,118.38,3794400
7/8/2010 9:10:00 AM,119.81,120.42,117.51,117.84,3618000
7/8/2010 9:08:00 AM,116.95,121.6,116.77,119.36,5319700
7/8/2010 9:06:00 AM,114.42,117.49,113.55,117.49,4741000
7/8/2010 9:04:00 AM,112.34,115.8,111.65,113.97,4637800
7/8/2010 9:02:00 AM,110.56,114.23,110.2,112,5361900
7/7/2010 4:00:00 PM,107.45,112,106.79,111.49,5419900
7/7/2010 3:58:00 PM,106.63,108.41,106.46,107.5,3926000
7/7/2010 3:56:00 PM,101.6,106.56,101.3,105.33,4353800
7/7/2010 3:54:00 PM,102.53,102.71,101,102.31,2032900
7/7/2010 3:52:00 PM,100.74,103.03,100.5,102.3,2495300
7/7/2010 3:50:00 PM,101.01,102,99.61,101.58,2926700
7/7/2010 3:48:00 PM,100.95,101.74,99.32,100.01,2578800
7/7/2010 3:46:00 PM,99.19,102.37,98.94,101.51,7566900
7/7/2010 3:44:00 PM,102.7,102.97,99.67,100.25,4573700
7/7/2010 3:42:00 PM,102.3,103.71,102.16,102.37,2461400
7/7/2010 3:40:00 PM,105.28,105.49,102.01,102.01,2601000
7/7/2010 3:38:00 PM,108.1,108.62,105.69,106.15,3109000
7/7/2010 3:36:00 PM,104.95,107.95,104.66,107.91,3551000
7/7/2010 3:34:00 PM,104.96,108,103.88,106,4598900
7/7/2010 3:32:00 PM,111.24,111.6,103.57,104.87,7631300
7/7/2010 3:30:00 PM,110.75,113.48,109.05,109.4,9137200
7/7/2010 3:28:00 PM,101.01,109.08,100.5,108.31,11428600
7/7/2010 3:26:00 PM,100,104.06,95.96,100.34,22351900
