Price,Mileage,Cylinder,Doors,Cruise,Sound,Leather,Buick,Cadillac,Chevy,Pontiac,Saab,Saturn,Convertible,Coupe,Hatchback,Sedan,Wagon
22661.05,20105,6,4,1,0,0,1,0,0,0,0,0,0,0,0,1,0
21725.01,13457,6,2,1,1,0,0,0,1,0,0,0,0,1,0,0,0
29142.71,31655,4,2,1,1,1,0,0,0,0,1,0,1,0,0,0,0
30731.94,22479,4,2,1,0,0,0,0,0,0,1,0,1,0,0,0,0
33358.77,17590,4,2,1,1,1,0,0,0,0,1,0,1,0,0,0,0
30315.17,23635,4,2,1,0,0,0,0,0,0,1,0,1,0,0,0,0
33381.82,17381,4,2,1,1,1,0,0,0,0,1,0,1,0,0,0,0
30251.02,27558,4,2,1,0,1,0,0,0,0,1,0,1,0,0,0,0
30166.85,25049,4,2,1,0,0,0,0,0,0,1,0,1,0,0,0,0
27060.14,17319,4,4,1,0,1,0,0,0,0,1,0,0,0,0,1,0
26841.08,10003,4,4,1,1,0,0,0,0,0,1,0,0,0,0,1,0
25790.51,21160,4,4,1,1,1,0,0,0,0,1,0,0,0,0,1,0
25148.38,22272,4,4,1,1,1,0,0,0,0,1,0,0,0,0,1,0
24173.53,27015,4,4,1,0,0,0,0,0,0,1,0,0,0,0,1,0
24852.5,22814,4,4,1,1,1,0,0,0,0,1,0,0,0,0,1,0
27825.95,10014,4,4,1,0,1,0,0,0,0,1,0,0,0,0,1,0
26698.08,23055,4,4,1,1,1,0,0,0,0,1,0,0,0,0,1,0
28185.78,19854,4,4,1,1,1,0,0,0,0,1,0,0,0,0,1,0
27241.44,23204,4,4,1,1,1,0,0,0,0,1,0,0,0,0,1,0
30800.66,8017,4,4,1,0,1,0,0,0,0,1,0,0,0,0,1,0
28416.46,14613,4,4,1,0,1,0,0,0,0,1,0,0,0,0,1,0
26653.24,22590,4,4,1,1,1,0,0,0,0,1,0,0,0,0,1,0
27610.86,22881,4,4,1,1,1,0,0,0,0,1,0,0,0,0,1,0
27788.81,26786,4,4,1,0,1,0,0,0,0,1,0,0,0,0,0,1
29986.79,18464,4,4,1,0,1,0,0,0,0,1,0,0,0,0,0,1
29197.79,20907,4,4,1,0,1,0,0,0,0,1,0,0,0,0,0,1
29908.18,19830,4,4,1,1,1,0,0,0,0,1,0,0,0,0,0,1
29481.53,21822,4,4,1,1,1,0,0,0,0,1,0,0,0,0,0,1
26792.3,25357,4,4,1,0,1,0,0,0,0,1,0,0,0,0,0,1
29321.08,21545,4,4,1,0,1,0,0,0,0,1,0,0,0,0,0,1
37383.5,16088,4,2,1,0,1,0,0,0,0,1,0,1,0,0,0,0
34393,24031,4,2,1,0,1,0,0,0,0,1,0,1,0,0,0,0
38324.81,12090,4,2,1,1,1,0,0,0,0,1,0,1,0,0,0,0
35304.49,21293,4,2,1,0,1,0,0,0,0,1,0,1,0,0,0,0
28777.96,48991,4,2,1,1,1,0,0,0,0,1,0,1,0,0,0,0
33248.34,27051,4,2,1,0,1,0,0,0,0,1,0,1,0,0,0,0
35580.33,21167,4,2,1,1,0,0,0,0,0,1,0,1,0,0,0,0
30274.71,10800,4,4,1,1,0,0,0,0,0,1,0,0,0,0,1,0
30122.43,14568,4,4,1,1,1,0,0,0,0,1,0,0,0,0,1,0
32197.34,3867,4,4,1,1,0,0,0,0,0,1,0,0,0,0,1,0
27109.41,22598,4,4,1,0,1,0,0,0,0,1,0,0,0,0,1,0
30353.59,11273,4,4,1,1,0,0,0,0,0,1,0,0,0,0,1,0
27256.49,26400,4,4,1,1,0,0,0,0,0,1,0,0,0,0,1,0
28291.76,22328,4,4,1,1,0,0,0,0,0,1,0,0,0,0,1,0
24912.08,38717,4,4,1,0,1,0,0,0,0,1,0,0,0,0,1,0
33183.33,9795,4,4,1,1,1,0,0,0,0,1,0,0,0,0,1,0
28502.96,28598,4,4,1,1,1,0,0,0,0,1,0,0,0,0,1,0
35033.22,1676,4,4,1,1,1,0,0,0,0,1,0,0,0,0,1,0
29844.2,23143,4,4,1,1,1,0,0,0,0,1,0,0,0,0,1,0
30075.99,22052,4,4,1,1,1,0,0,0,0,1,0,0,0,0,1,0
28054.98,26276,4,4,1,1,1,0,0,0,0,1,0,0,0,0,1,0
28432.82,25247,4,4,1,1,1,0,0,0,0,1,0,0,0,0,1,0
32746.13,7924,4,4,1,0,1,0,0,0,0,1,0,0,0,0,1,0
31002.73,15087,4,4,1,1,1,0,0,0,0,1,0,0,0,0,1,0
28829.03,26503,4,4,1,0,1,0,0,0,0,1,0,0,0,0,0,1
31849.31,16956,4,4,1,0,1,0,0,0,0,1,0,0,0,0,0,1
31554.41,20103,4,4,1,1,1,0,0,0,0,1,0,0,0,0,0,1
28678.08,25380,4,4,1,0,1,0,0,0,0,1,0,0,0,0,0,1
29961.25,20015,4,4,1,1,1,0,0,0,0,1,0,0,0,0,0,1
30575.25,22298,4,4,1,1,1,0,0,0,0,1,0,0,0,0,0,1
29914.38,22105,4,4,1,0,1,0,0,0,0,1,0,0,0,0,0,1
17325.27,19894,4,4,1,0,0,0,0,0,1,0,0,0,0,0,0,1
16391.93,18096,4,4,1,1,0,0,0,0,1,0,0,0,0,0,0,1
15505.29,24239,4,4,1,0,0,0,0,0,1,0,0,0,0,0,0,1
15297.84,23062,4,4,0,0,0,0,0,0,1,0,0,0,0,0,0,1
16078.67,22779,4,4,0,0,1,0,0,0,1,0,0,0,0,0,0,1
16551.22,19531,4,4,1,1,1,0,0,0,1,0,0,0,0,0,0,1
14546.88,33374,4,4,0,1,1,0,0,0,1,0,0,0,0,0,0,1
37288.94,32039,8,2,1,1,1,0,0,1,0,0,0,1,0,0,0,0
46732.61,3625,8,2,1,1,1,0,0,1,0,0,0,1,0,0,0,0
47065.21,5239,8,2,1,1,1,0,0,1,0,0,0,1,0,0,0,0
41371.38,20000,8,2,1,0,1,0,0,1,0,0,0,1,0,0,0,0
39547.59,23826,8,2,1,1,1,0,0,1,0,0,0,1,0,0,0,0
42773.03,14546,8,2,1,1,1,0,0,1,0,0,0,1,0,0,0,0
36970.9,30502,8,2,1,1,1,0,0,1,0,0,0,1,0,0,0,0
11203.15,27364,4,2,1,1,1,0,0,1,0,0,0,0,1,0,0,0
13041.87,13607,4,2,0,1,1,0,0,1,0,0,0,0,1,0,0,0
12207.87,23512,4,2,1,1,1,0,0,1,0,0,0,0,1,0,0,0
11726,23103,4,2,0,1,1,0,0,1,0,0,0,0,1,0,0,0
13007.98,7372,4,2,1,1,1,0,0,1,0,0,0,0,1,0,0,0
11149.62,34447,4,2,1,1,1,0,0,1,0,0,0,0,1,0,0,0
10788.97,31436,4,2,1,1,1,0,0,1,0,0,0,0,1,0,0,0
12570.14,22479,4,2,0,1,1,0,0,1,0,0,0,0,1,0,0,0
14023.94,13776,4,2,0,1,1,0,0,1,0,0,0,0,1,0,0,0
12706.91,27521,4,2,1,1,1,0,0,1,0,0,0,0,1,0,0,0
11961.62,27394,4,2,1,1,1,0,0,1,0,0,0,0,1,0,0,0
12810.91,19461,4,2,1,1,1,0,0,1,0,0,0,0,1,0,0,0
12845.17,22382,4,2,1,1,1,0,0,1,0,0,0,0,1,0,0,0
12897.93,23200,4,2,1,1,1,0,0,1,0,0,0,0,1,0,0,0
39713.67,8967,8,2,1,1,1,0,0,1,0,0,0,0,1,0,0,0
39875.85,7054,8,2,1,0,1,0,0,1,0,0,0,0,1,0,0,0
31186.74,34191,8,2,1,0,1,0,0,1,0,0,0,0,1,0,0,0
39365.88,11619,8,2,1,1,1,0,0,1,0,0,0,0,1,0,0,0
34297.31,24259,8,2,1,0,1,0,0,1,0,0,0,0,1,0,0,0
38990.61,9410,8,2,1,1,1,0,0,1,0,0,0,0,1,0,0,0
35261.44,21350,8,2,1,1,1,0,0,1,0,0,0,0,1,0,0,0
27370.96,24960,8,2,1,1,1,0,0,0,1,0,0,0,1,0,0,0
31024.87,13678,8,2,1,1,1,0,0,0,1,0,0,0,1,0,0,0
28502.31,27199,8,2,1,1,1,0,0,0,1,0,0,0,1,0,0,0
32219.59,10915,8,2,1,1,1,0,0,0,1,0,0,0,1,0,0,0
29595.79,16193,8,2,1,0,1,0,0,0,1,0,0,0,1,0,0,0
29664.7,21418,8,2,1,0,1,0,0,0,1,0,0,0,1,0,0,0
27548.63,26126,8,2,1,1,1,0,0,0,1,0,0,0,1,0,0,0
12464.07,21891,4,2,1,1,1,0,0,0,1,0,0,0,1,0,0,0
13160.12,13145,4,2,0,1,1,0,0,0,1,0,0,0,1,0,0,0
12832.46,20618,4,2,1,1,1,0,0,0,1,0,0,0,1,0,0,0
12258.86,24318,4,2,1,1,1,0,0,0,1,0,0,0,1,0,0,0
12465.51,23931,4,2,0,1,1,0,0,0,1,0,0,0,1,0,0,0
12828.03,19081,4,2,1,1,1,0,0,0,1,0,0,0,1,0,0,0
11903.1,25285,4,2,0,1,1,0,0,0,1,0,0,0,1,0,0,0
17750.88,25040,6,4,1,1,0,1,0,0,0,0,0,0,0,0,1,0
18145.13,18339,6,4,1,1,0,1,0,0,0,0,0,0,0,0,1,0
17772.97,25052,6,4,1,1,0,1,0,0,0,0,0,0,0,0,1,0
18348.9,23852,6,4,1,1,0,1,0,0,0,0,0,0,0,0,1,0
17394.02,25464,6,4,1,1,0,1,0,0,0,0,0,0,0,0,1,0
20099.26,10036,6,4,1,1,1,1,0,0,0,0,0,0,0,0,1,0
20698.08,2992,6,4,1,0,1,1,0,0,0,0,0,0,0,0,1,0
19924.16,19800,6,4,1,1,1,1,0,0,0,0,0,0,0,0,1,0
17808.2,32896,6,4,1,1,0,1,0,0,0,0,0,0,0,0,1,0
19774.25,23359,6,4,1,1,1,1,0,0,0,0,0,0,0,0,1,0
20538.09,15066,6,4,1,1,0,1,0,0,0,0,0,0,0,0,1,0
19344.17,23765,6,4,1,1,0,1,0,0,0,0,0,0,0,0,1,0
18543.43,26034,6,4,1,1,1,1,0,0,0,0,0,0,0,0,1,0
20512.09,16633,6,4,1,1,0,1,0,0,0,0,0,0,0,0,1,0
23785.92,10577,6,4,1,1,1,1,0,0,0,0,0,0,0,0,1,0
22358.88,8970,6,4,1,1,0,1,0,0,0,0,0,0,0,0,1,0
21895.76,16508,6,4,1,0,1,1,0,0,0,0,0,0,0,0,1,0
22926.09,14363,6,4,1,1,1,1,0,0,0,0,0,0,0,0,1,0
21058.14,24469,6,4,1,1,1,1,0,0,0,0,0,0,0,0,1,0
19556.9,25245,6,4,1,0,0,1,0,0,0,0,0,0,0,0,1,0
21183.12,21394,6,4,1,0,0,1,0,0,0,0,0,0,0,0,1,0
21341.26,25212,6,4,1,1,1,1,0,0,0,0,0,0,0,0,1,0
20986.02,27096,6,4,1,0,0,1,0,0,0,0,0,0,0,0,1,0
21683.03,26779,6,4,1,1,0,1,0,0,0,0,0,0,0,0,1,0
21799.17,24439,6,4,1,0,0,1,0,0,0,0,0,0,0,0,1,0
23447.69,15755,6,4,1,1,0,1,0,0,0,0,0,0,0,0,1,0
23016.01,18147,6,4,1,1,1,1,0,0,0,0,0,0,0,0,1,0
23547.24,16235,6,4,1,1,0,1,0,0,0,0,0,0,0,0,1,0
38600.24,17138,8,4,1,0,1,0,1,0,0,0,0,0,0,0,1,0
36154.3,25339,8,4,1,1,1,0,1,0,0,0,0,0,0,0,1,0
36077.8,21966,8,4,1,0,1,0,1,0,0,0,0,0,0,0,1,0
40335.74,14743,8,4,1,0,1,0,1,0,0,0,0,0,0,0,1,0
35338.65,25163,8,4,1,0,1,0,1,0,0,0,0,0,0,0,1,0
39307.01,16041,8,4,1,0,1,0,1,0,0,0,0,0,0,0,1,0
39801.55,14095,8,4,1,0,1,0,1,0,0,0,0,0,0,0,1,0
32537.19,41829,8,4,1,1,1,0,1,0,0,0,0,0,0,0,1,0
37510.25,21593,8,4,1,0,1,0,1,0,0,0,0,0,0,0,1,0
32954.14,36074,8,4,1,0,1,0,1,0,0,0,0,0,0,0,1,0
36245.16,26250,8,4,1,1,1,0,1,0,0,0,0,0,0,0,1,0
40856.39,12791,8,4,1,1,1,0,1,0,0,0,0,0,0,0,1,0
41378.05,8125,8,4,1,0,1,0,1,0,0,0,0,0,0,0,1,0
37215.17,22211,8,4,1,0,1,0,1,0,0,0,0,0,0,0,1,0
17202.83,9380,6,2,0,1,1,0,0,0,1,0,0,0,1,0,0,0
17675.84,5131,6,2,0,1,1,0,0,0,1,0,0,0,1,0,0,0
15253.87,20917,6,2,1,1,1,0,0,0,1,0,0,0,1,0,0,0
14703.14,23335,6,2,0,1,1,0,0,0,1,0,0,0,1,0,0,0
15059.13,22641,6,2,1,1,1,0,0,0,1,0,0,0,1,0,0,0
16792.68,12071,6,2,1,1,1,0,0,0,1,0,0,0,1,0,0,0
17141.94,6761,6,2,1,1,1,0,0,0,1,0,0,0,1,0,0,0
19204.81,26477,6,4,1,0,1,0,0,0,1,0,0,0,0,0,1,0
18529.34,30063,6,4,1,0,1,0,0,0,1,0,0,0,0,0,1,0
20627.66,20770,6,4,1,1,1,0,0,0,1,0,0,0,0,0,1,0
18158.08,28354,6,4,1,0,0,0,0,0,1,0,0,0,0,0,1,0
19540.24,22628,6,4,1,1,0,0,0,0,1,0,0,0,0,0,1,0
21875.1,12313,6,4,1,0,1,0,0,0,1,0,0,0,0,0,1,0
21903.32,4537,6,4,1,1,0,0,0,0,1,0,0,0,0,0,1,0
15788.1,25295,6,4,1,1,0,0,0,0,1,0,0,0,0,0,1,0
17162.87,20829,6,4,1,0,0,0,0,0,1,0,0,0,0,0,1,0
16569.14,25777,6,4,1,0,0,0,0,0,1,0,0,0,0,0,1,0
16391.17,21304,6,4,1,1,0,0,0,0,1,0,0,0,0,0,1,0
15457.17,29925,6,4,1,1,0,0,0,0,1,0,0,0,0,0,1,0
16283.96,26511,6,4,1,0,1,0,0,0,1,0,0,0,0,0,1,0
18254.92,16554,6,4,1,1,1,0,0,0,1,0,0,0,0,0,1,0
15802.65,21461,4,4,0,0,0,0,0,0,1,0,0,0,0,0,0,1
14396.27,31424,4,4,0,0,0,0,0,0,1,0,0,0,0,0,0,1
14869.28,31791,4,4,1,1,1,0,0,0,1,0,0,0,0,0,0,1
15568.97,18206,4,4,0,0,0,0,0,0,1,0,0,0,0,0,0,1
16353.1,16078,4,4,0,1,0,0,0,0,1,0,0,0,0,0,0,1
15730.05,21391,4,4,0,1,1,0,0,0,1,0,0,0,0,0,0,1
15977.91,17053,4,4,0,0,1,0,0,0,1,0,0,0,0,0,0,1
19646.72,21132,6,4,1,1,1,0,0,0,1,0,0,0,0,0,1,0
20173.91,21211,6,4,1,0,1,0,0,0,1,0,0,0,0,0,1,0
22100.39,12314,6,4,1,1,0,0,0,0,1,0,0,0,0,0,1,0
18701.22,24992,6,4,1,0,0,0,0,0,1,0,0,0,0,0,1,0
19448.23,27721,6,4,1,0,1,0,0,0,1,0,0,0,0,0,1,0
21281.88,17417,6,4,1,1,1,0,0,0,1,0,0,0,0,0,1,0
21230.98,11229,6,4,1,1,0,0,0,0,1,0,0,0,0,0,1,0
23578.16,19148,8,4,1,0,1,0,0,0,1,0,0,0,0,0,1,0
22231.56,21929,8,4,1,1,1,0,0,0,1,0,0,0,0,0,1,0
22189.12,25651,8,4,1,0,1,0,0,0,1,0,0,0,0,0,1,0
22525.27,19521,8,4,1,1,1,0,0,0,1,0,0,0,0,0,1,0
23449.31,17273,8,4,1,0,1,0,0,0,1,0,0,0,0,0,1,0
21403.76,27168,8,4,1,0,1,0,0,0,1,0,0,0,0,0,1,0
21200.69,31197,8,4,1,1,1,0,0,0,1,0,0,0,0,0,1,0
68566.19,6420,8,2,1,1,1,0,1,0,0,0,0,1,0,0,0,0
70755.47,583,8,2,1,1,1,0,1,0,0,0,0,1,0,0,0,0
52001.99,42691,8,2,1,1,1,0,1,0,0,0,0,1,0,0,0,0
60567.55,23193,8,2,1,1,1,0,1,0,0,0,0,1,0,0,0,0
63913.12,18200,8,2,1,1,1,0,1,0,0,0,0,1,0,0,0,0
69133.73,7892,8,2,1,1,1,0,1,0,0,0,0,1,0,0,0,0
66374.31,12021,8,2,1,1,1,0,1,0,0,0,0,1,0,0,0,0
17322.08,10102,6,4,1,0,1,0,0,0,0,0,1,0,0,0,1,0
16507.07,16229,6,4,1,0,0,0,0,0,0,0,1,0,0,0,1,0
16425.17,14242,6,4,1,0,0,0,0,0,0,0,1,0,0,0,1,0
15118.89,25979,6,4,1,1,0,0,0,0,0,0,1,0,0,0,1,0
17978.36,10986,6,4,1,0,0,0,0,0,0,0,1,0,0,0,1,0
13585.64,35662,6,4,1,0,0,0,0,0,0,0,1,0,0,0,1,0
15731.13,20484,6,4,1,1,0,0,0,0,0,0,1,0,0,0,1,0
21908.37,17353,6,4,1,0,0,1,0,0,0,0,0,0,0,0,1,0
20952.22,20158,6,4,1,1,0,1,0,0,0,0,0,0,0,0,1,0
19425.85,27839,6,4,1,1,0,1,0,0,0,0,0,0,0,0,1,0
19191.99,29187,6,4,1,1,1,1,0,0,0,0,0,0,0,0,1,0
21956.34,17787,6,4,1,1,0,1,0,0,0,0,0,0,0,0,1,0
19981.13,24323,6,4,1,1,0,1,0,0,0,0,0,0,0,0,1,0
21646.12,19562,6,4,1,1,1,1,0,0,0,0,0,0,0,0,1,0
32075.98,23553,4,2,1,1,0,0,0,0,0,1,0,1,0,0,0,0
27666.23,35157,4,2,1,0,0,0,0,0,0,1,0,1,0,0,0,0
34819.3,12251,4,2,1,0,0,0,0,0,0,1,0,1,0,0,0,0
33540.54,20925,4,2,1,0,1,0,0,0,0,1,0,1,0,0,0,0
31969.07,24559,4,2,1,0,0,0,0,0,0,1,0,1,0,0,0,0
35622.14,10340,4,2,1,1,0,0,0,0,0,1,0,1,0,0,0,0
32737.08,19112,4,2,1,1,1,0,0,0,0,1,0,1,0,0,0,0
23249.84,27686,4,4,1,0,0,0,0,0,0,1,0,0,0,0,1,0
29246.24,3907,4,4,1,0,1,0,0,0,0,1,0,0,0,0,1,0
24801.62,26345,4,4,1,1,1,0,0,0,0,1,0,0,0,0,1,0
22244.88,50387,4,4,1,0,1,0,0,0,0,1,0,0,0,0,1,0
26775.03,16688,4,4,1,0,0,0,0,0,0,1,0,0,0,0,1,0
25996.81,21433,4,4,1,1,1,0,0,0,0,1,0,0,0,0,1,0
25299.97,19569,4,4,1,1,0,0,0,0,0,1,0,0,0,0,1,0
31156.6,18805,4,4,1,1,1,0,0,0,0,1,0,0,0,0,0,1
29114.54,21960,4,4,1,0,1,0,0,0,0,1,0,0,0,0,0,1
30443.88,15050,4,4,1,0,1,0,0,0,0,1,0,0,0,0,0,1
24903.48,40719,4,4,1,1,1,0,0,0,0,1,0,0,0,0,0,1
31084.94,18187,4,4,1,1,1,0,0,0,0,1,0,0,0,0,0,1
33005.78,6409,4,4,1,1,1,0,0,0,0,1,0,0,0,0,0,1
31153.01,17317,4,4,1,0,1,0,0,0,0,1,0,0,0,0,0,1
23329.21,25218,4,4,1,0,1,0,0,0,0,1,0,0,0,0,0,1
23274.48,21616,4,4,1,1,0,0,0,0,0,1,0,0,0,0,0,1
27280.98,4836,4,4,1,1,0,0,0,0,0,1,0,0,0,0,0,1
25959.12,17431,4,4,1,0,1,0,0,0,0,1,0,0,0,0,0,1
12630.78,22571,4,2,1,1,1,0,0,1,0,0,0,0,1,0,0,0
12425.39,22771,4,2,0,1,1,0,0,1,0,0,0,0,1,0,0,0
12549.89,25816,4,2,0,1,1,0,0,1,0,0,0,0,1,0,0,0
12274.96,19612,4,2,1,1,1,0,0,1,0,0,0,0,1,0,0,0
13446.21,17741,4,2,0,1,1,0,0,1,0,0,0,0,1,0,0,0
12319.7,24568,4,2,1,1,1,0,0,1,0,0,0,0,1,0,0,0
12234.89,30297,4,2,1,1,1,0,0,1,0,0,0,0,1,0,0,0
12684.99,29891,4,2,1,1,1,0,0,1,0,0,0,0,1,0,0,0
12553.07,32844,4,2,1,1,1,0,0,1,0,0,0,0,1,0,0,0
14185.02,20374,4,2,0,1,1,0,0,1,0,0,0,0,1,0,0,0
13019.07,27942,4,2,1,1,1,0,0,1,0,0,0,0,1,0,0,0
15747.8,6048,4,2,0,1,1,0,0,1,0,0,0,0,1,0,0,0
13699.04,25845,4,2,1,1,1,0,0,1,0,0,0,0,1,0,0,0
13530.07,27249,4,2,1,1,1,0,0,1,0,0,0,0,1,0,0,0
19177.41,10414,6,2,1,1,0,0,0,1,0,0,0,0,1,0,0,0
16357.99,23491,6,2,1,1,0,0,0,1,0,0,0,0,1,0,0,0
15797.2,26700,6,2,1,1,0,0,0,1,0,0,0,0,1,0,0,0
17515.4,18602,6,2,1,0,0,0,0,1,0,0,0,0,1,0,0,0
18040.14,11647,6,2,1,0,1,0,0,1,0,0,0,0,1,0,0,0
16345.94,25931,6,2,1,1,0,0,0,1,0,0,0,0,1,0,0,0
18800.09,5827,6,2,1,0,0,0,0,1,0,0,0,0,1,0,0,0
10386.04,22225,4,4,0,0,0,0,0,1,0,0,0,0,0,1,0,0
11017.17,20100,4,4,0,1,0,0,0,1,0,0,0,0,0,1,0,0
12163.82,12101,4,4,0,0,1,0,0,1,0,0,0,0,0,1,0,0
11096.86,20334,4,4,1,0,0,0,0,1,0,0,0,0,0,1,0,0
10777.05,27906,4,4,0,0,0,0,0,1,0,0,0,0,0,1,0,0
12146.19,10011,4,4,0,0,1,0,0,1,0,0,0,0,0,1,0,0
11472.02,19699,4,4,0,0,1,0,0,1,0,0,0,0,0,1,0,0
16825.19,23460,6,4,0,1,1,0,0,1,0,0,0,0,0,1,0,0
14914.2,33906,6,4,0,1,1,0,0,1,0,0,0,0,0,1,0,0
17801.23,19386,6,4,1,1,1,0,0,1,0,0,0,0,0,1,0,0
16543.98,24583,6,4,0,1,1,0,0,1,0,0,0,0,0,1,0,0
16744.03,21829,6,4,0,1,1,0,0,1,0,0,0,0,0,1,0,0
16143.96,26532,6,4,1,1,1,0,0,1,0,0,0,0,0,1,0,0
17891.63,17020,6,4,0,1,1,0,0,1,0,0,0,0,0,1,0,0
12409.95,11981,4,4,1,1,1,0,0,1,0,0,0,0,0,0,1,0
12314.59,4142,4,4,0,1,0,0,0,1,0,0,0,0,0,0,1,0
12649.11,3629,4,4,0,1,0,0,0,1,0,0,0,0,0,0,1,0
10491.08,30948,4,4,0,1,0,0,0,1,0,0,0,0,0,0,1,0
11318.01,11156,4,4,0,1,1,0,0,1,0,0,0,0,0,0,1,0
11700.11,15253,4,4,1,0,0,0,0,1,0,0,0,0,0,0,1,0
11215.02,19945,4,4,0,0,0,0,0,1,0,0,0,0,0,0,1,0
14894.98,2464,4,4,0,1,1,0,0,1,0,0,0,0,0,0,1,0
13167.7,14630,4,4,0,1,1,0,0,1,0,0,0,0,0,0,1,0
13230.92,25862,4,4,0,1,1,0,0,1,0,0,0,0,0,0,1,0
12573.9,25048,4,4,1,1,1,0,0,1,0,0,0,0,0,0,1,0
11328.96,39946,4,4,1,1,1,0,0,1,0,0,0,0,0,0,1,0
12383.4,25069,4,4,1,1,1,0,0,1,0,0,0,0,0,0,1,0
14678.11,11488,4,4,1,1,1,0,0,1,0,0,0,0,0,0,1,0
13545.03,27431,4,4,0,1,1,0,0,1,0,0,0,0,0,0,1,0
14304.74,21128,4,4,0,1,1,0,0,1,0,0,0,0,0,0,1,0
14847.04,12980,4,4,0,1,1,0,0,1,0,0,0,0,0,0,1,0
14593.85,18790,4,4,0,1,1,0,0,1,0,0,0,0,0,0,1,0
13744.85,23748,4,4,0,1,1,0,0,1,0,0,0,0,0,0,1,0
13688.95,21611,4,4,1,1,1,0,0,1,0,0,0,0,0,0,1,0
12741.19,34815,4,4,0,1,1,0,0,1,0,0,0,0,0,0,1,0
19075.68,18198,6,4,1,0,1,0,0,1,0,0,0,0,0,0,1,0
17839.8,25453,6,4,1,0,1,0,0,1,0,0,0,0,0,0,1,0
21757.05,1853,6,4,1,0,0,0,0,1,0,0,0,0,0,0,1,0
17789.35,26980,6,4,1,1,0,0,0,1,0,0,0,0,0,0,1,0
18527.21,19874,6,4,1,1,0,0,0,1,0,0,0,0,0,0,1,0
17294.18,29368,6,4,1,1,0,0,0,1,0,0,0,0,0,0,1,0
18912.98,21512,6,4,1,1,0,0,0,1,0,0,0,0,0,0,1,0
16472.9,21675,6,4,1,1,1,0,0,1,0,0,0,0,0,0,1,0
16300.47,25697,6,4,1,1,1,0,0,1,0,0,0,0,0,0,1,0
15138.4,32462,6,4,0,1,1,0,0,1,0,0,0,0,0,0,1,0
17158.92,21417,6,4,0,1,1,0,0,1,0,0,0,0,0,0,1,0
15623.2,27476,6,4,0,1,1,0,0,1,0,0,0,0,0,0,1,0
19164.61,1480,6,4,1,1,1,0,0,1,0,0,0,0,0,0,1,0
16993.78,23621,6,4,0,1,1,0,0,1,0,0,0,0,0,0,1,0
12230.1,28408,4,2,0,1,1,0,0,1,0,0,0,0,1,0,0,0
12507.49,19715,4,2,1,1,1,0,0,1,0,0,0,0,1,0,0,0
13141.05,19898,4,2,1,1,1,0,0,1,0,0,0,0,1,0,0,0
15053.93,4652,4,2,1,1,1,0,0,1,0,0,0,0,1,0,0,0
13594.09,20682,4,2,1,1,1,0,0,1,0,0,0,0,1,0,0,0
13464.8,14231,4,2,1,1,1,0,0,1,0,0,0,0,1,0,0,0
14642.32,6224,4,2,0,1,1,0,0,1,0,0,0,0,1,0,0,0
14255.75,16958,4,4,0,1,1,0,0,1,0,0,0,0,0,0,1,0
13308.83,20043,4,4,0,1,1,0,0,1,0,0,0,0,0,0,1,0
14145.88,20512,4,4,1,1,1,0,0,1,0,0,0,0,0,0,1,0
12944.94,21684,4,4,0,1,1,0,0,1,0,0,0,0,0,0,1,0
12846.06,27560,4,4,1,1,1,0,0,1,0,0,0,0,0,0,1,0
14266.91,8615,4,4,0,1,1,0,0,1,0,0,0,0,0,0,1,0
13688,18766,4,4,1,1,1,0,0,1,0,0,0,0,0,0,1,0
20017.97,22729,6,2,1,0,0,0,0,1,0,0,0,0,1,0,0,0
20839.15,22152,6,2,1,1,1,0,0,1,0,0,0,0,1,0,0,0
17586.93,39049,6,2,1,0,1,0,0,1,0,0,0,0,1,0,0,0
20676.17,18021,6,2,1,0,1,0,0,1,0,0,0,0,1,0,0,0
22384.12,14788,6,2,1,1,1,0,0,1,0,0,0,0,1,0,0,0
21745.03,7065,6,2,1,1,0,0,0,1,0,0,0,0,1,0,0,0
11179.95,23121,4,4,0,1,1,0,0,1,0,0,0,0,0,1,0,0
11031.13,20156,4,4,0,1,1,0,0,1,0,0,0,0,0,1,0,0
10921.95,23119,4,4,0,1,1,0,0,1,0,0,0,0,0,1,0,0
11343.05,20186,4,4,1,1,1,0,0,1,0,0,0,0,0,1,0,0
11013.87,25746,4,4,1,1,1,0,0,1,0,0,0,0,0,1,0,0
11070.06,25476,4,4,0,1,1,0,0,1,0,0,0,0,0,1,0,0
11391.21,21421,4,4,0,1,1,0,0,1,0,0,0,0,0,1,0,0
18273.01,16335,6,4,0,1,1,0,0,1,0,0,0,0,0,1,0,0
19471.97,6608,6,4,1,1,1,0,0,1,0,0,0,0,0,1,0,0
17663.22,19490,6,4,1,1,1,0,0,1,0,0,0,0,0,1,0,0
18009.85,15190,6,4,0,1,1,0,0,1,0,0,0,0,0,1,0,0
16988.3,24905,6,4,1,1,1,0,0,1,0,0,0,0,0,1,0,0
17553.75,18451,6,4,0,1,1,0,0,1,0,0,0,0,0,1,0,0
18311.76,17441,6,4,0,1,1,0,0,1,0,0,0,0,0,1,0,0
11918.46,7278,4,4,0,0,0,0,0,1,0,0,0,0,0,0,1,0
9919.05,34621,4,4,0,1,0,0,0,1,0,0,0,0,0,0,1,0
10805.13,21013,4,4,1,1,1,0,0,1,0,0,0,0,0,0,1,0
11302.9,14627,4,4,0,1,0,0,0,1,0,0,0,0,0,0,1,0
10770.11,25065,4,4,0,1,0,0,0,1,0,0,0,0,0,0,1,0
10872.01,25869,4,4,0,0,0,0,0,1,0,0,0,0,0,0,1,0
12408.81,10213,4,4,0,0,1,0,0,1,0,0,0,0,0,0,1,0
14401.91,21527,4,4,0,1,1,0,0,1,0,0,0,0,0,0,1,0
15163.17,17158,4,4,1,1,1,0,0,1,0,0,0,0,0,0,1,0
14508.75,18910,4,4,0,1,1,0,0,1,0,0,0,0,0,0,1,0
16116.84,865,4,4,1,1,1,0,0,1,0,0,0,0,0,0,1,0
14897.04,18210,4,4,1,1,1,0,0,1,0,0,0,0,0,0,1,0
15084.82,14824,4,4,1,1,1,0,0,1,0,0,0,0,0,0,1,0
14418.17,19818,4,4,0,1,1,0,0,1,0,0,0,0,0,0,1,0
16403.25,23133,6,4,1,1,1,0,0,1,0,0,0,0,0,0,1,0
17316.1,19593,6,4,1,1,1,0,0,1,0,0,0,0,0,0,1,0
17119.46,18277,6,4,1,1,1,0,0,1,0,0,0,0,0,0,1,0
16860.87,19883,6,4,1,1,1,0,0,1,0,0,0,0,0,0,1,0
16536.74,24218,6,4,1,1,1,0,0,1,0,0,0,0,0,0,1,0
19446.88,932,6,4,0,1,1,0,0,1,0,0,0,0,0,0,1,0
16295.21,28239,6,4,0,1,1,0,0,1,0,0,0,0,0,0,1,0
16860.09,22841,6,4,1,1,1,0,0,1,0,0,0,0,0,1,0,0
18324.83,7397,6,4,1,1,1,0,0,1,0,0,0,0,0,1,0,0
18974.92,5632,6,4,0,1,1,0,0,1,0,0,0,0,0,1,0,0
16027.29,22889,6,4,0,1,1,0,0,1,0,0,0,0,0,1,0,0
16267.09,21452,6,4,0,1,1,0,0,1,0,0,0,0,0,1,0,0
19581.23,7645,6,4,0,1,1,0,0,1,0,0,0,0,0,1,0,0
18169.38,14754,6,4,0,1,1,0,0,1,0,0,0,0,0,1,0,0
14881.96,14376,4,2,0,0,0,0,0,0,0,0,1,0,1,0,0,0
13719.24,23645,4,2,0,0,0,0,0,0,0,0,1,0,1,0,0,0
14077.97,26788,4,2,0,0,1,0,0,0,0,0,1,0,1,0,0,0
14411.86,26986,4,2,1,0,1,0,0,0,0,0,1,0,1,0,0,0
13991.04,21020,4,2,0,1,0,0,0,0,0,0,1,0,1,0,0,0
15033.15,19455,4,2,0,0,1,0,0,0,0,0,1,0,1,0,0,0
14771,22255,4,2,1,0,1,0,0,0,0,0,1,0,1,0,0,0
13518.24,25981,4,2,1,1,0,0,0,0,0,0,1,0,1,0,0,0
13825.15,26034,4,2,0,0,1,0,0,0,0,0,1,0,1,0,0,0
16256.24,10555,4,2,0,0,1,0,0,0,0,0,1,0,1,0,0,0
13869.15,24349,4,2,1,1,0,0,0,0,0,0,1,0,1,0,0,0
16916.87,2879,4,2,1,0,1,0,0,0,0,0,1,0,1,0,0,0
13811.16,26236,4,2,0,1,1,0,0,0,0,0,1,0,1,0,0,0
11539.05,38958,4,2,0,0,0,0,0,0,0,0,1,0,1,0,0,0
18566.07,24747,6,4,1,1,1,0,0,0,1,0,0,0,0,0,1,0
18856.02,22423,6,4,1,1,0,0,0,0,1,0,0,0,0,0,1,0
19682.04,11554,6,4,1,0,1,0,0,0,1,0,0,0,0,0,1,0
20318.89,17583,6,4,1,1,0,0,0,0,1,0,0,0,0,0,1,0
17844.73,21121,6,4,1,1,0,0,0,0,1,0,0,0,0,0,1,0
18678.41,16496,6,4,1,1,0,0,0,0,1,0,0,0,0,0,1,0
17768.06,28385,6,4,1,1,1,0,0,0,1,0,0,0,0,0,1,0
13961.11,19602,4,4,0,1,1,0,0,0,1,0,0,0,0,0,1,0
15077.18,13262,4,4,0,1,1,0,0,0,1,0,0,0,0,0,1,0
13034.07,23976,4,4,0,1,1,0,0,0,1,0,0,0,0,0,1,0
15604.15,5788,4,4,1,1,1,0,0,0,1,0,0,0,0,0,1,0
15979.01,3946,4,4,1,1,1,0,0,0,1,0,0,0,0,0,1,0
14841.92,12420,4,4,0,1,1,0,0,0,1,0,0,0,0,0,1,0
16379.85,4188,4,4,1,1,1,0,0,0,1,0,0,0,0,0,1,0
15709.05,22236,6,4,1,1,0,1,0,0,0,0,0,0,0,0,1,0
15048.04,22964,6,4,1,1,0,1,0,0,0,0,0,0,0,0,1,0
15295.02,27325,6,4,1,1,1,1,0,0,0,0,0,0,0,0,1,0
16339.17,19832,6,4,1,0,1,1,0,0,0,0,0,0,0,0,1,0
17542.04,9135,6,4,1,1,0,1,0,0,0,0,0,0,0,0,1,0
16218.85,13196,6,4,1,1,0,1,0,0,0,0,0,0,0,0,1,0
17314.1,8221,6,4,1,1,1,1,0,0,0,0,0,0,0,0,1,0
21831.82,25564,6,4,1,1,1,1,0,0,0,0,0,0,0,0,1,0
23420.71,18910,6,4,1,0,1,1,0,0,0,0,0,0,0,0,1,0
25098.63,10014,6,4,1,1,0,1,0,0,0,0,0,0,0,0,1,0
23077.57,23798,6,4,1,0,1,1,0,0,0,0,0,0,0,0,1,0
22435.2,22287,6,4,1,1,1,1,0,0,0,0,0,0,0,0,1,0
25589.98,2308,6,4,1,1,0,1,0,0,0,0,0,0,0,0,1,0
46747.67,15343,8,4,1,1,1,0,1,0,0,0,0,0,0,0,1,0
51154.05,2202,8,4,1,1,1,0,1,0,0,0,0,0,0,0,1,0
42677.6,24052,8,4,1,0,1,0,1,0,0,0,0,0,0,0,1,0
43892.47,23371,8,4,1,0,1,0,1,0,0,0,0,0,0,0,1,0
44300.64,23751,8,4,1,0,1,0,1,0,0,0,0,0,0,0,1,0
40619.07,30082,8,4,1,1,1,0,1,0,0,0,0,0,0,0,1,0
44084.91,21367,8,4,1,1,1,0,1,0,0,0,0,0,0,0,1,0
30792.15,17870,6,4,1,1,1,0,1,0,0,0,0,0,0,0,1,0
29275.21,21056,6,4,1,1,1,0,1,0,0,0,0,0,0,0,1,0
30392.75,18449,6,4,1,1,1,0,1,0,0,0,0,0,0,0,1,0
30957.08,10625,6,4,1,1,1,0,1,0,0,0,0,0,0,0,1,0
30781.52,14937,6,4,1,1,1,0,1,0,0,0,0,0,0,0,1,0
33417.97,6598,6,4,1,1,1,0,1,0,0,0,0,0,0,0,1,0
28040.13,27484,6,4,1,1,1,0,1,0,0,0,0,0,0,0,1,0
31181.72,26222,8,4,1,0,1,0,1,0,0,0,0,0,0,0,1,0
33220.03,18661,8,4,1,0,1,0,1,0,0,0,0,0,0,0,1,0
32501.25,17508,8,4,1,0,1,0,1,0,0,0,0,0,0,0,1,0
32509.48,20910,8,4,1,0,1,0,1,0,0,0,0,0,0,0,1,0
31059.18,27544,8,4,1,1,1,0,1,0,0,0,0,0,0,0,1,0
31132.21,23124,8,4,1,1,1,0,1,0,0,0,0,0,0,0,1,0
35715.77,6447,8,4,1,0,1,0,1,0,0,0,0,0,0,0,1,0
36633.63,22042,6,4,1,1,1,0,1,0,0,0,0,0,0,0,1,0
38297.46,16754,6,4,1,0,1,0,1,0,0,0,0,0,0,0,1,0
42741.52,2846,6,4,1,0,1,0,1,0,0,0,0,0,0,0,1,0
40966.61,7476,6,4,1,1,1,0,1,0,0,0,0,0,0,0,1,0
32038.34,35326,6,4,1,1,1,0,1,0,0,0,0,0,0,0,1,0
37192.9,19100,6,4,1,0,1,0,1,0,0,0,0,0,0,0,1,0
34974.38,25796,6,4,1,1,1,0,1,0,0,0,0,0,0,0,1,0
44205.88,15104,8,4,1,0,1,0,1,0,0,0,0,0,0,0,1,0
42377.96,18581,8,4,1,0,1,0,1,0,0,0,0,0,0,0,1,0
48310.33,788,8,4,1,0,1,0,1,0,0,0,0,0,0,0,1,0
41516.43,23861,8,4,1,1,1,0,1,0,0,0,0,0,0,0,1,0
41671.58,20575,8,4,1,0,1,0,1,0,0,0,0,0,0,0,1,0
41053.48,25717,8,4,1,1,1,0,1,0,0,0,0,0,0,0,1,0
38208.5,31303,8,4,1,1,1,0,1,0,0,0,0,0,0,0,1,0
13072.84,14311,4,4,0,1,1,0,0,1,0,0,0,0,0,0,1,0
11539.05,24163,4,4,0,1,1,0,0,1,0,0,0,0,0,0,1,0
11699.03,19816,4,4,1,1,1,0,0,1,0,0,0,0,0,0,1,0
11574.17,21525,4,4,0,1,1,0,0,1,0,0,0,0,0,0,1,0
12243.06,25014,4,4,1,1,1,0,0,1,0,0,0,0,0,0,1,0
11671.86,25727,4,4,1,1,1,0,0,1,0,0,0,0,0,0,1,0
14061.12,4922,4,4,0,1,1,0,0,1,0,0,0,0,0,0,1,0
15553.21,7695,4,4,0,1,1,0,0,1,0,0,0,0,0,0,1,0
11581.91,36566,4,4,0,1,1,0,0,1,0,0,0,0,0,0,1,0
13161.94,21145,4,4,1,1,1,0,0,1,0,0,0,0,0,0,1,0
14077.97,17445,4,4,0,1,1,0,0,1,0,0,0,0,0,0,1,0
15047,12305,4,4,1,1,1,0,0,1,0,0,0,0,0,0,1,0
12981.95,20309,4,4,1,1,1,0,0,1,0,0,0,0,0,0,1,0
14220.01,23069,4,4,1,1,1,0,0,1,0,0,0,0,0,0,1,0
13159.82,22740,4,4,1,1,1,0,0,1,0,0,0,0,0,0,1,0
12678.85,28683,4,4,0,1,1,0,0,1,0,0,0,0,0,0,1,0
13994.91,17270,4,4,0,1,1,0,0,1,0,0,0,0,0,0,1,0
14194.82,9561,4,4,0,1,1,0,0,1,0,0,0,0,0,0,1,0
14696.03,6709,4,4,1,1,1,0,0,1,0,0,0,0,0,0,1,0
14582.77,7115,4,4,1,1,1,0,0,1,0,0,0,0,0,0,1,0
12495.97,26204,4,4,0,1,1,0,0,1,0,0,0,0,0,0,1,0
20021.2,1787,6,4,1,0,0,0,0,1,0,0,0,0,0,0,1,0
15554.28,33357,6,4,1,1,1,0,0,1,0,0,0,0,0,0,1,0
16644.09,22383,6,4,1,1,1,0,0,1,0,0,0,0,0,0,1,0
18835.19,8211,6,4,1,0,1,0,0,1,0,0,0,0,0,0,1,0
17154.58,21567,6,4,1,0,1,0,0,1,0,0,0,0,0,0,1,0
15951.81,26070,6,4,1,1,1,0,0,1,0,0,0,0,0,0,1,0
16508.59,27460,6,4,1,1,1,0,0,1,0,0,0,0,0,0,1,0
16646.77,20154,6,4,0,1,1,0,0,1,0,0,0,0,0,0,1,0
17218.69,14579,6,4,1,1,1,0,0,1,0,0,0,0,0,0,1,0
17089.92,8732,6,4,0,1,1,0,0,1,0,0,0,0,0,0,1,0
17463.05,11393,6,4,1,1,1,0,0,1,0,0,0,0,0,0,1,0
15680.86,25956,6,4,0,1,1,0,0,1,0,0,0,0,0,0,1,0
16752.51,18562,6,4,1,1,1,0,0,1,0,0,0,0,0,0,1,0
15664.62,25787,6,4,1,1,1,0,0,1,0,0,0,0,0,0,1,0
18620.87,25516,6,4,1,0,1,0,0,0,1,0,0,0,0,0,1,0
20452.67,10338,6,4,1,0,0,0,0,0,1,0,0,0,0,0,1,0
20677.59,11204,6,4,1,1,0,0,0,0,1,0,0,0,0,0,1,0
21383.07,7287,6,4,1,1,1,0,0,0,1,0,0,0,0,0,1,0
19294.79,19539,6,4,1,0,0,0,0,0,1,0,0,0,0,0,1,0
18042.22,21702,6,4,1,0,0,0,0,0,1,0,0,0,0,0,1,0
16216.98,35624,6,4,1,1,0,0,0,0,1,0,0,0,0,0,1,0
15724.25,23989,6,4,1,0,0,0,0,0,1,0,0,0,0,0,1,0
19822.12,1592,6,4,1,1,0,0,0,0,1,0,0,0,0,0,1,0
15756.15,29325,6,4,1,1,0,0,0,0,1,0,0,0,0,0,1,0
15979.01,21974,6,4,1,0,0,0,0,0,1,0,0,0,0,0,1,0
16256.24,22637,6,4,1,0,0,0,0,0,1,0,0,0,0,0,1,0
16041.69,27800,6,4,1,1,0,0,0,0,1,0,0,0,0,0,1,0
19567.26,2189,6,4,1,1,1,0,0,0,1,0,0,0,0,0,1,0
15110.19,2392,4,4,1,1,0,0,0,0,0,0,1,0,0,0,1,0
12036.22,19853,4,4,0,1,1,0,0,0,0,0,1,0,0,0,1,0
12099.01,22758,4,4,1,1,0,0,0,0,0,0,1,0,0,0,1,0
12284.29,24740,4,4,1,1,0,0,0,0,0,0,1,0,0,0,1,0
14203,11836,4,4,0,0,0,0,0,0,0,0,1,0,0,0,1,0
14116.92,12878,4,4,1,0,0,0,0,0,0,0,1,0,0,0,1,0
12791.75,16163,4,4,0,0,1,0,0,0,0,0,1,0,0,0,1,0
14739.07,1737,4,4,0,0,1,0,0,0,0,0,1,0,0,0,1,0
12965.22,29707,4,4,0,1,1,0,0,0,0,0,1,0,0,0,1,0
12412.52,24664,4,4,0,1,1,0,0,0,0,0,1,0,0,0,1,0
10563.07,32458,4,4,0,0,0,0,0,0,0,0,1,0,0,0,1,0
12333.6,21877,4,4,0,0,0,0,0,0,0,0,1,0,0,0,1,0
12119.09,22826,4,4,0,0,1,0,0,0,0,0,1,0,0,0,1,0
11521.53,34998,4,4,0,1,1,0,0,0,0,0,1,0,0,0,1,0
12105.98,28298,4,4,0,1,0,0,0,0,0,0,1,0,0,0,1,0
12162.14,21770,4,4,0,1,0,0,0,0,0,0,1,0,0,0,1,0
13122.91,19101,4,4,0,1,1,0,0,0,0,0,1,0,0,0,1,0
13494.29,19500,4,4,1,0,1,0,0,0,0,0,1,0,0,0,1,0
13174.07,13318,4,4,0,0,1,0,0,0,0,0,1,0,0,0,1,0
13216.91,24069,4,4,0,1,0,0,0,0,0,0,1,0,0,0,1,0
12594.18,26328,4,4,0,0,1,0,0,0,0,0,1,0,0,0,1,0
11679.92,23388,4,4,0,0,0,0,0,0,0,0,1,0,0,0,1,0
20830.99,19419,6,4,1,1,0,0,0,0,1,0,0,0,0,0,1,0
21607.77,11069,6,4,1,0,1,0,0,0,1,0,0,0,0,0,1,0
22004.93,15516,6,4,1,1,1,0,0,0,1,0,0,0,0,0,1,0
19116.13,26252,6,4,1,0,1,0,0,0,1,0,0,0,0,0,1,0
23197.44,2295,6,4,1,1,1,0,0,0,1,0,0,0,0,0,1,0
20109.9,22891,6,4,1,1,1,0,0,0,1,0,0,0,0,0,1,0
23102.02,5653,6,4,1,0,0,0,0,0,1,0,0,0,0,0,1,0
26781.81,12052,6,4,1,1,0,1,0,0,0,0,0,0,0,0,1,0
21536.74,37128,6,4,1,1,1,1,0,0,0,0,0,0,0,0,1,0
26190.27,17335,6,4,1,0,1,1,0,0,0,0,0,0,0,0,1,0
26060.34,9795,6,4,1,1,0,1,0,0,0,0,0,0,0,0,1,0
23159.54,25869,6,4,1,0,0,1,0,0,0,0,0,0,0,0,1,0
26302.07,13050,6,4,1,1,0,1,0,0,0,0,0,0,0,0,1,0
23348.02,24027,6,4,1,0,1,1,0,0,0,0,0,0,0,0,1,0
16706.67,9150,4,4,0,0,0,0,0,0,1,0,0,0,0,0,0,1
16927.78,2973,4,4,0,0,0,0,0,0,1,0,0,0,0,0,0,1
14909.05,23323,4,4,0,1,1,0,0,0,1,0,0,0,0,0,0,1
16379.1,8754,4,4,0,1,0,0,0,0,1,0,0,0,0,0,0,1
15622.12,23217,4,4,1,1,1,0,0,0,1,0,0,0,0,0,0,1
17418.07,4463,4,4,1,0,1,0,0,0,1,0,0,0,0,0,0,1
15821.95,14304,4,4,0,0,1,0,0,0,1,0,0,0,0,0,0,1
23573.82,12466,6,2,1,1,0,0,0,1,0,0,0,0,1,0,0,0
21020.84,25550,6,2,1,1,1,0,0,1,0,0,0,0,1,0,0,0
23527.73,14948,6,2,1,1,0,0,0,1,0,0,0,0,1,0,0,0
20047.95,24665,6,2,1,1,0,0,0,1,0,0,0,0,1,0,0,0
22470.36,22626,6,2,1,1,0,0,0,1,0,0,0,0,1,0,0,0
20619.11,24067,6,2,1,0,0,0,0,1,0,0,0,0,1,0,0,0
21525.34,25020,6,2,1,1,1,0,0,1,0,0,0,0,1,0,0,0
27714.05,5379,6,4,1,1,0,0,0,1,0,0,0,0,0,0,1,0
25948.96,636,6,4,1,0,0,0,0,1,0,0,0,0,0,0,1,0
22064.29,27384,6,4,1,1,1,0,0,1,0,0,0,0,0,0,1,0
23151.55,27940,6,4,1,0,0,0,0,1,0,0,0,0,0,0,1,0
20294.58,33892,6,4,1,0,0,0,0,1,0,0,0,0,0,0,1,0
22894.44,26272,6,4,1,1,1,0,0,1,0,0,0,0,0,0,1,0
24809.04,16111,6,4,1,0,0,0,0,1,0,0,0,0,0,0,1,0
10354.04,14521,4,4,0,1,0,0,0,1,0,0,0,0,0,1,0,0
10287.98,16521,4,4,1,1,1,0,0,1,0,0,0,0,0,1,0,0
10897.08,6699,4,4,0,1,1,0,0,1,0,0,0,0,0,1,0,0
9789.04,22986,4,4,0,1,1,0,0,1,0,0,0,0,0,1,0,0
10106.02,14200,4,4,1,0,0,0,0,1,0,0,0,0,0,1,0,0
9506.05,22169,4,4,0,0,1,0,0,1,0,0,0,0,0,1,0,0
9220.83,29992,4,4,1,0,1,0,0,1,0,0,0,0,0,1,0,0
8769,35299,4,4,0,0,0,0,0,1,0,0,0,0,0,0,1,0
8870.95,32914,4,4,1,1,0,0,0,1,0,0,0,0,0,0,1,0
10315.02,14438,4,4,0,0,1,0,0,1,0,0,0,0,0,0,1,0
9654.06,19183,4,4,0,0,0,0,0,1,0,0,0,0,0,0,1,0
9041.91,26191,4,4,0,0,1,0,0,1,0,0,0,0,0,0,1,0
10971.1,7091,4,4,1,0,0,0,0,1,0,0,0,0,0,0,1,0
8638.93,25216,4,4,0,0,0,0,0,1,0,0,0,0,0,0,1,0
29612.15,32477,4,2,1,1,1,0,0,0,0,1,0,1,0,0,0,0
33586.91,18930,4,2,1,0,1,0,0,0,0,1,0,1,0,0,0,0
37088.56,3828,4,2,1,1,1,0,0,0,0,1,0,1,0,0,0,0
24405.07,31344,4,4,1,1,1,0,0,0,0,1,0,0,0,0,1,0
27703.2,24738,4,4,1,1,1,0,0,0,0,1,0,0,0,0,1,0
25618.28,20208,4,4,1,0,1,0,0,0,0,1,0,0,0,0,1,0
23733.4,27600,4,4,1,1,0,0,0,0,0,1,0,0,0,0,1,0
28204.6,22021,4,4,1,1,1,0,0,0,0,1,0,0,0,0,1,0
27284.75,14281,4,4,1,1,1,0,0,0,0,1,0,0,0,0,1,0
30959.93,17673,4,4,1,1,1,0,0,0,0,1,0,0,0,0,0,1
28328.27,20685,4,4,1,0,1,0,0,0,0,1,0,0,0,0,0,1
26012.37,34269,4,4,1,1,1,0,0,0,0,1,0,0,0,0,0,1
33984.43,25420,4,2,1,0,0,0,0,0,0,1,0,1,0,0,0,0
38167.17,13162,4,2,1,0,1,0,0,0,0,1,0,1,0,0,0,0
36338.75,18195,4,2,1,1,0,0,0,0,0,1,0,1,0,0,0,0
25267.37,34175,4,4,1,1,0,0,0,0,0,1,0,0,0,0,1,0
32053.1,5144,4,4,1,1,0,0,0,0,0,1,0,0,0,0,1,0
26789.83,22189,4,4,1,0,0,0,0,0,0,1,0,0,0,0,1,0
30271.92,23426,4,4,1,1,1,0,0,0,0,1,0,0,0,0,0,1
26955.04,31773,4,4,1,0,1,0,0,0,0,1,0,0,0,0,0,1
32649.76,16975,4,4,1,1,1,0,0,0,0,1,0,0,0,0,0,1
16106.83,19465,4,4,1,0,0,0,0,0,1,0,0,0,0,0,0,1
15174.35,27887,4,4,0,0,0,0,0,0,1,0,0,0,0,0,0,1
16033.93,18391,4,4,0,1,1,0,0,0,1,0,0,0,0,0,0,1
38824.87,25960,8,2,1,0,1,0,0,1,0,0,0,1,0,0,0,0
44749.69,12115,8,2,1,0,1,0,0,1,0,0,0,1,0,0,0,0
39691.73,25169,8,2,1,1,1,0,0,1,0,0,0,1,0,0,0,0
13135.91,21796,4,2,1,1,1,0,0,1,0,0,0,0,1,0,0,0
12045.92,19136,4,2,0,1,1,0,0,1,0,0,0,0,1,0,0,0
39092.19,10717,8,2,1,1,1,0,0,1,0,0,0,0,1,0,0,0
34739.21,25747,8,2,1,0,1,0,0,1,0,0,0,0,1,0,0,0
35575.42,22740,8,2,1,0,1,0,0,1,0,0,0,0,1,0,0,0
13106.9,21910,4,2,0,1,1,0,0,1,0,0,0,0,1,0,0,0
12487.05,28492,4,2,0,1,1,0,0,1,0,0,0,0,1,0,0,0
11539.85,22405,4,2,0,1,1,0,0,1,0,0,0,0,1,0,0,0
12469.53,19712,4,2,0,1,1,0,0,1,0,0,0,0,1,0,0,0
27425.84,23886,8,2,1,0,1,0,0,0,1,0,0,0,1,0,0,0
25527.01,36480,8,2,1,1,1,0,0,0,1,0,0,0,1,0,0,0
12830.1,17830,4,2,1,1,1,0,0,0,1,0,0,0,1,0,0,0
12209.56,26097,4,2,0,1,1,0,0,0,1,0,0,0,1,0,0,0
32422.76,9185,8,2,1,1,1,0,0,0,1,0,0,0,1,0,0,0
12878.05,19225,4,2,1,1,1,0,0,0,1,0,0,0,1,0,0,0
19027.86,21797,6,4,1,0,1,1,0,0,0,0,0,0,0,0,1,0
17944.86,19592,6,4,1,0,0,1,0,0,0,0,0,0,0,0,1,0
17645.75,27830,6,4,1,1,1,1,0,0,0,0,0,0,0,0,1,0
21335.85,10237,6,4,1,0,0,1,0,0,0,0,0,0,0,0,1,0
17968.84,34665,6,4,1,1,1,1,0,0,0,0,0,0,0,0,1,0
19105.13,24008,6,4,1,0,0,1,0,0,0,0,0,0,0,0,1,0
21460.01,19467,6,4,1,0,1,1,0,0,0,0,0,0,0,0,1,0
21273.06,18908,6,4,1,0,0,1,0,0,0,0,0,0,0,0,1,0
20406.1,22596,6,4,1,0,0,1,0,0,0,0,0,0,0,0,1,0
22230.03,22102,6,4,1,0,1,1,0,0,0,0,0,0,0,0,1,0
20902.1,29649,6,4,1,1,1,1,0,0,0,0,0,0,0,0,1,0
22625.07,23612,6,4,1,0,1,1,0,0,0,0,0,0,0,0,1,0
35866.58,24415,8,4,1,1,1,0,1,0,0,0,0,0,0,0,1,0
38445.9,18661,8,4,1,0,1,0,1,0,0,0,0,0,0,0,1,0
34685.66,25421,8,4,1,0,1,0,1,0,0,0,0,0,0,0,1,0
42820.33,5499,8,4,1,0,1,0,1,0,0,0,0,0,0,0,1,0
36332.89,25153,8,4,1,0,1,0,1,0,0,0,0,0,0,0,1,0
41419.04,14452,8,4,1,0,1,0,1,0,0,0,0,0,0,0,1,0
15595.88,18315,6,2,0,1,1,0,0,0,1,0,0,0,1,0,0,0
17360.81,881,6,2,0,1,1,0,0,0,1,0,0,0,1,0,0,0
15594.81,22414,6,2,0,1,1,0,0,0,1,0,0,0,1,0,0,0
17095.04,18720,6,4,1,0,0,0,0,0,1,0,0,0,0,0,1,0
14963.05,31471,6,4,1,1,0,0,0,0,1,0,0,0,0,0,1,0
16997.69,25830,6,4,1,0,1,0,0,0,1,0,0,0,0,0,1,0
22104.97,9049,6,4,1,1,1,0,0,0,1,0,0,0,0,0,1,0
22736.83,5690,6,4,1,1,1,0,0,0,1,0,0,0,0,0,1,0
22311.05,11221,6,4,1,1,1,0,0,0,1,0,0,0,0,0,1,0
15086.9,27438,4,4,0,0,1,0,0,0,1,0,0,0,0,0,0,1
15589.78,21307,4,4,0,0,0,0,0,0,1,0,0,0,0,0,0,1
17803.28,12303,4,4,1,1,1,0,0,0,1,0,0,0,0,0,0,1
21300.02,12772,6,4,1,1,0,0,0,0,1,0,0,0,0,0,1,0
19423.17,25557,6,4,1,0,1,0,0,0,1,0,0,0,0,0,1,0
19956.76,26028,6,4,1,1,0,0,0,0,1,0,0,0,0,0,1,0
25452.47,11892,8,4,1,0,1,0,0,0,1,0,0,0,0,0,1,0
21765.07,25794,8,4,1,0,1,0,0,0,1,0,0,0,0,0,1,0
21982.65,20472,8,4,1,1,1,0,0,0,1,0,0,0,0,0,1,0
55639.09,31805,8,2,1,0,1,0,1,0,0,0,0,1,0,0,0,0
65281.48,15600,8,2,1,1,1,0,1,0,0,0,0,1,0,0,0,0
57154.44,29260,8,2,1,1,1,0,1,0,0,0,0,1,0,0,0,0
18490.98,7755,6,4,1,1,1,0,0,0,0,0,1,0,0,0,1,0
16175.96,19095,6,4,1,1,0,0,0,0,0,0,1,0,0,0,1,0
18173.98,5826,6,4,1,1,1,0,0,0,0,0,1,0,0,0,1,0
21562.05,23767,6,4,1,0,1,1,0,0,0,0,0,0,0,0,1,0
19641.74,31324,6,4,1,1,1,1,0,0,0,0,0,0,0,0,1,0
21575.46,20137,6,4,1,1,0,1,0,0,0,0,0,0,0,0,1,0
34355,17711,4,2,1,1,0,0,0,0,0,1,0,1,0,0,0,0
33287.41,21661,4,2,1,0,1,0,0,0,0,1,0,1,0,0,0,0
31970.54,21208,4,2,1,1,0,0,0,0,0,1,0,1,0,0,0,0
24896.6,21266,4,4,1,1,0,0,0,0,0,1,0,0,0,0,1,0
24063.01,27674,4,4,1,1,1,0,0,0,0,1,0,0,0,0,1,0
26337.83,16068,4,4,1,0,0,0,0,0,0,1,0,0,0,0,1,0
25845.21,36557,4,4,1,1,1,0,0,0,0,1,0,0,0,0,0,1
30661.26,14278,4,4,1,0,1,0,0,0,0,1,0,0,0,0,0,1
30322.15,16225,4,4,1,1,1,0,0,0,0,1,0,0,0,0,0,1
15635.8,1169,4,2,0,1,1,0,0,1,0,0,0,0,1,0,0,0
17685.2,15898,6,2,1,0,0,0,0,1,0,0,0,0,1,0,0,0
14584.45,1160,4,2,1,1,1,0,0,1,0,0,0,0,1,0,0,0
15503.51,33345,6,2,1,0,0,0,0,1,0,0,0,0,1,0,0,0
13681.7,10210,4,2,1,1,1,0,0,1,0,0,0,0,1,0,0,0
18910.8,8345,6,2,1,0,1,0,0,1,0,0,0,0,1,0,0,0
12327.64,19347,4,2,0,1,1,0,0,1,0,0,0,0,1,0,0,0
14619.08,15768,4,2,1,1,1,0,0,1,0,0,0,0,1,0,0,0
13310.06,26143,4,2,1,1,1,0,0,1,0,0,0,0,1,0,0,0
9928.19,29680,4,4,0,0,1,0,0,1,0,0,0,0,0,1,0,0
11137.05,22484,4,4,0,1,1,0,0,1,0,0,0,0,0,1,0,0
11045.11,24568,4,4,1,0,1,0,0,1,0,0,0,0,0,1,0,0
18950.91,8687,6,4,0,1,1,0,0,1,0,0,0,0,0,1,0,0
16723.99,19740,6,4,1,1,1,0,0,1,0,0,0,0,0,1,0,0
18957.89,5936,6,4,0,1,1,0,0,1,0,0,0,0,0,1,0,0
11555.27,13404,4,4,1,1,0,0,0,1,0,0,0,0,0,0,1,0
18083.4,29420,6,4,1,1,1,0,0,1,0,0,0,0,0,0,1,0
11080.52,36855,4,4,0,1,1,0,0,1,0,0,0,0,0,0,1,0
13471.01,18910,4,4,1,1,1,0,0,1,0,0,0,0,0,0,1,0
14198.09,11322,4,4,1,1,1,0,0,1,0,0,0,0,0,0,1,0
19409.75,18795,6,4,1,1,1,0,0,1,0,0,0,0,0,0,1,0
19528.1,14115,6,4,1,1,0,0,0,1,0,0,0,0,0,0,1,0
15000.99,14504,4,4,0,1,1,0,0,1,0,0,0,0,0,0,1,0
9954.05,37345,4,4,0,1,1,0,0,1,0,0,0,0,0,0,1,0
18800.96,7961,6,4,0,1,1,0,0,1,0,0,0,0,0,0,1,0
15128.99,13828,4,4,1,1,1,0,0,1,0,0,0,0,0,0,1,0
14997.88,8880,4,4,0,1,1,0,0,1,0,0,0,0,0,0,1,0
15233.16,32535,6,4,0,1,1,0,0,1,0,0,0,0,0,0,1,0
17458.22,15144,6,4,1,1,1,0,0,1,0,0,0,0,0,0,1,0
10144.95,23963,4,4,1,1,0,0,0,1,0,0,0,0,0,0,1,0
14397.93,5189,4,2,0,1,1,0,0,1,0,0,0,0,1,0,0,0
12733.86,21386,4,2,1,1,1,0,0,1,0,0,0,0,1,0,0,0
13678.86,17971,4,2,1,1,1,0,0,1,0,0,0,0,1,0,0,0
14275.13,18533,4,4,1,1,1,0,0,1,0,0,0,0,0,0,1,0
14222.31,8427,4,4,0,1,1,0,0,1,0,0,0,0,0,0,1,0
13762.9,18040,4,4,1,1,1,0,0,1,0,0,0,0,0,0,1,0
20537.14,16950,6,2,1,0,0,0,0,1,0,0,0,0,1,0,0,0
21233.91,17337,6,2,1,1,1,0,0,1,0,0,0,0,1,0,0,0
18876.87,27218,6,2,1,1,0,0,0,1,0,0,0,0,1,0,0,0
11115.01,30056,4,4,1,1,1,0,0,1,0,0,0,0,0,1,0,0
11247.86,21427,4,4,1,1,1,0,0,1,0,0,0,0,0,1,0,0
11394.89,25107,4,4,0,1,1,0,0,1,0,0,0,0,0,1,0,0
17115.12,24461,6,4,0,1,1,0,0,1,0,0,0,0,0,1,0,0
18004.87,18771,6,4,0,1,1,0,0,1,0,0,0,0,0,1,0,0
16803.12,25874,6,4,1,1,1,0,0,1,0,0,0,0,0,1,0,0
17312.91,21420,6,4,1,1,1,0,0,1,0,0,0,0,0,0,1,0
11169.92,22380,4,4,0,1,0,0,0,1,0,0,0,0,0,0,1,0
16428.58,9882,4,4,0,1,1,0,0,1,0,0,0,0,0,0,1,0
14191.88,21181,4,4,1,1,1,0,0,1,0,0,0,0,0,0,1,0
10921.95,27776,4,4,1,0,0,0,0,1,0,0,0,0,0,0,1,0
14175.88,21627,4,4,0,1,1,0,0,1,0,0,0,0,0,0,1,0
11615.02,19014,4,4,0,1,1,0,0,1,0,0,0,0,0,0,1,0
16341.8,25394,6,4,0,1,1,0,0,1,0,0,0,0,0,0,1,0
16713.98,26328,6,4,1,1,1,0,0,1,0,0,0,0,0,0,1,0
17173.94,18721,6,4,0,1,1,0,0,1,0,0,0,0,0,1,0,0
17986.22,17488,6,4,0,1,1,0,0,1,0,0,0,0,0,1,0,0
16456.97,20200,6,4,0,1,1,0,0,1,0,0,0,0,0,1,0,0
13600.03,27231,4,2,0,1,0,0,0,0,0,0,1,0,1,0,0,0
15395.01,12920,4,2,1,0,0,0,0,0,0,0,1,0,1,0,0,0
15277.07,16951,4,2,0,1,0,0,0,0,0,0,1,0,1,0,0,0
13032.87,30108,4,2,1,1,1,0,0,0,0,0,1,0,1,0,0,0
14702.8,17656,4,2,1,1,0,0,0,0,0,0,1,0,1,0,0,0
15639.04,8507,4,2,1,0,0,0,0,0,0,0,1,0,1,0,0,0
15327.1,4318,4,4,0,1,1,0,0,0,1,0,0,0,0,0,1,0
20127.04,18419,6,4,1,1,1,0,0,0,1,0,0,0,0,0,1,0
15846.01,5350,4,4,0,1,1,0,0,0,1,0,0,0,0,0,1,0
13162.85,24542,4,4,0,1,1,0,0,0,1,0,0,0,0,0,1,0
18063,27574,6,4,1,0,0,0,0,0,1,0,0,0,0,0,1,0
19751.04,20510,6,4,1,0,1,0,0,0,1,0,0,0,0,0,1,0
23493.08,20453,6,4,1,1,0,1,0,0,0,0,0,0,0,0,1,0
21878.12,23237,6,4,1,1,0,1,0,0,0,0,0,0,0,0,1,0
21698.01,25489,6,4,1,1,1,1,0,0,0,0,0,0,0,0,1,0
16336.91,16342,6,4,1,0,0,1,0,0,0,0,0,0,0,0,1,0
14862.09,24021,6,4,1,0,1,1,0,0,0,0,0,0,0,0,1,0
15230,22576,6,4,1,1,0,1,0,0,0,0,0,0,0,0,1,0
49248.16,6685,8,4,1,0,1,0,1,0,0,0,0,0,0,0,1,0
35129.34,11975,8,4,1,1,1,0,1,0,0,0,0,0,0,0,1,0
44130.62,21341,8,4,1,0,1,0,1,0,0,0,0,0,0,0,1,0
31431.13,11013,6,4,1,1,1,0,1,0,0,0,0,0,0,0,1,0
48365.98,2616,8,4,1,1,1,0,1,0,0,0,0,0,0,0,1,0
43374.05,25199,8,4,1,1,1,0,1,0,0,0,0,0,0,0,1,0
36210.12,21778,6,4,1,0,1,0,1,0,0,0,0,0,0,0,1,0
39072.39,31587,8,4,1,0,1,0,1,0,0,0,0,0,0,0,1,0
35651.68,10555,8,4,1,1,1,0,1,0,0,0,0,0,0,0,1,0
30646.44,17094,6,4,1,1,1,0,1,0,0,0,0,0,0,0,1,0
38795.38,13973,6,4,1,1,1,0,1,0,0,0,0,0,0,0,1,0
35165.76,13449,8,4,1,1,1,0,1,0,0,0,0,0,0,0,1,0
35895.5,23056,6,4,1,1,1,0,1,0,0,0,0,0,0,0,1,0
45061.95,13829,8,4,1,1,1,0,1,0,0,0,0,0,0,0,1,0
28817.08,21039,6,4,1,0,1,0,1,0,0,0,0,0,0,0,1,0
14072.14,15233,4,4,0,1,1,0,0,1,0,0,0,0,0,0,1,0
13436,20530,4,4,0,1,1,0,0,1,0,0,0,0,0,0,1,0
17162.48,15903,6,4,0,1,1,0,0,1,0,0,0,0,0,0,1,0
10546.78,38866,4,4,1,1,1,0,0,1,0,0,0,0,0,0,1,0
13540.04,17343,4,4,0,1,1,0,0,1,0,0,0,0,0,0,1,0
12379.13,31199,4,4,1,1,1,0,0,1,0,0,0,0,0,0,1,0
14429.79,6114,4,4,1,1,1,0,0,1,0,0,0,0,0,0,1,0
13830.25,17594,4,4,0,1,1,0,0,1,0,0,0,0,0,0,1,0
12257.16,21492,4,4,1,1,1,0,0,1,0,0,0,0,0,0,1,0
18727.51,14054,6,4,1,1,1,0,0,1,0,0,0,0,0,0,1,0
15623.92,21272,6,4,1,1,1,0,0,1,0,0,0,0,0,0,1,0
16507.07,17451,6,4,0,1,1,0,0,1,0,0,0,0,0,0,1,0
11464.63,29410,4,4,1,1,1,0,0,1,0,0,0,0,0,0,1,0
16805.06,19498,6,4,1,0,0,0,0,1,0,0,0,0,0,0,1,0
15832.52,31202,6,4,1,1,1,0,0,1,0,0,0,0,0,0,1,0
16853.11,17959,6,4,1,0,0,0,0,0,1,0,0,0,0,0,1,0
16516.96,20751,6,4,1,1,1,0,0,0,1,0,0,0,0,0,1,0
15792.83,41566,6,4,1,1,1,0,0,0,1,0,0,0,0,0,1,0
18548.98,20870,6,4,1,0,0,0,0,0,1,0,0,0,0,0,1,0
17023.94,30404,6,4,1,0,0,0,0,0,1,0,0,0,0,0,1,0
15967.25,25598,6,4,1,0,0,0,0,0,1,0,0,0,0,0,1,0
12293.06,17139,4,4,1,0,1,0,0,0,0,0,1,0,0,0,1,0
11504.82,33962,4,4,0,0,0,0,0,0,0,0,1,0,0,0,1,0
11873.53,28398,4,4,0,0,0,0,0,0,0,0,1,0,0,0,1,0
14568,18511,4,4,0,1,1,0,0,0,0,0,1,0,0,0,1,0
13998.13,18257,4,4,0,1,1,0,0,0,0,0,1,0,0,0,1,0
13258.37,14938,4,4,1,1,1,0,0,0,0,0,1,0,0,0,1,0
11413.53,32619,4,4,1,0,1,0,0,0,0,0,1,0,0,0,1,0
15194.98,12412,4,4,0,0,1,0,0,0,0,0,1,0,0,0,1,0
19689.74,27077,6,4,1,1,0,0,0,0,1,0,0,0,0,0,1,0
22460.53,8928,6,4,1,0,1,0,0,0,1,0,0,0,0,0,1,0
19338.38,27966,6,4,1,0,1,0,0,0,1,0,0,0,0,0,1,0
26831.19,4695,6,4,1,1,0,1,0,0,0,0,0,0,0,0,1,0
25508.21,17480,6,4,1,1,0,1,0,0,0,0,0,0,0,0,1,0
23406.69,25387,6,4,1,0,1,1,0,0,0,0,0,0,0,0,1,0
17214.33,12610,4,4,1,1,1,0,0,0,1,0,0,0,0,0,0,1
14853.2,24270,4,4,0,0,0,0,0,0,1,0,0,0,0,0,0,1
14398.92,21688,4,4,0,0,0,0,0,0,1,0,0,0,0,0,0,1
20221.81,26223,6,2,1,1,1,0,0,1,0,0,0,0,1,0,0,0
20382.15,25240,6,2,1,1,1,0,0,1,0,0,0,0,1,0,0,0
22113.63,21992,6,2,1,1,0,0,0,1,0,0,0,0,1,0,0,0
25097.47,14461,6,4,1,1,1,0,0,1,0,0,0,0,0,0,1,0
22120.76,28242,6,4,1,1,1,0,0,1,0,0,0,0,0,0,1,0
23345.33,22964,6,4,1,1,1,0,0,1,0,0,0,0,0,0,1,0
11167.86,4716,4,4,1,1,0,0,0,1,0,0,0,0,0,1,0,0
10813.34,266,4,4,1,0,1,0,0,1,0,0,0,0,0,1,0,0
9720.98,20836,4,4,1,1,0,0,0,1,0,0,0,0,0,1,0,0
9482.22,24842,4,4,1,0,0,0,0,1,0,0,0,0,0,0,1,0
9563.79,19273,4,4,1,1,0,0,0,1,0,0,0,0,0,0,1,0
9665.85,19565,4,4,0,1,1,0,0,1,0,0,0,0,0,0,1,0
